â•â•â•â•â•â•â•â•â•â•â•â•â•â•â•â•â•â•â•â•â•â•â•â•â•â•â•â•â•â•â•â•â•â•â•â•â•â•â•
EVENTUS INSPECTOR
â•â•â•â•â•â•â•â•â•â•â•â•â•â•â•â•â•â•â•â•â•â•â•â•â•â•â•â•â•â•â•â•â•â•â•â•â•â•â•
Via: data/combinado.log

Numerus eventorum: 4661

â”€â”€â”€â”€â”€â”€â”€â”€â”€â”€â”€â”€â”€â”€â”€â”€â”€â”€â”€â”€â”€â”€â”€â”€â”€â”€â”€â”€â”€â”€â”€â”€â”€â”€â”€â”€â”€â”€â”€â”€â”€
[   0] CREARE_ENTITAS       39d906fc-e941-57d5-8a38-d18b907ec176 (Root)
[   1] PONERE_PROPRIETAS    39d906fc-e941-57d5-8a38-d18b907ec176 (Root) titulus=system
[   2] CREARE_ENTITAS       167e9336-d4ab-56fc-b024-bd7fbd18e91c (Genus)
[   3] PONERE_PROPRIETAS    167e9336-d4ab-56fc-b024-bd7fbd18e91c (Genus) name=Genus
[   4] CREARE_ENTITAS       b1e3157f-20ed-5eac-8641-04a513d02939 (Genus)
[   5] PONERE_PROPRIETAS    b1e3157f-20ed-5eac-8641-04a513d02939 (Genus) name=Root
[   6] ADDERE_RELATIO       167e9336-d4ab-56fc-b024-bd7fbd18e91c (Genus) --[contains]--> b1e3157f-20ed-5eac-8641-04a513d02939
[   7] ADDERE_RELATIO       39d906fc-e941-57d5-8a38-d18b907ec176 (Root) --[est]--> b1e3157f-20ed-5eac-8641-04a513d02939
[   8] PONERE_PROPRIETAS    39d906fc-e941-57d5-8a38-d18b907ec176 (Root) name=System Root
[   9] PONERE_PROPRIETAS    39d906fc-e941-57d5-8a38-d18b907ec176 (Root) description=Root of the entity graph
[  10] ADDERE_NOTA          39d906fc-e941-57d5-8a38-d18b907ec176 (Root) ##root
[  11] CREARE_ENTITAS       b198342c-4a26-5df2-83fe-d0d55f81de46 (Page)
[  12] PONERE_PROPRIETAS    b198342c-4a26-5df2-83fe-d0d55f81de46 (Page) titulus=introduction
[  13] CREARE_ENTITAS       148107a2-24ef-53dc-966d-9af387f4438c (Genus)
[  14] PONERE_PROPRIETAS    148107a2-24ef-53dc-966d-9af387f4438c (Genus) name=Page
[  15] ADDERE_RELATIO       167e9336-d4ab-56fc-b024-bd7fbd18e91c (Genus) --[contains]--> 148107a2-24ef-53dc-966d-9af387f4438c
[  16] ADDERE_RELATIO       b198342c-4a26-5df2-83fe-d0d55f81de46 (Page) --[est]--> 148107a2-24ef-53dc-966d-9af387f4438c
[  17] PONERE_PROPRIETAS    b198342c-4a26-5df2-83fe-d0d55f81de46 (Page) name=Introduction
[  18] PONERE_PROPRIETAS    b198342c-4a26-5df2-83fe-d0d55f81de46 (Page) content=Welcome to the entity navigator
[  19] PONERE_PROPRIETAS    b198342c-4a26-5df2-83fe-d0d55f81de46 (Page) author=Fran
[  20] CREARE_ENTITAS       ba734a27-3653-50fc-8ca8-b80253c203f9 (Page)
[  21] PONERE_PROPRIETAS    ba734a27-3653-50fc-8ca8-b80253c203f9 (Page) titulus=getting-started
[  22] ADDERE_RELATIO       ba734a27-3653-50fc-8ca8-b80253c203f9 (Page) --[est]--> 148107a2-24ef-53dc-966d-9af387f4438c
[  23] PONERE_PROPRIETAS    ba734a27-3653-50fc-8ca8-b80253c203f9 (Page) name=Getting Started
[  24] PONERE_PROPRIETAS    ba734a27-3653-50fc-8ca8-b80253c203f9 (Page) content=Use j/k to navigate, l to enter, h to go back
[  25] CREARE_ENTITAS       a4ddc11a-2bb6-56b7-8b59-117c4944c533 (Page)
[  26] PONERE_PROPRIETAS    a4ddc11a-2bb6-56b7-8b59-117c4944c533 (Page) titulus=navigation
[  27] ADDERE_RELATIO       a4ddc11a-2bb6-56b7-8b59-117c4944c533 (Page) --[est]--> 148107a2-24ef-53dc-966d-9af387f4438c
[  28] PONERE_PROPRIETAS    a4ddc11a-2bb6-56b7-8b59-117c4944c533 (Page) name=Navigation
[  29] PONERE_PROPRIETAS    a4ddc11a-2bb6-56b7-8b59-117c4944c533 (Page) content=The graph structure allows bidirectional traversal
[  30] CREARE_ENTITAS       180ed171-bba9-5a8f-941d-6f0bb5007de3 (Note)
[  31] PONERE_PROPRIETAS    180ed171-bba9-5a8f-941d-6f0bb5007de3 (Note) titulus=important
[  32] CREARE_ENTITAS       df058dd6-af5e-5973-ad84-666a7d65b527 (Genus)
[  33] PONERE_PROPRIETAS    df058dd6-af5e-5973-ad84-666a7d65b527 (Genus) name=Note
[  34] ADDERE_RELATIO       167e9336-d4ab-56fc-b024-bd7fbd18e91c (Genus) --[contains]--> df058dd6-af5e-5973-ad84-666a7d65b527
[  35] ADDERE_RELATIO       180ed171-bba9-5a8f-941d-6f0bb5007de3 (Note) --[est]--> df058dd6-af5e-5973-ad84-666a7d65b527
[  36] PONERE_PROPRIETAS    180ed171-bba9-5a8f-941d-6f0bb5007de3 (Note) name=Important
[  37] PONERE_PROPRIETAS    180ed171-bba9-5a8f-941d-6f0bb5007de3 (Note) text=Remember to test thoroughly
[  38] CREARE_ENTITAS       62d95a03-03f3-5198-9396-2269e578f0e5 (Application-State::Widget)
[  39] PONERE_PROPRIETAS    62d95a03-03f3-5198-9396-2269e578f0e5 (Application-State::Widget) titulus=editor-widget
[  40] CREARE_ENTITAS       709db47a-8a23-5712-bbd6-b0224df4153e (Genus)
[  41] PONERE_PROPRIETAS    709db47a-8a23-5712-bbd6-b0224df4153e (Genus) name=Widget
[  42] CREARE_ENTITAS       c1a1e021-665f-57fd-99b5-13c1eb9e5111 (Genus)
[  43] PONERE_PROPRIETAS    c1a1e021-665f-57fd-99b5-13c1eb9e5111 (Genus) name=Application-State
[  44] ADDERE_RELATIO       167e9336-d4ab-56fc-b024-bd7fbd18e91c (Genus) --[contains]--> c1a1e021-665f-57fd-99b5-13c1eb9e5111
[  45] ADDERE_RELATIO       c1a1e021-665f-57fd-99b5-13c1eb9e5111 (Genus) --[contains]--> 709db47a-8a23-5712-bbd6-b0224df4153e
[  46] ADDERE_RELATIO       62d95a03-03f3-5198-9396-2269e578f0e5 (Application-State::Widget) --[est]--> 709db47a-8a23-5712-bbd6-b0224df4153e
[  47] PONERE_PROPRIETAS    62d95a03-03f3-5198-9396-2269e578f0e5 (Application-State::Widget) name=Editor Widget
[  48] CREARE_ENTITAS       68564139-b35e-57a4-a714-98dfee9e22bb (TypusSemanticus)
[  49] PONERE_PROPRIETAS    68564139-b35e-57a4-a714-98dfee9e22bb (TypusSemanticus) titulus=WidgetType
[  50] CREARE_ENTITAS       19ff40aa-f411-5a40-b227-9ffbdde114dc (Genus)
[  51] PONERE_PROPRIETAS    19ff40aa-f411-5a40-b227-9ffbdde114dc (Genus) name=TypusSemanticus
[  52] ADDERE_RELATIO       167e9336-d4ab-56fc-b024-bd7fbd18e91c (Genus) --[contains]--> 19ff40aa-f411-5a40-b227-9ffbdde114dc
[  53] ADDERE_RELATIO       68564139-b35e-57a4-a714-98dfee9e22bb (TypusSemanticus) --[est]--> 19ff40aa-f411-5a40-b227-9ffbdde114dc
[  54] PONERE_PROPRIETAS    68564139-b35e-57a4-a714-98dfee9e22bb (TypusSemanticus) typus_literalis=chorda
[  55] PONERE_PROPRIETAS    68564139-b35e-57a4-a714-98dfee9e22bb (TypusSemanticus) name=WidgetType
[  56] CREARE_ENTITAS       019add57-9434-7c96-b308-14e5b705c891 (ProprietasDefinitio)
[  57] CREARE_ENTITAS       6544f944-25ab-5a2a-b3b9-55b6db6b5e45 (Genus)
[  58] PONERE_PROPRIETAS    6544f944-25ab-5a2a-b3b9-55b6db6b5e45 (Genus) name=ProprietasDefinitio
[  59] ADDERE_RELATIO       167e9336-d4ab-56fc-b024-bd7fbd18e91c (Genus) --[contains]--> 6544f944-25ab-5a2a-b3b9-55b6db6b5e45
[  60] ADDERE_RELATIO       019add57-9434-7c96-b308-14e5b705c891 (ProprietasDefinitio) --[est]--> 6544f944-25ab-5a2a-b3b9-55b6db6b5e45
[  61] PONERE_PROPRIETAS    019add57-9434-7c96-b308-14e5b705c891 (ProprietasDefinitio) entitas_genus=Application-State::Widget
[  62] PONERE_PROPRIETAS    019add57-9434-7c96-b308-14e5b705c891 (ProprietasDefinitio) name=type
[  63] ADDERE_RELATIO       019add57-9434-7c96-b308-14e5b705c891 (ProprietasDefinitio) --[est]--> 68564139-b35e-57a4-a714-98dfee9e22bb
[  64] ADDERE_RELATIO       709db47a-8a23-5712-bbd6-b0224df4153e (Genus) --[habet_typum]--> 019add57-9434-7c96-b308-14e5b705c891
[  65] PONERE_PROPRIETAS    62d95a03-03f3-5198-9396-2269e578f0e5 (Application-State::Widget) type=text-area
[  66] CREARE_ENTITAS       899f6bbf-26fe-58b6-a635-700f83fff44f (TypusSemanticus)
[  67] PONERE_PROPRIETAS    899f6bbf-26fe-58b6-a635-700f83fff44f (TypusSemanticus) titulus=Coordinate
[  68] ADDERE_RELATIO       899f6bbf-26fe-58b6-a635-700f83fff44f (TypusSemanticus) --[est]--> 19ff40aa-f411-5a40-b227-9ffbdde114dc
[  69] PONERE_PROPRIETAS    899f6bbf-26fe-58b6-a635-700f83fff44f (TypusSemanticus) typus_literalis=s32
[  70] PONERE_PROPRIETAS    899f6bbf-26fe-58b6-a635-700f83fff44f (TypusSemanticus) name=Coordinate
[  71] CREARE_ENTITAS       019add57-9434-7794-822d-7db687fc7d7d (ProprietasDefinitio)
[  72] ADDERE_RELATIO       019add57-9434-7794-822d-7db687fc7d7d (ProprietasDefinitio) --[est]--> 6544f944-25ab-5a2a-b3b9-55b6db6b5e45
[  73] PONERE_PROPRIETAS    019add57-9434-7794-822d-7db687fc7d7d (ProprietasDefinitio) entitas_genus=Application-State::Widget
[  74] PONERE_PROPRIETAS    019add57-9434-7794-822d-7db687fc7d7d (ProprietasDefinitio) name=x
[  75] ADDERE_RELATIO       019add57-9434-7794-822d-7db687fc7d7d (ProprietasDefinitio) --[est]--> 899f6bbf-26fe-58b6-a635-700f83fff44f
[  76] ADDERE_RELATIO       709db47a-8a23-5712-bbd6-b0224df4153e (Genus) --[habet_typum]--> 019add57-9434-7794-822d-7db687fc7d7d
[  77] PONERE_PROPRIETAS    62d95a03-03f3-5198-9396-2269e578f0e5 (Application-State::Widget) x=0
[  78] CREARE_ENTITAS       019add57-9434-7637-9350-7cc11a5f3666 (ProprietasDefinitio)
[  79] ADDERE_RELATIO       019add57-9434-7637-9350-7cc11a5f3666 (ProprietasDefinitio) --[est]--> 6544f944-25ab-5a2a-b3b9-55b6db6b5e45
[  80] PONERE_PROPRIETAS    019add57-9434-7637-9350-7cc11a5f3666 (ProprietasDefinitio) entitas_genus=Application-State::Widget
[  81] PONERE_PROPRIETAS    019add57-9434-7637-9350-7cc11a5f3666 (ProprietasDefinitio) name=y
[  82] ADDERE_RELATIO       019add57-9434-7637-9350-7cc11a5f3666 (ProprietasDefinitio) --[est]--> 899f6bbf-26fe-58b6-a635-700f83fff44f
[  83] ADDERE_RELATIO       709db47a-8a23-5712-bbd6-b0224df4153e (Genus) --[habet_typum]--> 019add57-9434-7637-9350-7cc11a5f3666
[  84] PONERE_PROPRIETAS    62d95a03-03f3-5198-9396-2269e578f0e5 (Application-State::Widget) y=0
[  85] CREARE_ENTITAS       904d0ad7-ce3d-59af-841c-92b9ca7f297a (TypusSemanticus)
[  86] PONERE_PROPRIETAS    904d0ad7-ce3d-59af-841c-92b9ca7f297a (TypusSemanticus) titulus=Dimension
[  87] ADDERE_RELATIO       904d0ad7-ce3d-59af-841c-92b9ca7f297a (TypusSemanticus) --[est]--> 19ff40aa-f411-5a40-b227-9ffbdde114dc
[  88] PONERE_PROPRIETAS    904d0ad7-ce3d-59af-841c-92b9ca7f297a (TypusSemanticus) typus_literalis=s32
[  89] PONERE_PROPRIETAS    904d0ad7-ce3d-59af-841c-92b9ca7f297a (TypusSemanticus) name=Dimension
[  90] CREARE_ENTITAS       019add57-9434-72ec-a78b-710f2e12e060 (ProprietasDefinitio)
[  91] ADDERE_RELATIO       019add57-9434-72ec-a78b-710f2e12e060 (ProprietasDefinitio) --[est]--> 6544f944-25ab-5a2a-b3b9-55b6db6b5e45
[  92] PONERE_PROPRIETAS    019add57-9434-72ec-a78b-710f2e12e060 (ProprietasDefinitio) entitas_genus=Application-State::Widget
[  93] PONERE_PROPRIETAS    019add57-9434-72ec-a78b-710f2e12e060 (ProprietasDefinitio) name=width
[  94] ADDERE_RELATIO       019add57-9434-72ec-a78b-710f2e12e060 (ProprietasDefinitio) --[est]--> 904d0ad7-ce3d-59af-841c-92b9ca7f297a
[  95] ADDERE_RELATIO       709db47a-8a23-5712-bbd6-b0224df4153e (Genus) --[habet_typum]--> 019add57-9434-72ec-a78b-710f2e12e060
[  96] PONERE_PROPRIETAS    62d95a03-03f3-5198-9396-2269e578f0e5 (Application-State::Widget) width=71
[  97] CREARE_ENTITAS       019add57-9435-77a2-92f7-de7b7eb0d234 (ProprietasDefinitio)
[  98] ADDERE_RELATIO       019add57-9435-77a2-92f7-de7b7eb0d234 (ProprietasDefinitio) --[est]--> 6544f944-25ab-5a2a-b3b9-55b6db6b5e45
[  99] PONERE_PROPRIETAS    019add57-9435-77a2-92f7-de7b7eb0d234 (ProprietasDefinitio) entitas_genus=Application-State::Widget
[ 100] PONERE_PROPRIETAS    019add57-9435-77a2-92f7-de7b7eb0d234 (ProprietasDefinitio) name=height
[ 101] ADDERE_RELATIO       019add57-9435-77a2-92f7-de7b7eb0d234 (ProprietasDefinitio) --[est]--> 904d0ad7-ce3d-59af-841c-92b9ca7f297a
[ 102] ADDERE_RELATIO       709db47a-8a23-5712-bbd6-b0224df4153e (Genus) --[habet_typum]--> 019add57-9435-77a2-92f7-de7b7eb0d234
[ 103] PONERE_PROPRIETAS    62d95a03-03f3-5198-9396-2269e578f0e5 (Application-State::Widget) height=60
[ 104] CREARE_ENTITAS       7e94a7cf-2fa7-5328-842e-167e7287234d (Application-State::Widget)
[ 105] PONERE_PROPRIETAS    7e94a7cf-2fa7-5328-842e-167e7287234d (Application-State::Widget) titulus=nav-widget
[ 106] ADDERE_RELATIO       7e94a7cf-2fa7-5328-842e-167e7287234d (Application-State::Widget) --[est]--> 709db47a-8a23-5712-bbd6-b0224df4153e
[ 107] PONERE_PROPRIETAS    7e94a7cf-2fa7-5328-842e-167e7287234d (Application-State::Widget) name=Navigator Widget
[ 108] PONERE_PROPRIETAS    7e94a7cf-2fa7-5328-842e-167e7287234d (Application-State::Widget) type=entity-browser
[ 109] PONERE_PROPRIETAS    7e94a7cf-2fa7-5328-842e-167e7287234d (Application-State::Widget) x=71
[ 110] PONERE_PROPRIETAS    7e94a7cf-2fa7-5328-842e-167e7287234d (Application-State::Widget) y=0
[ 111] PONERE_PROPRIETAS    7e94a7cf-2fa7-5328-842e-167e7287234d (Application-State::Widget) width=71
[ 112] PONERE_PROPRIETAS    7e94a7cf-2fa7-5328-842e-167e7287234d (Application-State::Widget) height=60
[ 113] CREARE_ENTITAS       b5a16a26-870f-580d-9349-e166784b4512 (Application-State::Settings)
[ 114] PONERE_PROPRIETAS    b5a16a26-870f-580d-9349-e166784b4512 (Application-State::Settings) titulus=theme
[ 115] CREARE_ENTITAS       6964634b-08fd-5d06-a22e-692970221247 (Genus)
[ 116] PONERE_PROPRIETAS    6964634b-08fd-5d06-a22e-692970221247 (Genus) name=Settings
[ 117] ADDERE_RELATIO       c1a1e021-665f-57fd-99b5-13c1eb9e5111 (Genus) --[contains]--> 6964634b-08fd-5d06-a22e-692970221247
[ 118] ADDERE_RELATIO       b5a16a26-870f-580d-9349-e166784b4512 (Application-State::Settings) --[est]--> 6964634b-08fd-5d06-a22e-692970221247
[ 119] PONERE_PROPRIETAS    b5a16a26-870f-580d-9349-e166784b4512 (Application-State::Settings) name=Theme Settings
[ 120] CREARE_ENTITAS       758d89e5-fa8d-52a2-8235-b55d5dcab405 (TypusSemanticus)
[ 121] PONERE_PROPRIETAS    758d89e5-fa8d-52a2-8235-b55d5dcab405 (TypusSemanticus) titulus=Boolean
[ 122] ADDERE_RELATIO       758d89e5-fa8d-52a2-8235-b55d5dcab405 (TypusSemanticus) --[est]--> 19ff40aa-f411-5a40-b227-9ffbdde114dc
[ 123] PONERE_PROPRIETAS    758d89e5-fa8d-52a2-8235-b55d5dcab405 (TypusSemanticus) typus_literalis=b32
[ 124] PONERE_PROPRIETAS    758d89e5-fa8d-52a2-8235-b55d5dcab405 (TypusSemanticus) name=Boolean
[ 125] CREARE_ENTITAS       019add57-9435-773f-b4d5-bcd1bcc5b0db (ProprietasDefinitio)
[ 126] ADDERE_RELATIO       019add57-9435-773f-b4d5-bcd1bcc5b0db (ProprietasDefinitio) --[est]--> 6544f944-25ab-5a2a-b3b9-55b6db6b5e45
[ 127] PONERE_PROPRIETAS    019add57-9435-773f-b4d5-bcd1bcc5b0db (ProprietasDefinitio) entitas_genus=Application-State::Settings
[ 128] PONERE_PROPRIETAS    019add57-9435-773f-b4d5-bcd1bcc5b0db (ProprietasDefinitio) name=dark-mode
[ 129] ADDERE_RELATIO       019add57-9435-773f-b4d5-bcd1bcc5b0db (ProprietasDefinitio) --[est]--> 758d89e5-fa8d-52a2-8235-b55d5dcab405
[ 130] ADDERE_RELATIO       6964634b-08fd-5d06-a22e-692970221247 (Genus) --[habet_typum]--> 019add57-9435-773f-b4d5-bcd1bcc5b0db
[ 131] PONERE_PROPRIETAS    b5a16a26-870f-580d-9349-e166784b4512 (Application-State::Settings) dark-mode=true
[ 132] CREARE_ENTITAS       f5345eeb-09dc-56a5-b22e-ef870e236a06 (Content::Document::Article)
[ 133] PONERE_PROPRIETAS    f5345eeb-09dc-56a5-b22e-ef870e236a06 (Content::Document::Article) titulus=first-post
[ 134] CREARE_ENTITAS       dd3da7a2-cb02-557e-9e44-8e8360109148 (Genus)
[ 135] PONERE_PROPRIETAS    dd3da7a2-cb02-557e-9e44-8e8360109148 (Genus) name=Article
[ 136] CREARE_ENTITAS       2c5c23d7-2d35-5397-a62d-1793c71c92da (Genus)
[ 137] PONERE_PROPRIETAS    2c5c23d7-2d35-5397-a62d-1793c71c92da (Genus) name=Content
[ 138] ADDERE_RELATIO       167e9336-d4ab-56fc-b024-bd7fbd18e91c (Genus) --[contains]--> 2c5c23d7-2d35-5397-a62d-1793c71c92da
[ 139] CREARE_ENTITAS       adea0df8-84ad-5881-95b5-d7b20b48f8a5 (Genus)
[ 140] PONERE_PROPRIETAS    adea0df8-84ad-5881-95b5-d7b20b48f8a5 (Genus) name=Document
[ 141] ADDERE_RELATIO       2c5c23d7-2d35-5397-a62d-1793c71c92da (Genus) --[contains]--> adea0df8-84ad-5881-95b5-d7b20b48f8a5
[ 142] ADDERE_RELATIO       adea0df8-84ad-5881-95b5-d7b20b48f8a5 (Genus) --[contains]--> dd3da7a2-cb02-557e-9e44-8e8360109148
[ 143] ADDERE_RELATIO       f5345eeb-09dc-56a5-b22e-ef870e236a06 (Content::Document::Article) --[est]--> dd3da7a2-cb02-557e-9e44-8e8360109148
[ 144] PONERE_PROPRIETAS    f5345eeb-09dc-56a5-b22e-ef870e236a06 (Content::Document::Article) title=First Article
[ 145] CREARE_ENTITAS       88ac99f5-5b1b-5283-a3fa-687c8532296a (TypusSemanticus)
[ 146] PONERE_PROPRIETAS    88ac99f5-5b1b-5283-a3fa-687c8532296a (TypusSemanticus) titulus=Date
[ 147] ADDERE_RELATIO       88ac99f5-5b1b-5283-a3fa-687c8532296a (TypusSemanticus) --[est]--> 19ff40aa-f411-5a40-b227-9ffbdde114dc
[ 148] PONERE_PROPRIETAS    88ac99f5-5b1b-5283-a3fa-687c8532296a (TypusSemanticus) typus_literalis=chorda
[ 149] PONERE_PROPRIETAS    88ac99f5-5b1b-5283-a3fa-687c8532296a (TypusSemanticus) name=Date
[ 150] CREARE_ENTITAS       019add57-9435-75ab-b388-281ac902d933 (ProprietasDefinitio)
[ 151] ADDERE_RELATIO       019add57-9435-75ab-b388-281ac902d933 (ProprietasDefinitio) --[est]--> 6544f944-25ab-5a2a-b3b9-55b6db6b5e45
[ 152] PONERE_PROPRIETAS    019add57-9435-75ab-b388-281ac902d933 (ProprietasDefinitio) entitas_genus=Content::Document::Article
[ 153] PONERE_PROPRIETAS    019add57-9435-75ab-b388-281ac902d933 (ProprietasDefinitio) name=published
[ 154] ADDERE_RELATIO       019add57-9435-75ab-b388-281ac902d933 (ProprietasDefinitio) --[est]--> 88ac99f5-5b1b-5283-a3fa-687c8532296a
[ 155] ADDERE_RELATIO       dd3da7a2-cb02-557e-9e44-8e8360109148 (Genus) --[habet_typum]--> 019add57-9435-75ab-b388-281ac902d933
[ 156] PONERE_PROPRIETAS    f5345eeb-09dc-56a5-b22e-ef870e236a06 (Content::Document::Article) published=2025-01-15
[ 157] CREARE_ENTITAS       6c473fe0-8872-513a-ac1a-09d44431d0da (Content::Document::Article)
[ 158] PONERE_PROPRIETAS    6c473fe0-8872-513a-ac1a-09d44431d0da (Content::Document::Article) titulus=second-post
[ 159] ADDERE_RELATIO       6c473fe0-8872-513a-ac1a-09d44431d0da (Content::Document::Article) --[est]--> dd3da7a2-cb02-557e-9e44-8e8360109148
[ 160] PONERE_PROPRIETAS    6c473fe0-8872-513a-ac1a-09d44431d0da (Content::Document::Article) title=Second Article
[ 161] PONERE_PROPRIETAS    6c473fe0-8872-513a-ac1a-09d44431d0da (Content::Document::Article) published=2025-02-20
[ 162] CREARE_ENTITAS       a1317f54-52c1-5973-a06f-2fff30cfe82b (Content::Document::Note)
[ 163] PONERE_PROPRIETAS    a1317f54-52c1-5973-a06f-2fff30cfe82b (Content::Document::Note) titulus=meeting-notes
[ 164] CREARE_ENTITAS       d1451453-6750-5dd4-bd48-36b4ccb0d657 (Genus)
[ 165] PONERE_PROPRIETAS    d1451453-6750-5dd4-bd48-36b4ccb0d657 (Genus) name=Note
[ 166] ADDERE_RELATIO       adea0df8-84ad-5881-95b5-d7b20b48f8a5 (Genus) --[contains]--> d1451453-6750-5dd4-bd48-36b4ccb0d657
[ 167] ADDERE_RELATIO       a1317f54-52c1-5973-a06f-2fff30cfe82b (Content::Document::Note) --[est]--> d1451453-6750-5dd4-bd48-36b4ccb0d657
[ 168] PONERE_PROPRIETAS    a1317f54-52c1-5973-a06f-2fff30cfe82b (Content::Document::Note) title=Meeting Notes
[ 169] PONERE_PROPRIETAS    a1317f54-52c1-5973-a06f-2fff30cfe82b (Content::Document::Note) date=2025-03-01
[ 170] CREARE_ENTITAS       e9d5266d-85a7-5156-9101-17c58928fe47 (Content::Media)
[ 171] PONERE_PROPRIETAS    e9d5266d-85a7-5156-9101-17c58928fe47 (Content::Media) titulus=logo
[ 172] CREARE_ENTITAS       8e0e602f-b680-5baa-b165-ccdc3734d420 (Genus)
[ 173] PONERE_PROPRIETAS    8e0e602f-b680-5baa-b165-ccdc3734d420 (Genus) name=Media
[ 174] ADDERE_RELATIO       2c5c23d7-2d35-5397-a62d-1793c71c92da (Genus) --[contains]--> 8e0e602f-b680-5baa-b165-ccdc3734d420
[ 175] ADDERE_RELATIO       e9d5266d-85a7-5156-9101-17c58928fe47 (Content::Media) --[est]--> 8e0e602f-b680-5baa-b165-ccdc3734d420
[ 176] PONERE_PROPRIETAS    e9d5266d-85a7-5156-9101-17c58928fe47 (Content::Media) name=Application Logo
[ 177] PONERE_PROPRIETAS    e9d5266d-85a7-5156-9101-17c58928fe47 (Content::Media) format=png
[ 178] ADDERE_RELATIO       39d906fc-e941-57d5-8a38-d18b907ec176 (Root) --[pages]--> b198342c-4a26-5df2-83fe-d0d55f81de46
[ 179] ADDERE_RELATIO       39d906fc-e941-57d5-8a38-d18b907ec176 (Root) --[pages]--> ba734a27-3653-50fc-8ca8-b80253c203f9
[ 180] ADDERE_RELATIO       39d906fc-e941-57d5-8a38-d18b907ec176 (Root) --[pages]--> a4ddc11a-2bb6-56b7-8b59-117c4944c533
[ 181] ADDERE_RELATIO       39d906fc-e941-57d5-8a38-d18b907ec176 (Root) --[notes]--> 180ed171-bba9-5a8f-941d-6f0bb5007de3
[ 182] ADDERE_RELATIO       b198342c-4a26-5df2-83fe-d0d55f81de46 (Page) --[next]--> ba734a27-3653-50fc-8ca8-b80253c203f9
[ 183] ADDERE_RELATIO       b198342c-4a26-5df2-83fe-d0d55f81de46 (Page) --[references]--> 180ed171-bba9-5a8f-941d-6f0bb5007de3
[ 184] ADDERE_RELATIO       ba734a27-3653-50fc-8ca8-b80253c203f9 (Page) --[prev]--> b198342c-4a26-5df2-83fe-d0d55f81de46
[ 185] ADDERE_RELATIO       ba734a27-3653-50fc-8ca8-b80253c203f9 (Page) --[next]--> a4ddc11a-2bb6-56b7-8b59-117c4944c533
[ 186] ADDERE_RELATIO       a4ddc11a-2bb6-56b7-8b59-117c4944c533 (Page) --[prev]--> ba734a27-3653-50fc-8ca8-b80253c203f9
[ 187] ADDERE_RELATIO       39d906fc-e941-57d5-8a38-d18b907ec176 (Root) --[contains]--> 167e9336-d4ab-56fc-b024-bd7fbd18e91c
[ 188] CREARE_ENTITAS       f05108f6-592c-50a1-9ef5-f108725d749a (LibroPagina)
[ 189] PONERE_PROPRIETAS    f05108f6-592c-50a1-9ef5-f108725d749a (LibroPagina) titulus=pagina-0
[ 190] CREARE_ENTITAS       f5fd3e63-c2cc-5256-a514-4b7764478f6d (Genus)
[ 191] PONERE_PROPRIETAS    f5fd3e63-c2cc-5256-a514-4b7764478f6d (Genus) name=LibroPagina
[ 192] ADDERE_RELATIO       167e9336-d4ab-56fc-b024-bd7fbd18e91c (Genus) --[contains]--> f5fd3e63-c2cc-5256-a514-4b7764478f6d
[ 193] ADDERE_RELATIO       f05108f6-592c-50a1-9ef5-f108725d749a (LibroPagina) --[est]--> f5fd3e63-c2cc-5256-a514-4b7764478f6d
[ 194] ADDERE_NOTA          f05108f6-592c-50a1-9ef5-f108725d749a (LibroPagina) ##LibroPagina
[ 195] PONERE_PROPRIETAS    f05108f6-592c-50a1-9ef5-f108725d749a (LibroPagina) ordo=0
[ 196] PONERE_PROPRIETAS    f05108f6-592c-50a1-9ef5-f108725d749a (LibroPagina) name=pagina-0
[ 197] PONERE_PROPRIETAS    f05108f6-592c-50a1-9ef5-f108725d749a (LibroPagina) contentum=LibroPaginarum Demo - Multi-Page Editor

Navigatio...
[ 198] PONERE_PROPRIETAS    f05108f6-592c-50a1-9ef5-f108725d749a (LibroPagina) contentum=LibroPaginarum Demo - Multi-Page Editor

Navigatio...
[ 199] CREARE_ENTITAS       b86df97e-fe5f-5e8f-836d-33fcbb74d366 (LibroPagina)
[ 200] PONERE_PROPRIETAS    b86df97e-fe5f-5e8f-836d-33fcbb74d366 (LibroPagina) titulus=pagina-1
[ 201] ADDERE_RELATIO       b86df97e-fe5f-5e8f-836d-33fcbb74d366 (LibroPagina) --[est]--> f5fd3e63-c2cc-5256-a514-4b7764478f6d
[ 202] ADDERE_NOTA          b86df97e-fe5f-5e8f-836d-33fcbb74d366 (LibroPagina) ##LibroPagina
[ 203] PONERE_PROPRIETAS    b86df97e-fe5f-5e8f-836d-33fcbb74d366 (LibroPagina) ordo=1
[ 204] PONERE_PROPRIETAS    b86df97e-fe5f-5e8f-836d-33fcbb74d366 (LibroPagina) name=pagina-1
[ 205] PONERE_PROPRIETAS    b86df97e-fe5f-5e8f-836d-33fcbb74d366 (LibroPagina) contentum=

















































...
[ 206] PONERE_PROPRIETAS    b86df97e-fe5f-5e8f-836d-33fcbb74d366 (LibroPagina) name=todo
[ 207] PONERE_PROPRIETAS    b86df97e-fe5f-5e8f-836d-33fcbb74d366 (LibroPagina) titulus=todo
[ 208] PONERE_PROPRIETAS    b86df97e-fe5f-5e8f-836d-33fcbb74d366 (LibroPagina) contentum=



	 	 	 	 	 	 	 	 $rename todo

















...
[ 209] PONERE_PROPRIETAS    b86df97e-fe5f-5e8f-836d-33fcbb74d366 (LibroPagina) contentum=



	 	 	 	 	 	 	 	 
	 	 	 	 	 	 	 	 
	 	 	 	 	 	 ...
[ 210] PONERE_PROPRIETAS    b86df97e-fe5f-5e8f-836d-33fcbb74d366 (LibroPagina) contentum=



	 	 	 	 	 	 	 	
	 	 	 	 	 	 	 	
	 	 	 	 	 	 	 ...
[ 211] CREARE_ENTITAS       37061125-965c-5c9f-886b-66b7982e80e0 (LibroPagina)
[ 212] PONERE_PROPRIETAS    37061125-965c-5c9f-886b-66b7982e80e0 (LibroPagina) titulus=pagina-2
[ 213] ADDERE_RELATIO       37061125-965c-5c9f-886b-66b7982e80e0 (LibroPagina) --[est]--> f5fd3e63-c2cc-5256-a514-4b7764478f6d
[ 214] ADDERE_NOTA          37061125-965c-5c9f-886b-66b7982e80e0 (LibroPagina) ##LibroPagina
[ 215] PONERE_PROPRIETAS    37061125-965c-5c9f-886b-66b7982e80e0 (LibroPagina) ordo=2
[ 216] PONERE_PROPRIETAS    37061125-965c-5c9f-886b-66b7982e80e0 (LibroPagina) name=pagina-2
[ 217] PONERE_PROPRIETAS    37061125-965c-5c9f-886b-66b7982e80e0 (LibroPagina) contentum=

















































...
[ 218] PONERE_PROPRIETAS    37061125-965c-5c9f-886b-66b7982e80e0 (LibroPagina) contentum=



	 
	 	 	 	 	 	 	 is this a pkm















...
[ 219] PONERE_PROPRIETAS    37061125-965c-5c9f-886b-66b7982e80e0 (LibroPagina) name=meme
[ 220] PONERE_PROPRIETAS    37061125-965c-5c9f-886b-66b7982e80e0 (LibroPagina) titulus=meme
[ 221] PONERE_PROPRIETAS    37061125-965c-5c9f-886b-66b7982e80e0 (LibroPagina) contentum=



	 
	 	 	 	 	 	 	 is this a pkm system???
	 	 	...
[ 222] PONERE_PROPRIETAS    37061125-965c-5c9f-886b-66b7982e80e0 (LibroPagina) contentum=



	 
	 	 	 	 	 	 	 is this a pkm system???
	 	 	...
[ 223] PONERE_PROPRIETAS    37061125-965c-5c9f-886b-66b7982e80e0 (LibroPagina) contentum=



	 
	 	 	 	 	 	 	 is this a pkm system???
	 	 	...
[ 224] PONERE_PROPRIETAS    37061125-965c-5c9f-886b-66b7982e80e0 (LibroPagina) contentum=



	 
	 	 	 	 	 	 	 is this a pkm system???
	 	 	...
[ 225] PONERE_PROPRIETAS    f05108f6-592c-50a1-9ef5-f108725d749a (LibroPagina) contentum=LibroPaginarum Demo - Multi-Page Editor

Navigatio...
[ 226] PONERE_PROPRIETAS    37061125-965c-5c9f-886b-66b7982e80e0 (LibroPagina) contentum=



	 
	 	 	 	 	 	 	 is this a pkm system???
	 	 	...
[ 227] PONERE_PROPRIETAS    37061125-965c-5c9f-886b-66b7982e80e0 (LibroPagina) contentum=



	 
	 	 	 	 	 	 	 is this a pkm system???
	 	 	...
[ 228] PONERE_PROPRIETAS    37061125-965c-5c9f-886b-66b7982e80e0 (LibroPagina) contentum=



	 
	 	 	 	 	 	 	 is this a pkm system???
	 	 	...
[ 229] PONERE_PROPRIETAS    37061125-965c-5c9f-886b-66b7982e80e0 (LibroPagina) contentum=



	 
	 	 	 	 	 	 	 is this a pkm system???
	 	 	...
[ 230] PONERE_PROPRIETAS    37061125-965c-5c9f-886b-66b7982e80e0 (LibroPagina) contentum=



	 
	 	 	 	 	 	 	 is this a pkm system???
	 	 	...
[ 231] PONERE_PROPRIETAS    37061125-965c-5c9f-886b-66b7982e80e0 (LibroPagina) contentum=



	 
	 	 	 	 	 	 	 is this a pkm system???
	 	 	...
[ 232] PONERE_PROPRIETAS    37061125-965c-5c9f-886b-66b7982e80e0 (LibroPagina) contentum=



	 
	 	 	 	 	 	 	 is this a pkm system???
	 	 	...
[ 233] PONERE_PROPRIETAS    37061125-965c-5c9f-886b-66b7982e80e0 (LibroPagina) contentum=



	 
	 	 	 	 	 	 	 is this a pkm system???
	 	 	...
[ 234] PONERE_PROPRIETAS    37061125-965c-5c9f-886b-66b7982e80e0 (LibroPagina) contentum=



	 
	 	 	 	 	 	 	 is this a pkm system???
	 	 	...
[ 235] PONERE_PROPRIETAS    b86df97e-fe5f-5e8f-836d-33fcbb74d366 (LibroPagina) contentum=



	 	 	 	  	 	 	
	 	 	 	 	 	 	 	
	 	 	 	 	 	 	 	...
[ 236] PONERE_PROPRIETAS    b86df97e-fe5f-5e8f-836d-33fcbb74d366 (LibroPagina) contentum=



	 	 	 	 TODO
	 	 	 	 
	 	 	 	 
	 	 	 	 	 	 	 	...
[ 237] PONERE_PROPRIETAS    b86df97e-fe5f-5e8f-836d-33fcbb74d366 (LibroPagina) contentum=



	 	 	 	 TODO
	 	 	 	 
	 	 	 	 
	 	 	 	 *
	 	 	...
[ 238] PONERE_PROPRIETAS    b86df97e-fe5f-5e8f-836d-33fcbb74d366 (LibroPagina) contentum=



	 	 	 	 TODO
	 	 	 	 
	 	 	 	 
	 	 	 	 * cloud...
[ 239] PONERE_PROPRIETAS    b86df97e-fe5f-5e8f-836d-33fcbb74d366 (LibroPagina) contentum=



	 	 	 	 TODO
	 	 	 	 
	 	 	 	 
	 	 	 	 * cloud...
[ 240] PONERE_PROPRIETAS    b86df97e-fe5f-5e8f-836d-33fcbb74d366 (LibroPagina) contentum=



	 	 	 	 TODO
	 	 	 	 
	 	 	 	 
	 	 	 	 * cloud...
[ 241] PONERE_PROPRIETAS    b86df97e-fe5f-5e8f-836d-33fcbb74d366 (LibroPagina) contentum=



	 	 	 	 TODO
	 	 	 	 
	 	 	 	 
	 	 	 	 * cloud...
[ 242] PONERE_PROPRIETAS    b86df97e-fe5f-5e8f-836d-33fcbb74d366 (LibroPagina) contentum=



	 	 	 	 TODO
	 	 	 	 
	 	 	 	 
	 	 	 	 * cloud...
[ 243] PONERE_PROPRIETAS    37061125-965c-5c9f-886b-66b7982e80e0 (LibroPagina) contentum=



	
	 	 	 	 	 	 	 is this a pkm system???
	 	 	 ...
[ 244] CREARE_ENTITAS       f9167d6d-f516-5db0-85db-ac60dbe37467 (LibroPagina)
[ 245] PONERE_PROPRIETAS    f9167d6d-f516-5db0-85db-ac60dbe37467 (LibroPagina) titulus=pagina-3
[ 246] ADDERE_RELATIO       f9167d6d-f516-5db0-85db-ac60dbe37467 (LibroPagina) --[est]--> f5fd3e63-c2cc-5256-a514-4b7764478f6d
[ 247] ADDERE_NOTA          f9167d6d-f516-5db0-85db-ac60dbe37467 (LibroPagina) ##LibroPagina
[ 248] PONERE_PROPRIETAS    f9167d6d-f516-5db0-85db-ac60dbe37467 (LibroPagina) ordo=3
[ 249] PONERE_PROPRIETAS    f9167d6d-f516-5db0-85db-ac60dbe37467 (LibroPagina) name=pagina-3
[ 250] PONERE_PROPRIETAS    f9167d6d-f516-5db0-85db-ac60dbe37467 (LibroPagina) contentum=

















































...
[ 251] PONERE_PROPRIETAS    f9167d6d-f516-5db0-85db-ac60dbe37467 (LibroPagina) contentum=


	 	 	 $rename brainstorm






















...
[ 252] PONERE_PROPRIETAS    f9167d6d-f516-5db0-85db-ac60dbe37467 (LibroPagina) name=brainstorm
[ 253] PONERE_PROPRIETAS    f9167d6d-f516-5db0-85db-ac60dbe37467 (LibroPagina) titulus=brainstorm
[ 254] PONERE_PROPRIETAS    f9167d6d-f516-5db0-85db-ac60dbe37467 (LibroPagina) contentum=
 	 	 
 	 	 
 	 	 okay,


























...
[ 255] PONERE_PROPRIETAS    f9167d6d-f516-5db0-85db-ac60dbe37467 (LibroPagina) contentum=
 	 	 
 	 	 
 	 	 okay, s
























...
[ 256] PONERE_PROPRIETAS    b86df97e-fe5f-5e8f-836d-33fcbb74d366 (LibroPagina) contentum=



	 	 	 	 TODO
	 	 	 	 
	 	 	 	 
	 	 	 	 * cloud...
[ 257] PONERE_PROPRIETAS    b86df97e-fe5f-5e8f-836d-33fcbb74d366 (LibroPagina) contentum=



	 	 	 	 TODO
	 	 	 	 
	 	 	 	 
	 	 	 	 * cloud...
[ 258] PONERE_PROPRIETAS    b86df97e-fe5f-5e8f-836d-33fcbb74d366 (LibroPagina) contentum=



	 	 	 	 TODO
	 	 	 	 
	 	 	 	 
	 	 	 	 * cloud...
[ 259] PONERE_PROPRIETAS    b86df97e-fe5f-5e8f-836d-33fcbb74d366 (LibroPagina) contentum=



	 	 	 	 TODO
	 	 	 	 
	 	 	 	 
	 	 	 	 * cloud...
[ 260] PONERE_PROPRIETAS    b86df97e-fe5f-5e8f-836d-33fcbb74d366 (LibroPagina) contentum=



	 	 	 	 TODO
	 	 	 	 
	 	 	 	 
	 	 	 	 * cloud...
[ 261] PONERE_PROPRIETAS    f9167d6d-f516-5db0-85db-ac60dbe37467 (LibroPagina) contentum=
 	 	 
 	 	 
 	 	 okay, so what am i doing??
 	 	 ...
[ 262] PONERE_PROPRIETAS    f9167d6d-f516-5db0-85db-ac60dbe37467 (LibroPagina) contentum=
 	 	 
 	 	 
 	 	 okay, so what am i doing??
 	 	 ...
[ 263] PONERE_PROPRIETAS    f9167d6d-f516-5db0-85db-ac60dbe37467 (LibroPagina) contentum=
 	 	 
 	 	 
 	 	 okay, so what am i doing??
 	 	 ...
[ 264] PONERE_PROPRIETAS    f9167d6d-f516-5db0-85db-ac60dbe37467 (LibroPagina) contentum=
 	 	 
 	 	 
 	 	 okay, so what am i doing??
 	 	 ...
[ 265] PONERE_PROPRIETAS    f9167d6d-f516-5db0-85db-ac60dbe37467 (LibroPagina) contentum=
 	 	 
 	 	 
 	 	 okay, so what am i doing??
 	 	 ...
[ 266] PONERE_PROPRIETAS    f9167d6d-f516-5db0-85db-ac60dbe37467 (LibroPagina) contentum=
 	 	 
 	 	 
 	 	 okay, so what am i doing??
 	 	 ...
[ 267] PONERE_PROPRIETAS    f9167d6d-f516-5db0-85db-ac60dbe37467 (LibroPagina) contentum=
 	 	 
 	 	 
 	 	 okay, so what am i doing??
 	 	 ...
[ 268] PONERE_PROPRIETAS    f9167d6d-f516-5db0-85db-ac60dbe37467 (LibroPagina) contentum=
 	 	 
 	 	 
 	 	 okay, so what am i doing??
 	 	 ...
[ 269] PONERE_PROPRIETAS    f9167d6d-f516-5db0-85db-ac60dbe37467 (LibroPagina) contentum=
 	 	 
 	 	 
 	 	 okay, so what am i doing??
 	 	 ...
[ 270] PONERE_PROPRIETAS    b86df97e-fe5f-5e8f-836d-33fcbb74d366 (LibroPagina) contentum=



	 	 	 	 TODO
	 	 	 	 
	 	 	 	 
	 	 	 	 * cloud...
[ 271] PONERE_PROPRIETAS    f05108f6-592c-50a1-9ef5-f108725d749a (LibroPagina) contentum=LibroPaginarum Demo - Multi-Page Editor

Navigatio...
[ 272] PONERE_PROPRIETAS    f9167d6d-f516-5db0-85db-ac60dbe37467 (LibroPagina) contentum=
 	 	
 	 	
 	 	 okay, so what am i doing??
 	 	
 	...
[ 273] PONERE_PROPRIETAS    b86df97e-fe5f-5e8f-836d-33fcbb74d366 (LibroPagina) contentum=



	 	 	 	 TODO
	 	 	 	
	 	 	 	
	 	 	 	 * cloud c...
[ 274] PONERE_PROPRIETAS    f9167d6d-f516-5db0-85db-ac60dbe37467 (LibroPagina) contentum=
 	 	
 	 	
 	 	 okay, so what am i doing??
 	 	
 	...
[ 275] PONERE_PROPRIETAS    b86df97e-fe5f-5e8f-836d-33fcbb74d366 (LibroPagina) contentum=



	 	 	 	 TODO
	 	 	 	
	 	 	 	
	 	 	 	 * cloud c...
[ 276] PONERE_PROPRIETAS    b86df97e-fe5f-5e8f-836d-33fcbb74d366 (LibroPagina) contentum=



	 	 	 	 TODO
	 	 	 	
	 	 	 	
	 	 	 	 * cloud c...
[ 277] PONERE_PROPRIETAS    b86df97e-fe5f-5e8f-836d-33fcbb74d366 (LibroPagina) contentum=



	 	 	 	 TODO
	 	 	 	
	 	 	 	
	 	 	 	 * cloud c...
[ 278] PONERE_PROPRIETAS    b86df97e-fe5f-5e8f-836d-33fcbb74d366 (LibroPagina) contentum=



	 	 	 	 TODO
	 	 	 	
	 	 	 	
	 	 	 	 * cloud c...
[ 279] PONERE_PROPRIETAS    b86df97e-fe5f-5e8f-836d-33fcbb74d366 (LibroPagina) contentum=



	 	 	 	 TODO
	 	 	 	
	 	 	 	
	 	 	 	 * cloud c...
[ 280] PONERE_PROPRIETAS    b86df97e-fe5f-5e8f-836d-33fcbb74d366 (LibroPagina) contentum=



	 	 	 	 TODO
	 	 	 	
	 	 	 	
	 	 	 	 * cloud c...
[ 281] PONERE_PROPRIETAS    b86df97e-fe5f-5e8f-836d-33fcbb74d366 (LibroPagina) contentum=



	 	 	 	 TODO
	 	 	 	
	 	 	 	
	 	 	 	 * cloud c...
[ 282] PONERE_PROPRIETAS    b86df97e-fe5f-5e8f-836d-33fcbb74d366 (LibroPagina) contentum=



	 	 	 	 TODO
	 	 	 	
	 	 	 	
	 	 	 	 * cloud c...
[ 283] PONERE_PROPRIETAS    b86df97e-fe5f-5e8f-836d-33fcbb74d366 (LibroPagina) contentum=



	 	 	 	 TODO
	 	 	 	
	 	 	 	
	 	 	 	 * cloud c...
[ 284] PONERE_PROPRIETAS    f05108f6-592c-50a1-9ef5-f108725d749a (LibroPagina) contentum=LibroPaginarum Demo - Multi-Page Editor

Navigatio...
[ 285] PONERE_PROPRIETAS    f05108f6-592c-50a1-9ef5-f108725d749a (LibroPagina) contentum=LibroPaginarum Demo - Multi-Page Editor

Navigatio...
[ 286] PONERE_PROPRIETAS    f9167d6d-f516-5db0-85db-ac60dbe37467 (LibroPagina) contentum=
 	 	
 	 	
 	 	 okay, so what am i doing??
 	 	
 	...
[ 287] PONERE_PROPRIETAS    f9167d6d-f516-5db0-85db-ac60dbe37467 (LibroPagina) contentum=
 	 	
 	 	
 	 	 okay, so what am i doing??
 	 	
 	...
[ 288] PONERE_PROPRIETAS    f05108f6-592c-50a1-9ef5-f108725d749a (LibroPagina) contentum=LibroPaginarum Demo - Multi-Page Editor

Navigatio...
[ 289] PONERE_PROPRIETAS    f05108f6-592c-50a1-9ef5-f108725d749a (LibroPagina) contentum=Navigation:
  Ctrl+Shift+Right = next page
  Ctrl+...
[ 290] PONERE_PROPRIETAS    b86df97e-fe5f-5e8f-836d-33fcbb74d366 (LibroPagina) contentum=



	 	 	 	 TODO
	 	 	 	
	 	 	 	
	 	 	 	 * cloud c...
[ 291] PONERE_PROPRIETAS    b86df97e-fe5f-5e8f-836d-33fcbb74d366 (LibroPagina) contentum=



	 	 	 	 TODO
	 	 	 	
	 	 	 	
	 	 	 	 * cloud c...
[ 292] PONERE_PROPRIETAS    b86df97e-fe5f-5e8f-836d-33fcbb74d366 (LibroPagina) contentum=



	 	 	 	 TODO
	 	 	 	
	 	 	 	
	 	 	 	 * cloud c...
[ 293] PONERE_PROPRIETAS    b86df97e-fe5f-5e8f-836d-33fcbb74d366 (LibroPagina) contentum=



	 	 	 	 TODO
	 	 	 	
	 	 	 	
	 	 	 	 * cloud c...
[ 294] PONERE_PROPRIETAS    f05108f6-592c-50a1-9ef5-f108725d749a (LibroPagina) contentum=LibroPaginarum Demo - Multi-Page Editor

Navigatio...
[ 295] PONERE_PROPRIETAS    f05108f6-592c-50a1-9ef5-f108725d749a (LibroPagina) contentum=LibroPaginarum Demo - Multi-Page EditorNavigation:...
[ 296] PONERE_PROPRIETAS    f05108f6-592c-50a1-9ef5-f108725d749a (LibroPagina) contentum=emiinCrCrSi=prCirvkCi khoc$eires'os dsoeu sjln-n a...
[ 297] PONERE_PROPRIETAS    f05108f6-592c-50a1-9ef5-f108725d749a (LibroPagina) contentum=iboagne i-P dNvioCtaCt=piC nopCckgnhrkaoneae nese ...
[ 298] PONERE_PROPRIETAS    f05108f6-592c-50a1-9ef5-f108725d749a (LibroPagina) contentum=DmouvCStCr+h  r# sCktkhy dn Pe   oPnmh  t-taix=4n4...
[ 299] PONERE_PROPRIETAS    f05108f6-592c-50a1-9ef5-f108725d749a (LibroPagina) contentum=ai DePaitoag rlCtle=p Cx plC#bioidtstarsnismsStttl...
[ 300] PONERE_PROPRIETAS    f05108f6-592c-50a1-9ef5-f108725d749a (LibroPagina) contentum=giC+hCrit=pvC vl cg ikdtsde in PeCnomktnt-uae-ix=4...
[ 301] PONERE_PROPRIETAS    f05108f6-592c-50a1-9ef5-f108725d749a (LibroPagina) contentum=  Ctrl+Shift+Right = next page
  Ctrl+Shift+Left  ...
[ 302] PONERE_PROPRIETAS    b86df97e-fe5f-5e8f-836d-33fcbb74d366 (LibroPagina) contentum=



	 	 	 	 TODO
	 	 	 	
	 	 	 	
	 	 	 	 * cloud c...
[ 303] PONERE_PROPRIETAS    f05108f6-592c-50a1-9ef5-f108725d749a (LibroPagina) name=home
[ 304] PONERE_PROPRIETAS    f05108f6-592c-50a1-9ef5-f108725d749a (LibroPagina) titulus=home
[ 305] PONERE_PROPRIETAS    f05108f6-592c-50a1-9ef5-f108725d749a (LibroPagina) contentum=  Ctrl+Shift+Right = next page
  Ctrl+Shift+Left  ...
[ 306] PONERE_PROPRIETAS    f05108f6-592c-50a1-9ef5-f108725d749a (LibroPagina) contentum=  Ctrl+Shift+Right = next page
  Ctrl+Shift+Left  ...
[ 307] PONERE_PROPRIETAS    b86df97e-fe5f-5e8f-836d-33fcbb74d366 (LibroPagina) contentum=



	 	 	 	 TODO
	 	 	 	
	 	 	 	
	 	 	 	 * cloud c...
[ 308] PONERE_PROPRIETAS    b86df97e-fe5f-5e8f-836d-33fcbb74d366 (LibroPagina) contentum=



	 	 	 	 TODO
	 	 	 	
	 	 	 	
	 	 	 	 * cloud c...
[ 309] PONERE_PROPRIETAS    b86df97e-fe5f-5e8f-836d-33fcbb74d366 (LibroPagina) contentum=



	 	 	 	 TODO
	 	 	 	
	 	 	 	
	 	 	 	 * cloud c...
[ 310] CREARE_ENTITAS       3d6ff178-e1e7-5b85-97af-11dd914de21f (LibroPagina)
[ 311] PONERE_PROPRIETAS    3d6ff178-e1e7-5b85-97af-11dd914de21f (LibroPagina) titulus=pagina-4
[ 312] ADDERE_RELATIO       3d6ff178-e1e7-5b85-97af-11dd914de21f (LibroPagina) --[est]--> f5fd3e63-c2cc-5256-a514-4b7764478f6d
[ 313] ADDERE_NOTA          3d6ff178-e1e7-5b85-97af-11dd914de21f (LibroPagina) ##LibroPagina
[ 314] PONERE_PROPRIETAS    3d6ff178-e1e7-5b85-97af-11dd914de21f (LibroPagina) ordo=4
[ 315] PONERE_PROPRIETAS    3d6ff178-e1e7-5b85-97af-11dd914de21f (LibroPagina) name=pagina-4
[ 316] PONERE_PROPRIETAS    3d6ff178-e1e7-5b85-97af-11dd914de21f (LibroPagina) contentum=

















































...
[ 317] PONERE_PROPRIETAS    3d6ff178-e1e7-5b85-97af-11dd914de21f (LibroPagina) contentum=



	 	 	 	 	 	 hello there
	 	 	 	 	 	 
	 	 	 	 	...
[ 318] PONERE_PROPRIETAS    3d6ff178-e1e7-5b85-97af-11dd914de21f (LibroPagina) name=trip
[ 319] PONERE_PROPRIETAS    3d6ff178-e1e7-5b85-97af-11dd914de21f (LibroPagina) titulus=trip
[ 320] PONERE_PROPRIETAS    3d6ff178-e1e7-5b85-97af-11dd914de21f (LibroPagina) contentum=



	 	 	 	 	 	 hello there
	 	 	 	 	 	 
	 	 	 	 	...
[ 321] PONERE_PROPRIETAS    3d6ff178-e1e7-5b85-97af-11dd914de21f (LibroPagina) contentum=



	 	 	 	 	 	 hello there
	 	 	 	 	 	 
	 	 	 	 	...
[ 322] PONERE_PROPRIETAS    3d6ff178-e1e7-5b85-97af-11dd914de21f (LibroPagina) contentum=



	 	 	 	 	 	 hello there
	 	 	 	 	 	 
	 	 	 	 	...
[ 323] PONERE_PROPRIETAS    b86df97e-fe5f-5e8f-836d-33fcbb74d366 (LibroPagina) contentum=



	 	 	 	 TODO
	 	 	 	
	 	 	 	
	 	 	 	 * cloud c...
[ 324] PONERE_PROPRIETAS    3d6ff178-e1e7-5b85-97af-11dd914de21f (LibroPagina) contentum=



	 	 	 	 	 	 hello there
	 	 	 	 	 	 
	 	 	 	 	...
[ 325] PONERE_PROPRIETAS    f05108f6-592c-50a1-9ef5-f108725d749a (LibroPagina) contentum=  Ctrl+Shift+Right = next page
  Ctrl+Shift+Left  ...
[ 326] PONERE_PROPRIETAS    f05108f6-592c-50a1-9ef5-f108725d749a (LibroPagina) contentum=  Ctrl+Shift+Right = next page
  Ctrl+Shift+Left  ...
[ 327] PONERE_PROPRIETAS    f05108f6-592c-50a1-9ef5-f108725d749a (LibroPagina) contentum=  Ctrl+Shift+Right = next page
  Ctrl+Shift+Left  ...
[ 328] PONERE_PROPRIETAS    f05108f6-592c-50a1-9ef5-f108725d749a (LibroPagina) contentum=  Ctrl+Shift+Right = next page
  Ctrl+Shift+Left  ...
[ 329] PONERE_PROPRIETAS    f05108f6-592c-50a1-9ef5-f108725d749a (LibroPagina) contentum=  Ctrl+Shift+Right = next page
  Ctrl+Shift+Left  ...
[ 330] PONERE_PROPRIETAS    f05108f6-592c-50a1-9ef5-f108725d749a (LibroPagina) contentum=  Ctrl+Shift+Right = next page
  Ctrl+Shift+Left  ...
[ 331] PONERE_PROPRIETAS    3d6ff178-e1e7-5b85-97af-11dd914de21f (LibroPagina) contentum=



	 	 	 	 	 	 hello there #todo
	 	 	 	 	 	
	 	 ...
[ 332] PONERE_PROPRIETAS    3d6ff178-e1e7-5b85-97af-11dd914de21f (LibroPagina) contentum=



	 	 	 	 	 	 hello there #todo #1
	 	 	 	 	 	

...
[ 333] PONERE_PROPRIETAS    3d6ff178-e1e7-5b85-97af-11dd914de21f (LibroPagina) contentum=



	 	 	 	 	 	 hello there #todo #1













...
[ 334] PONERE_PROPRIETAS    b86df97e-fe5f-5e8f-836d-33fcbb74d366 (LibroPagina) contentum=



	 	 	 	 TODO
	 	 	 	
	 	 	 	
	 	 	 	 * cloud c...
[ 335] PONERE_PROPRIETAS    b86df97e-fe5f-5e8f-836d-33fcbb74d366 (LibroPagina) contentum=



	 	 	 	 TODO
	 	 	 	
	 	 	 	
	 	 	 	 * cloud c...
[ 336] PONERE_PROPRIETAS    b86df97e-fe5f-5e8f-836d-33fcbb74d366 (LibroPagina) contentum=



	 	 	 	 TODO
	 	 	 	
	 	 	 	
	 	 	 	 * cloud c...
[ 337] PONERE_PROPRIETAS    3d6ff178-e1e7-5b85-97af-11dd914de21f (LibroPagina) contentum=


	 $











































...
[ 338] PONERE_PROPRIETAS    3d6ff178-e1e7-5b85-97af-11dd914de21f (LibroPagina) contentum=


	 $rename infant-of-prague-chaplet












...
[ 339] PONERE_PROPRIETAS    3d6ff178-e1e7-5b85-97af-11dd914de21f (LibroPagina) name=infant-of-prague-chaplet
[ 340] PONERE_PROPRIETAS    3d6ff178-e1e7-5b85-97af-11dd914de21f (LibroPagina) titulus=infant-of-prague-chaplet
[ 341] PONERE_PROPRIETAS    3d6ff178-e1e7-5b85-97af-11dd914de21f (LibroPagina) contentum=

















































...
[ 342] PONERE_PROPRIETAS    3d6ff178-e1e7-5b85-97af-11dd914de21f (LibroPagina) contentum=
 Divine Infant Jesus




























...
[ 343] PONERE_PROPRIETAS    3d6ff178-e1e7-5b85-97af-11dd914de21f (LibroPagina) contentum=
 Divine Infant Jesus, I adore Your Cross, and I a...
[ 344] PONERE_PROPRIETAS    3d6ff178-e1e7-5b85-97af-11dd914de21f (LibroPagina) contentum=
 Divine Infant Jesus, I adore Your Cross, and I a...
[ 345] PONERE_PROPRIETAS    3d6ff178-e1e7-5b85-97af-11dd914de21f (LibroPagina) contentum=
 Divine Infant Jesus, I adore Your Cross, and I a...
[ 346] PONERE_PROPRIETAS    3d6ff178-e1e7-5b85-97af-11dd914de21f (LibroPagina) contentum=
 Divine Infant Jesus, I adore Your Cross, and I a...
[ 347] PONERE_PROPRIETAS    3d6ff178-e1e7-5b85-97af-11dd914de21f (LibroPagina) contentum=
 Divine Infant Jesus, I adore Your Cross, and I a...
[ 348] PONERE_PROPRIETAS    3d6ff178-e1e7-5b85-97af-11dd914de21f (LibroPagina) contentum=
 Divine Infant Jesus, I adore Your Cross, and I a...
[ 349] PONERE_PROPRIETAS    3d6ff178-e1e7-5b85-97af-11dd914de21f (LibroPagina) contentum=
 Divine Infant Jesus, I adore Your Cross, and I a...
[ 350] PONERE_PROPRIETAS    3d6ff178-e1e7-5b85-97af-11dd914de21f (LibroPagina) contentum=
 Divine Infant Jesus, I adore Your Cross, and I a...
[ 351] PONERE_PROPRIETAS    3d6ff178-e1e7-5b85-97af-11dd914de21f (LibroPagina) contentum=
 Divine Infant Jesus, I adore Your Cross, and I a...
[ 352] PONERE_PROPRIETAS    3d6ff178-e1e7-5b85-97af-11dd914de21f (LibroPagina) contentum=
 Divine Infant Jesus, I adore Your Cross, and I a...
[ 353] PONERE_PROPRIETAS    3d6ff178-e1e7-5b85-97af-11dd914de21f (LibroPagina) contentum=
 Divine Infant Jesus, I adore Your Cross, and I a...
[ 354] PONERE_PROPRIETAS    f05108f6-592c-50a1-9ef5-f108725d749a (LibroPagina) contentum=  Ctrl+Shift+Right = next page
  Ctrl+Shift+Left  ...
[ 355] PONERE_PROPRIETAS    3d6ff178-e1e7-5b85-97af-11dd914de21f (LibroPagina) contentum=
 Divine Infant Jesus, I adore Your Cross, and I a...
[ 356] PONERE_PROPRIETAS    3d6ff178-e1e7-5b85-97af-11dd914de21f (LibroPagina) contentum=
 Divine Infant Jesus, I adore Your Cross, and I a...
[ 357] PONERE_PROPRIETAS    3d6ff178-e1e7-5b85-97af-11dd914de21f (LibroPagina) contentum=
 Divine Infant Jesus, I adore Your Cross, and I a...
[ 358] PONERE_PROPRIETAS    3d6ff178-e1e7-5b85-97af-11dd914de21f (LibroPagina) contentum=
 Divine Infant Jesus, I adore Your Cross, and I a...
[ 359] PONERE_PROPRIETAS    3d6ff178-e1e7-5b85-97af-11dd914de21f (LibroPagina) contentum=
 Divine Infant Jesus, I adore Your Cross, and I a...
[ 360] PONERE_PROPRIETAS    3d6ff178-e1e7-5b85-97af-11dd914de21f (LibroPagina) contentum=
 Divine Infant Jesus, I adore Your Cross, and I a...
[ 361] PONERE_PROPRIETAS    3d6ff178-e1e7-5b85-97af-11dd914de21f (LibroPagina) contentum=
 Divine Infant Jesus, I adore Your Cross, and I a...
[ 362] PONERE_PROPRIETAS    3d6ff178-e1e7-5b85-97af-11dd914de21f (LibroPagina) contentum=
 Divine Infant Jesus, I adore Your Cross, and I a...
[ 363] PONERE_PROPRIETAS    3d6ff178-e1e7-5b85-97af-11dd914de21f (LibroPagina) contentum=
 Divine Infant Jesus, I adore Your Cross, and I a...
[ 364] PONERE_PROPRIETAS    3d6ff178-e1e7-5b85-97af-11dd914de21f (LibroPagina) contentum=
 Divine Infant Jesus, I adore Your Cross, and I a...
[ 365] PONERE_PROPRIETAS    3d6ff178-e1e7-5b85-97af-11dd914de21f (LibroPagina) contentum=
 Divine Infant Jesus, I adore Your Cross, and I a...
[ 366] PONERE_PROPRIETAS    3d6ff178-e1e7-5b85-97af-11dd914de21f (LibroPagina) contentum=
 Divine Infant Jesus, I adore Your Cross, and I a...
[ 367] PONERE_PROPRIETAS    3d6ff178-e1e7-5b85-97af-11dd914de21f (LibroPagina) contentum=
 Divine Infant Jesus, I adore Your Cross, and I a...
[ 368] PONERE_PROPRIETAS    3d6ff178-e1e7-5b85-97af-11dd914de21f (LibroPagina) contentum=
 Divine Infant Jesus, I adore Your Cross, and I a...
[ 369] PONERE_PROPRIETAS    3d6ff178-e1e7-5b85-97af-11dd914de21f (LibroPagina) contentum=
 Divine Infant Jesus, I adore Your Cross, and I a...
[ 370] PONERE_PROPRIETAS    3d6ff178-e1e7-5b85-97af-11dd914de21f (LibroPagina) contentum=
 Divine Infant Jesus, I adore Your Cross, and I a...
[ 371] PONERE_PROPRIETAS    3d6ff178-e1e7-5b85-97af-11dd914de21f (LibroPagina) contentum=
 Divine Infant Jesus, I adore Your Cross, and I a...
[ 372] PONERE_PROPRIETAS    3d6ff178-e1e7-5b85-97af-11dd914de21f (LibroPagina) contentum=
 Divine Infant Jesus, I adore Your Cross, and I a...
[ 373] PONERE_PROPRIETAS    3d6ff178-e1e7-5b85-97af-11dd914de21f (LibroPagina) contentum=
 Divine Infant Jesus, I adore Your Cross, and I a...
[ 374] PONERE_PROPRIETAS    3d6ff178-e1e7-5b85-97af-11dd914de21f (LibroPagina) contentum=
 Divine Infant Jesus, I adore Your Cross, and I a...
[ 375] PONERE_PROPRIETAS    b86df97e-fe5f-5e8f-836d-33fcbb74d366 (LibroPagina) contentum=


	 	 	 #1

	 	 	 	 TODO
	 	 	 	
	 	 	 	
	 	 	 	 ...
[ 376] PONERE_PROPRIETAS    f05108f6-592c-50a1-9ef5-f108725d749a (LibroPagina) contentum=  Ctrl+Shift+Right = next page
  Ctrl+Shift+Left  ...
[ 377] PONERE_PROPRIETAS    f05108f6-592c-50a1-9ef5-f108725d749a (LibroPagina) contentum=  Ctrl+Shift+Right = next page
  Ctrl+Shift+Left  ...
[ 378] PONERE_PROPRIETAS    f05108f6-592c-50a1-9ef5-f108725d749a (LibroPagina) contentum=  Ctrl+Shift+Right = next page
  Ctrl+Shift+Left  ...
[ 379] PONERE_PROPRIETAS    f05108f6-592c-50a1-9ef5-f108725d749a (LibroPagina) name=page-one
[ 380] PONERE_PROPRIETAS    f05108f6-592c-50a1-9ef5-f108725d749a (LibroPagina) titulus=page-one
[ 381] PONERE_PROPRIETAS    f05108f6-592c-50a1-9ef5-f108725d749a (LibroPagina) name=home
[ 382] PONERE_PROPRIETAS    f05108f6-592c-50a1-9ef5-f108725d749a (LibroPagina) titulus=home
[ 383] PONERE_PROPRIETAS    f05108f6-592c-50a1-9ef5-f108725d749a (LibroPagina) contentum=  Ctrl+Shift+Right = next page
  Ctrl+Shift+Left  ...
[ 384] PONERE_PROPRIETAS    f05108f6-592c-50a1-9ef5-f108725d749a (LibroPagina) contentum=  Ctrl+Shift+Right = next page
  Ctrl+Shift+Left  ...
[ 385] PONERE_PROPRIETAS    f05108f6-592c-50a1-9ef5-f108725d749a (LibroPagina) contentum=  Ctrl+Shift+Right = next page
  Ctrl+Shift+Left  ...
[ 386] CREARE_ENTITAS       ddc124c1-b6d0-584b-8fd8-b6331d43400a (ArcSchirma)
[ 387] PONERE_PROPRIETAS    ddc124c1-b6d0-584b-8fd8-b6331d43400a (ArcSchirma) titulus=root$
[ 388] CREARE_ENTITAS       e9fced01-496b-5564-941d-d1e1cdcd0605 (Genus)
[ 389] PONERE_PROPRIETAS    e9fced01-496b-5564-941d-d1e1cdcd0605 (Genus) name=ArcSchirma
[ 390] ADDERE_RELATIO       167e9336-d4ab-56fc-b024-bd7fbd18e91c (Genus) --[contains]--> e9fced01-496b-5564-941d-d1e1cdcd0605
[ 391] ADDERE_RELATIO       ddc124c1-b6d0-584b-8fd8-b6331d43400a (ArcSchirma) --[est]--> e9fced01-496b-5564-941d-d1e1cdcd0605
[ 392] CREARE_ENTITAS       6da348b1-01e9-5f59-a6cc-4f67ac0ac8ea (ArcSchirma)
[ 393] PONERE_PROPRIETAS    6da348b1-01e9-5f59-a6cc-4f67ac0ac8ea (ArcSchirma) titulus=root$
[ 394] ADDERE_RELATIO       6da348b1-01e9-5f59-a6cc-4f67ac0ac8ea (ArcSchirma) --[est]--> e9fced01-496b-5564-941d-d1e1cdcd0605
[ 395] CREARE_ENTITAS       019afedb-c350-7e13-87a8-788e690b5e18 (Carta)
[ 396] CREARE_ENTITAS       7d1298f2-e383-5d7b-92da-01297c423dda (Genus)
[ 397] PONERE_PROPRIETAS    7d1298f2-e383-5d7b-92da-01297c423dda (Genus) name=Carta
[ 398] ADDERE_RELATIO       167e9336-d4ab-56fc-b024-bd7fbd18e91c (Genus) --[contains]--> 7d1298f2-e383-5d7b-92da-01297c423dda
[ 399] ADDERE_RELATIO       019afedb-c350-7e13-87a8-788e690b5e18 (Carta) --[est]--> 7d1298f2-e383-5d7b-92da-01297c423dda
[ 400] PONERE_PROPRIETAS    019afedb-c350-7e13-87a8-788e690b5e18 (Carta) textus=Nova carta
[ 401] PONERE_PROPRIETAS    019afedb-c350-7e13-87a8-788e690b5e18 (Carta) x=13
[ 402] PONERE_PROPRIETAS    019afedb-c350-7e13-87a8-788e690b5e18 (Carta) y=9
[ 403] ADDERE_RELATIO       019afedb-c350-7e13-87a8-788e690b5e18 (Carta) --[pertinet_ad]--> 6da348b1-01e9-5f59-a6cc-4f67ac0ac8ea
[ 404] DELERE_ENTITAS       019afedb-c350-7e13-87a8-788e690b5e18 (Carta)
[ 405] CREARE_ENTITAS       019afedb-d2c9-77a7-a5cd-286144c66b90 (Carta)
[ 406] ADDERE_RELATIO       019afedb-d2c9-77a7-a5cd-286144c66b90 (Carta) --[est]--> 7d1298f2-e383-5d7b-92da-01297c423dda
[ 407] PONERE_PROPRIETAS    019afedb-d2c9-77a7-a5cd-286144c66b90 (Carta) textus=Nova carta
[ 408] PONERE_PROPRIETAS    019afedb-d2c9-77a7-a5cd-286144c66b90 (Carta) x=30
[ 409] PONERE_PROPRIETAS    019afedb-d2c9-77a7-a5cd-286144c66b90 (Carta) y=6
[ 410] ADDERE_RELATIO       019afedb-d2c9-77a7-a5cd-286144c66b90 (Carta) --[pertinet_ad]--> 6da348b1-01e9-5f59-a6cc-4f67ac0ac8ea
[ 411] DELERE_ENTITAS       019afedb-d2c9-77a7-a5cd-286144c66b90 (Carta)
[ 412] CREARE_ENTITAS       019afedb-dc8e-72a3-a44b-ce6695eee4a9 (Carta)
[ 413] ADDERE_RELATIO       019afedb-dc8e-72a3-a44b-ce6695eee4a9 (Carta) --[est]--> 7d1298f2-e383-5d7b-92da-01297c423dda
[ 414] PONERE_PROPRIETAS    019afedb-dc8e-72a3-a44b-ce6695eee4a9 (Carta) textus=Nova carta
[ 415] PONERE_PROPRIETAS    019afedb-dc8e-72a3-a44b-ce6695eee4a9 (Carta) x=30
[ 416] PONERE_PROPRIETAS    019afedb-dc8e-72a3-a44b-ce6695eee4a9 (Carta) y=6
[ 417] ADDERE_RELATIO       019afedb-dc8e-72a3-a44b-ce6695eee4a9 (Carta) --[pertinet_ad]--> 6da348b1-01e9-5f59-a6cc-4f67ac0ac8ea
[ 418] DELERE_ENTITAS       019afedb-dc8e-72a3-a44b-ce6695eee4a9 (Carta)
[ 419] CREARE_ENTITAS       019afedb-f71e-700c-8245-ac34fb0f4b2d (Carta)
[ 420] ADDERE_RELATIO       019afedb-f71e-700c-8245-ac34fb0f4b2d (Carta) --[est]--> 7d1298f2-e383-5d7b-92da-01297c423dda
[ 421] PONERE_PROPRIETAS    019afedb-f71e-700c-8245-ac34fb0f4b2d (Carta) textus=Hello
[ 422] PONERE_PROPRIETAS    019afedb-f71e-700c-8245-ac34fb0f4b2d (Carta) x=30
[ 423] PONERE_PROPRIETAS    019afedb-f71e-700c-8245-ac34fb0f4b2d (Carta) y=6
[ 424] ADDERE_RELATIO       019afedb-f71e-700c-8245-ac34fb0f4b2d (Carta) --[pertinet_ad]--> 6da348b1-01e9-5f59-a6cc-4f67ac0ac8ea
[ 425] CREARE_ENTITAS       019afedb-f71e-75c0-bb30-1eb391da08ec (Carta)
[ 426] ADDERE_RELATIO       019afedb-f71e-75c0-bb30-1eb391da08ec (Carta) --[est]--> 7d1298f2-e383-5d7b-92da-01297c423dda
[ 427] PONERE_PROPRIETAS    019afedb-f71e-75c0-bb30-1eb391da08ec (Carta) textus=Nova carta
[ 428] PONERE_PROPRIETAS    019afedb-f71e-75c0-bb30-1eb391da08ec (Carta) x=13
[ 429] PONERE_PROPRIETAS    019afedb-f71e-75c0-bb30-1eb391da08ec (Carta) y=20
[ 430] ADDERE_RELATIO       019afedb-f71e-75c0-bb30-1eb391da08ec (Carta) --[pertinet_ad]--> 6da348b1-01e9-5f59-a6cc-4f67ac0ac8ea
[ 431] DELERE_ENTITAS       019afedb-f71e-700c-8245-ac34fb0f4b2d (Carta)
[ 432] DELERE_ENTITAS       019afedb-f71e-75c0-bb30-1eb391da08ec (Carta)
[ 433] CREARE_ENTITAS       019afedc-13f6-7bb7-afb6-62545693cd7f (Carta)
[ 434] ADDERE_RELATIO       019afedc-13f6-7bb7-afb6-62545693cd7f (Carta) --[est]--> 7d1298f2-e383-5d7b-92da-01297c423dda
[ 435] PONERE_PROPRIETAS    019afedc-13f6-7bb7-afb6-62545693cd7f (Carta) textus=Hello
[ 436] PONERE_PROPRIETAS    019afedc-13f6-7bb7-afb6-62545693cd7f (Carta) x=30
[ 437] PONERE_PROPRIETAS    019afedc-13f6-7bb7-afb6-62545693cd7f (Carta) y=6
[ 438] ADDERE_RELATIO       019afedc-13f6-7bb7-afb6-62545693cd7f (Carta) --[pertinet_ad]--> 6da348b1-01e9-5f59-a6cc-4f67ac0ac8ea
[ 439] CREARE_ENTITAS       019afedc-13f6-79fb-a521-eca691aa64fa (Carta)
[ 440] ADDERE_RELATIO       019afedc-13f6-79fb-a521-eca691aa64fa (Carta) --[est]--> 7d1298f2-e383-5d7b-92da-01297c423dda
[ 441] PONERE_PROPRIETAS    019afedc-13f6-79fb-a521-eca691aa64fa (Carta) textus=World?
[ 442] PONERE_PROPRIETAS    019afedc-13f6-79fb-a521-eca691aa64fa (Carta) x=13
[ 443] PONERE_PROPRIETAS    019afedc-13f6-79fb-a521-eca691aa64fa (Carta) y=20
[ 444] ADDERE_RELATIO       019afedc-13f6-79fb-a521-eca691aa64fa (Carta) --[pertinet_ad]--> 6da348b1-01e9-5f59-a6cc-4f67ac0ac8ea
[ 445] CREARE_ENTITAS       019afedc-13f6-7d43-827c-3f9f74e5d06d (Carta)
[ 446] ADDERE_RELATIO       019afedc-13f6-7d43-827c-3f9f74e5d06d (Carta) --[est]--> 7d1298f2-e383-5d7b-92da-01297c423dda
[ 447] PONERE_PROPRIETAS    019afedc-13f6-7d43-827c-3f9f74e5d06d (Carta) textus=Nova carta
[ 448] PONERE_PROPRIETAS    019afedc-13f6-7d43-827c-3f9f74e5d06d (Carta) x=35
[ 449] PONERE_PROPRIETAS    019afedc-13f6-7d43-827c-3f9f74e5d06d (Carta) y=22
[ 450] ADDERE_RELATIO       019afedc-13f6-7d43-827c-3f9f74e5d06d (Carta) --[pertinet_ad]--> 6da348b1-01e9-5f59-a6cc-4f67ac0ac8ea
[ 451] DELERE_ENTITAS       019afedc-13f6-7bb7-afb6-62545693cd7f (Carta)
[ 452] DELERE_ENTITAS       019afedc-13f6-79fb-a521-eca691aa64fa (Carta)
[ 453] DELERE_ENTITAS       019afedc-13f6-7d43-827c-3f9f74e5d06d (Carta)
[ 454] CREARE_ENTITAS       019afedc-20de-7e82-b18f-24c5707113f9 (Carta)
[ 455] ADDERE_RELATIO       019afedc-20de-7e82-b18f-24c5707113f9 (Carta) --[est]--> 7d1298f2-e383-5d7b-92da-01297c423dda
[ 456] PONERE_PROPRIETAS    019afedc-20de-7e82-b18f-24c5707113f9 (Carta) textus=Hello
[ 457] PONERE_PROPRIETAS    019afedc-20de-7e82-b18f-24c5707113f9 (Carta) x=30
[ 458] PONERE_PROPRIETAS    019afedc-20de-7e82-b18f-24c5707113f9 (Carta) y=6
[ 459] ADDERE_RELATIO       019afedc-20de-7e82-b18f-24c5707113f9 (Carta) --[pertinet_ad]--> 6da348b1-01e9-5f59-a6cc-4f67ac0ac8ea
[ 460] CREARE_ENTITAS       019afedc-20de-7fc6-bfb0-4e4f03c87812 (Carta)
[ 461] ADDERE_RELATIO       019afedc-20de-7fc6-bfb0-4e4f03c87812 (Carta) --[est]--> 7d1298f2-e383-5d7b-92da-01297c423dda
[ 462] PONERE_PROPRIETAS    019afedc-20de-7fc6-bfb0-4e4f03c87812 (Carta) textus=World?
[ 463] PONERE_PROPRIETAS    019afedc-20de-7fc6-bfb0-4e4f03c87812 (Carta) x=13
[ 464] PONERE_PROPRIETAS    019afedc-20de-7fc6-bfb0-4e4f03c87812 (Carta) y=20
[ 465] ADDERE_RELATIO       019afedc-20de-7fc6-bfb0-4e4f03c87812 (Carta) --[pertinet_ad]--> 6da348b1-01e9-5f59-a6cc-4f67ac0ac8ea
[ 466] CREARE_ENTITAS       019afedc-20de-77ab-8e09-acce2a6d9f22 (Carta)
[ 467] ADDERE_RELATIO       019afedc-20de-77ab-8e09-acce2a6d9f22 (Carta) --[est]--> 7d1298f2-e383-5d7b-92da-01297c423dda
[ 468] PONERE_PROPRIETAS    019afedc-20de-77ab-8e09-acce2a6d9f22 (Carta) textus=Etc.
[ 469] PONERE_PROPRIETAS    019afedc-20de-77ab-8e09-acce2a6d9f22 (Carta) x=35
[ 470] PONERE_PROPRIETAS    019afedc-20de-77ab-8e09-acce2a6d9f22 (Carta) y=22
[ 471] ADDERE_RELATIO       019afedc-20de-77ab-8e09-acce2a6d9f22 (Carta) --[pertinet_ad]--> 6da348b1-01e9-5f59-a6cc-4f67ac0ac8ea
[ 472] CREARE_ENTITAS       019afedc-5de2-7d86-92c7-244460fd9178 (Carta)
[ 473] ADDERE_RELATIO       019afedc-5de2-7d86-92c7-244460fd9178 (Carta) --[est]--> 7d1298f2-e383-5d7b-92da-01297c423dda
[ 474] PONERE_PROPRIETAS    019afedc-5de2-7d86-92c7-244460fd9178 (Carta) textus=Nova carta
[ 475] PONERE_PROPRIETAS    019afedc-5de2-7d86-92c7-244460fd9178 (Carta) x=17
[ 476] PONERE_PROPRIETAS    019afedc-5de2-7d86-92c7-244460fd9178 (Carta) y=18
[ 477] ADDERE_RELATIO       019afedc-5de2-7d86-92c7-244460fd9178 (Carta) --[pertinet_ad]--> ddc124c1-b6d0-584b-8fd8-b6331d43400a
[ 478] DELERE_ENTITAS       019afedc-20de-7e82-b18f-24c5707113f9 (Carta)
[ 479] DELERE_ENTITAS       019afedc-20de-7fc6-bfb0-4e4f03c87812 (Carta)
[ 480] DELERE_ENTITAS       019afedc-20de-77ab-8e09-acce2a6d9f22 (Carta)
[ 481] CREARE_ENTITAS       019afedc-6f90-79dc-ab82-7ced646da777 (Carta)
[ 482] ADDERE_RELATIO       019afedc-6f90-79dc-ab82-7ced646da777 (Carta) --[est]--> 7d1298f2-e383-5d7b-92da-01297c423dda
[ 483] PONERE_PROPRIETAS    019afedc-6f90-79dc-ab82-7ced646da777 (Carta) textus=> Nova carta
[ 484] PONERE_PROPRIETAS    019afedc-6f90-79dc-ab82-7ced646da777 (Carta) x=20
[ 485] PONERE_PROPRIETAS    019afedc-6f90-79dc-ab82-7ced646da777 (Carta) y=11
[ 486] ADDERE_RELATIO       019afedc-6f90-79dc-ab82-7ced646da777 (Carta) --[pertinet_ad]--> 6da348b1-01e9-5f59-a6cc-4f67ac0ac8ea
[ 487] CREARE_ENTITAS       1ec7715f-d13d-509c-b34e-270810cbbd8b (ArcSchirma)
[ 488] PONERE_PROPRIETAS    1ec7715f-d13d-509c-b34e-270810cbbd8b (ArcSchirma) titulus=novacarta$$
[ 489] ADDERE_RELATIO       1ec7715f-d13d-509c-b34e-270810cbbd8b (ArcSchirma) --[est]--> e9fced01-496b-5564-941d-d1e1cdcd0605
[ 490] DELERE_ENTITAS       019afedc-6f90-79dc-ab82-7ced646da777 (Carta)
[ 491] CREARE_ENTITAS       019afedc-8007-75ba-b032-d80effccc473 (Carta)
[ 492] ADDERE_RELATIO       019afedc-8007-75ba-b032-d80effccc473 (Carta) --[est]--> 7d1298f2-e383-5d7b-92da-01297c423dda
[ 493] PONERE_PROPRIETAS    019afedc-8007-75ba-b032-d80effccc473 (Carta) textus=> Nova carta
[ 494] PONERE_PROPRIETAS    019afedc-8007-75ba-b032-d80effccc473 (Carta) x=20
[ 495] PONERE_PROPRIETAS    019afedc-8007-75ba-b032-d80effccc473 (Carta) y=11
[ 496] ADDERE_RELATIO       019afedc-8007-75ba-b032-d80effccc473 (Carta) --[pertinet_ad]--> 6da348b1-01e9-5f59-a6cc-4f67ac0ac8ea
[ 497] CREARE_ENTITAS       61376372-98a7-538d-809b-f6df73fe335c (ArcSchirma)
[ 498] PONERE_PROPRIETAS    61376372-98a7-538d-809b-f6df73fe335c (ArcSchirma) titulus=novacarta$$
[ 499] ADDERE_RELATIO       61376372-98a7-538d-809b-f6df73fe335c (ArcSchirma) --[est]--> e9fced01-496b-5564-941d-d1e1cdcd0605
[ 500] DELERE_ENTITAS       019afedc-8007-75ba-b032-d80effccc473 (Carta)
[ 501] CREARE_ENTITAS       019afedc-9253-7d33-a2de-1b9cbbcebfdd (Carta)
[ 502] ADDERE_RELATIO       019afedc-9253-7d33-a2de-1b9cbbcebfdd (Carta) --[est]--> 7d1298f2-e383-5d7b-92da-01297c423dda
[ 503] PONERE_PROPRIETAS    019afedc-9253-7d33-a2de-1b9cbbcebfdd (Carta) textus=> Nova carta
[ 504] PONERE_PROPRIETAS    019afedc-9253-7d33-a2de-1b9cbbcebfdd (Carta) x=20
[ 505] PONERE_PROPRIETAS    019afedc-9253-7d33-a2de-1b9cbbcebfdd (Carta) y=11
[ 506] ADDERE_RELATIO       019afedc-9253-7d33-a2de-1b9cbbcebfdd (Carta) --[pertinet_ad]--> 6da348b1-01e9-5f59-a6cc-4f67ac0ac8ea
[ 507] CREARE_ENTITAS       019afedc-9253-7787-be85-fb1ee88b1676 (Carta)
[ 508] ADDERE_RELATIO       019afedc-9253-7787-be85-fb1ee88b1676 (Carta) --[est]--> 7d1298f2-e383-5d7b-92da-01297c423dda
[ 509] PONERE_PROPRIETAS    019afedc-9253-7787-be85-fb1ee88b1676 (Carta) textus=Nova carta
[ 510] PONERE_PROPRIETAS    019afedc-9253-7787-be85-fb1ee88b1676 (Carta) x=11
[ 511] PONERE_PROPRIETAS    019afedc-9253-7787-be85-fb1ee88b1676 (Carta) y=27
[ 512] ADDERE_RELATIO       019afedc-9253-7787-be85-fb1ee88b1676 (Carta) --[pertinet_ad]--> 6da348b1-01e9-5f59-a6cc-4f67ac0ac8ea
[ 513] DELERE_ENTITAS       019afedc-9253-7d33-a2de-1b9cbbcebfdd (Carta)
[ 514] DELERE_ENTITAS       019afedc-9253-7787-be85-fb1ee88b1676 (Carta)
[ 515] CREARE_ENTITAS       019afedc-a547-7a91-8b24-dba823225954 (Carta)
[ 516] ADDERE_RELATIO       019afedc-a547-7a91-8b24-dba823225954 (Carta) --[est]--> 7d1298f2-e383-5d7b-92da-01297c423dda
[ 517] PONERE_PROPRIETAS    019afedc-a547-7a91-8b24-dba823225954 (Carta) textus=> Nova carta
[ 518] PONERE_PROPRIETAS    019afedc-a547-7a91-8b24-dba823225954 (Carta) x=20
[ 519] PONERE_PROPRIETAS    019afedc-a547-7a91-8b24-dba823225954 (Carta) y=11
[ 520] ADDERE_RELATIO       019afedc-a547-7a91-8b24-dba823225954 (Carta) --[pertinet_ad]--> 6da348b1-01e9-5f59-a6cc-4f67ac0ac8ea
[ 521] CREARE_ENTITAS       019afedc-a547-7fd2-b585-98d0a915ca73 (Carta)
[ 522] ADDERE_RELATIO       019afedc-a547-7fd2-b585-98d0a915ca73 (Carta) --[est]--> 7d1298f2-e383-5d7b-92da-01297c423dda
[ 523] PONERE_PROPRIETAS    019afedc-a547-7fd2-b585-98d0a915ca73 (Carta) textus=Fun?
[ 524] PONERE_PROPRIETAS    019afedc-a547-7fd2-b585-98d0a915ca73 (Carta) x=11
[ 525] PONERE_PROPRIETAS    019afedc-a547-7fd2-b585-98d0a915ca73 (Carta) y=27
[ 526] ADDERE_RELATIO       019afedc-a547-7fd2-b585-98d0a915ca73 (Carta) --[pertinet_ad]--> 6da348b1-01e9-5f59-a6cc-4f67ac0ac8ea
[ 527] DELERE_ENTITAS       019afedc-a547-7a91-8b24-dba823225954 (Carta)
[ 528] DELERE_ENTITAS       019afedc-a547-7fd2-b585-98d0a915ca73 (Carta)
[ 529] CREARE_ENTITAS       019afedc-b5b1-718f-b509-0e27b87460ea (Carta)
[ 530] ADDERE_RELATIO       019afedc-b5b1-718f-b509-0e27b87460ea (Carta) --[est]--> 7d1298f2-e383-5d7b-92da-01297c423dda
[ 531] PONERE_PROPRIETAS    019afedc-b5b1-718f-b509-0e27b87460ea (Carta) textus=> Nova carta
[ 532] PONERE_PROPRIETAS    019afedc-b5b1-718f-b509-0e27b87460ea (Carta) x=20
[ 533] PONERE_PROPRIETAS    019afedc-b5b1-718f-b509-0e27b87460ea (Carta) y=11
[ 534] ADDERE_RELATIO       019afedc-b5b1-718f-b509-0e27b87460ea (Carta) --[pertinet_ad]--> 6da348b1-01e9-5f59-a6cc-4f67ac0ac8ea
[ 535] CREARE_ENTITAS       019afedc-b5b1-725e-9e90-4c28fc15fc8f (Carta)
[ 536] ADDERE_RELATIO       019afedc-b5b1-725e-9e90-4c28fc15fc8f (Carta) --[est]--> 7d1298f2-e383-5d7b-92da-01297c423dda
[ 537] PONERE_PROPRIETAS    019afedc-b5b1-725e-9e90-4c28fc15fc8f (Carta) textus=Fun?
[ 538] PONERE_PROPRIETAS    019afedc-b5b1-725e-9e90-4c28fc15fc8f (Carta) x=11
[ 539] PONERE_PROPRIETAS    019afedc-b5b1-725e-9e90-4c28fc15fc8f (Carta) y=27
[ 540] ADDERE_RELATIO       019afedc-b5b1-725e-9e90-4c28fc15fc8f (Carta) --[pertinet_ad]--> 6da348b1-01e9-5f59-a6cc-4f67ac0ac8ea
[ 541] DELERE_ENTITAS       019afedc-b5b1-718f-b509-0e27b87460ea (Carta)
[ 542] DELERE_ENTITAS       019afedc-b5b1-725e-9e90-4c28fc15fc8f (Carta)
[ 543] CREARE_ENTITAS       019afedc-bb05-79f1-97e4-64d2cc141023 (Carta)
[ 544] ADDERE_RELATIO       019afedc-bb05-79f1-97e4-64d2cc141023 (Carta) --[est]--> 7d1298f2-e383-5d7b-92da-01297c423dda
[ 545] PONERE_PROPRIETAS    019afedc-bb05-79f1-97e4-64d2cc141023 (Carta) textus=> Nova carta
[ 546] PONERE_PROPRIETAS    019afedc-bb05-79f1-97e4-64d2cc141023 (Carta) x=20
[ 547] PONERE_PROPRIETAS    019afedc-bb05-79f1-97e4-64d2cc141023 (Carta) y=11
[ 548] ADDERE_RELATIO       019afedc-bb05-79f1-97e4-64d2cc141023 (Carta) --[pertinet_ad]--> 6da348b1-01e9-5f59-a6cc-4f67ac0ac8ea
[ 549] CREARE_ENTITAS       019afedc-bb05-786e-8524-c1d0c51b064d (Carta)
[ 550] ADDERE_RELATIO       019afedc-bb05-786e-8524-c1d0c51b064d (Carta) --[est]--> 7d1298f2-e383-5d7b-92da-01297c423dda
[ 551] PONERE_PROPRIETAS    019afedc-bb05-786e-8524-c1d0c51b064d (Carta) textus=Fun?
[ 552] PONERE_PROPRIETAS    019afedc-bb05-786e-8524-c1d0c51b064d (Carta) x=11
[ 553] PONERE_PROPRIETAS    019afedc-bb05-786e-8524-c1d0c51b064d (Carta) y=27
[ 554] ADDERE_RELATIO       019afedc-bb05-786e-8524-c1d0c51b064d (Carta) --[pertinet_ad]--> 6da348b1-01e9-5f59-a6cc-4f67ac0ac8ea
[ 555] CREARE_ENTITAS       019afedc-cdf9-7c3f-99b8-a18e92d2df22 (Carta)
[ 556] ADDERE_RELATIO       019afedc-cdf9-7c3f-99b8-a18e92d2df22 (Carta) --[est]--> 7d1298f2-e383-5d7b-92da-01297c423dda
[ 557] PONERE_PROPRIETAS    019afedc-cdf9-7c3f-99b8-a18e92d2df22 (Carta) textus=Nova carta
[ 558] PONERE_PROPRIETAS    019afedc-cdf9-7c3f-99b8-a18e92d2df22 (Carta) x=9
[ 559] PONERE_PROPRIETAS    019afedc-cdf9-7c3f-99b8-a18e92d2df22 (Carta) y=15
[ 560] ADDERE_RELATIO       019afedc-cdf9-7c3f-99b8-a18e92d2df22 (Carta) --[pertinet_ad]--> 61376372-98a7-538d-809b-f6df73fe335c
[ 561] DELERE_ENTITAS       019afedc-cdf9-7c3f-99b8-a18e92d2df22 (Carta)
[ 562] CREARE_ENTITAS       019afedc-df81-7023-b68e-e20816cad1d9 (Carta)
[ 563] ADDERE_RELATIO       019afedc-df81-7023-b68e-e20816cad1d9 (Carta) --[est]--> 7d1298f2-e383-5d7b-92da-01297c423dda
[ 564] PONERE_PROPRIETAS    019afedc-df81-7023-b68e-e20816cad1d9 (Carta) textus=Hello?
[ 565] PONERE_PROPRIETAS    019afedc-df81-7023-b68e-e20816cad1d9 (Carta) x=9
[ 566] PONERE_PROPRIETAS    019afedc-df81-7023-b68e-e20816cad1d9 (Carta) y=15
[ 567] ADDERE_RELATIO       019afedc-df81-7023-b68e-e20816cad1d9 (Carta) --[pertinet_ad]--> 61376372-98a7-538d-809b-f6df73fe335c
[ 568] DELERE_ENTITAS       019afedc-bb05-79f1-97e4-64d2cc141023 (Carta)
[ 569] DELERE_ENTITAS       019afedc-bb05-786e-8524-c1d0c51b064d (Carta)
[ 570] CREARE_ENTITAS       019afedc-faeb-7e41-bb37-93a9abbf75a2 (Carta)
[ 571] ADDERE_RELATIO       019afedc-faeb-7e41-bb37-93a9abbf75a2 (Carta) --[est]--> 7d1298f2-e383-5d7b-92da-01297c423dda
[ 572] PONERE_PROPRIETAS    019afedc-faeb-7e41-bb37-93a9abbf75a2 (Carta) textus=> Nova carta
[ 573] PONERE_PROPRIETAS    019afedc-faeb-7e41-bb37-93a9abbf75a2 (Carta) x=20
[ 574] PONERE_PROPRIETAS    019afedc-faeb-7e41-bb37-93a9abbf75a2 (Carta) y=11
[ 575] ADDERE_RELATIO       019afedc-faeb-7e41-bb37-93a9abbf75a2 (Carta) --[pertinet_ad]--> 6da348b1-01e9-5f59-a6cc-4f67ac0ac8ea
[ 576] CREARE_ENTITAS       019afedc-faec-796c-bd57-7e74a08bbfd9 (Carta)
[ 577] ADDERE_RELATIO       019afedc-faec-796c-bd57-7e74a08bbfd9 (Carta) --[est]--> 7d1298f2-e383-5d7b-92da-01297c423dda
[ 578] PONERE_PROPRIETAS    019afedc-faec-796c-bd57-7e74a08bbfd9 (Carta) textus=Fun?
[ 579] PONERE_PROPRIETAS    019afedc-faec-796c-bd57-7e74a08bbfd9 (Carta) x=11
[ 580] PONERE_PROPRIETAS    019afedc-faec-796c-bd57-7e74a08bbfd9 (Carta) y=27
[ 581] ADDERE_RELATIO       019afedc-faec-796c-bd57-7e74a08bbfd9 (Carta) --[pertinet_ad]--> 6da348b1-01e9-5f59-a6cc-4f67ac0ac8ea
[ 582] CREARE_ENTITAS       019afef6-f3cb-7cb9-af71-98a954121d38 (Carta)
[ 583] ADDERE_RELATIO       019afef6-f3cb-7cb9-af71-98a954121d38 (Carta) --[est]--> 7d1298f2-e383-5d7b-92da-01297c423dda
[ 584] ADDERE_NOTA          019afef6-f3cb-7cb9-af71-98a954121d38 (Carta) ##Carta::root$
[ 585] PONERE_PROPRIETAS    019afef6-f3cb-7cb9-af71-98a954121d38 (Carta) textus=Nova carta
[ 586] PONERE_PROPRIETAS    019afef6-f3cb-7cb9-af71-98a954121d38 (Carta) x=11
[ 587] PONERE_PROPRIETAS    019afef6-f3cb-7cb9-af71-98a954121d38 (Carta) y=11
[ 588] PONERE_PROPRIETAS    019afef6-f3cb-7cb9-af71-98a954121d38 (Carta) schirma=root$
[ 589] PONERE_PROPRIETAS    019afef6-f3cb-7cb9-af71-98a954121d38 (Carta) textus=Welll!
[ 590] CREARE_ENTITAS       019afef7-0c17-73fb-b68a-4fa75d6fbbd4 (Carta)
[ 591] ADDERE_RELATIO       019afef7-0c17-73fb-b68a-4fa75d6fbbd4 (Carta) --[est]--> 7d1298f2-e383-5d7b-92da-01297c423dda
[ 592] ADDERE_NOTA          019afef7-0c17-73fb-b68a-4fa75d6fbbd4 (Carta) ##Carta::root$
[ 593] PONERE_PROPRIETAS    019afef7-0c17-73fb-b68a-4fa75d6fbbd4 (Carta) textus=Nova carta
[ 594] PONERE_PROPRIETAS    019afef7-0c17-73fb-b68a-4fa75d6fbbd4 (Carta) x=24
[ 595] PONERE_PROPRIETAS    019afef7-0c17-73fb-b68a-4fa75d6fbbd4 (Carta) y=26
[ 596] PONERE_PROPRIETAS    019afef7-0c17-73fb-b68a-4fa75d6fbbd4 (Carta) schirma=root$
[ 597] PONERE_PROPRIETAS    019afef7-0c17-73fb-b68a-4fa75d6fbbd4 (Carta) textus=Think about it
[ 598] PONERE_PROPRIETAS    019afef7-0c17-73fb-b68a-4fa75d6fbbd4 (Carta) x=21
[ 599] PONERE_PROPRIETAS    019afef7-0c17-73fb-b68a-4fa75d6fbbd4 (Carta) y=15
[ 600] CREARE_ENTITAS       019afef7-411a-7b38-a13e-ccf7e1c74662 (Carta)
[ 601] ADDERE_RELATIO       019afef7-411a-7b38-a13e-ccf7e1c74662 (Carta) --[est]--> 7d1298f2-e383-5d7b-92da-01297c423dda
[ 602] ADDERE_NOTA          019afef7-411a-7b38-a13e-ccf7e1c74662 (Carta) ##Carta::root$
[ 603] PONERE_PROPRIETAS    019afef7-411a-7b38-a13e-ccf7e1c74662 (Carta) textus=Nova carta
[ 604] PONERE_PROPRIETAS    019afef7-411a-7b38-a13e-ccf7e1c74662 (Carta) x=20
[ 605] PONERE_PROPRIETAS    019afef7-411a-7b38-a13e-ccf7e1c74662 (Carta) y=31
[ 606] PONERE_PROPRIETAS    019afef7-411a-7b38-a13e-ccf7e1c74662 (Carta) schirma=root$
[ 607] PONERE_PROPRIETAS    019afef7-411a-7b38-a13e-ccf7e1c74662 (Carta) textus=Hello
[ 608] PONERE_PROPRIETAS    019afef7-411a-7b38-a13e-ccf7e1c74662 (Carta) x=9
[ 609] PONERE_PROPRIETAS    019afef7-411a-7b38-a13e-ccf7e1c74662 (Carta) y=6
[ 610] PONERE_PROPRIETAS    019afef7-0c17-73fb-b68a-4fa75d6fbbd4 (Carta) x=19
[ 611] PONERE_PROPRIETAS    019afef7-0c17-73fb-b68a-4fa75d6fbbd4 (Carta) y=6
[ 612] PONERE_PROPRIETAS    019afef6-f3cb-7cb9-af71-98a954121d38 (Carta) x=14
[ 613] PONERE_PROPRIETAS    019afef7-411a-7b38-a13e-ccf7e1c74662 (Carta) schirma=root
[ 614] PONERE_PROPRIETAS    019afef6-f3cb-7cb9-af71-98a954121d38 (Carta) schirma=root
[ 615] PONERE_PROPRIETAS    019afef7-0c17-73fb-b68a-4fa75d6fbbd4 (Carta) schirma=root
[ 616] CREARE_ENTITAS       019b008f-bb0e-7d83-b233-adb8dccc85a8 (Carta)
[ 617] ADDERE_RELATIO       019b008f-bb0e-7d83-b233-adb8dccc85a8 (Carta) --[est]--> 7d1298f2-e383-5d7b-92da-01297c423dda
[ 618] ADDERE_NOTA          019b008f-bb0e-7d83-b233-adb8dccc85a8 (Carta) ##Carta::root$
[ 619] PONERE_PROPRIETAS    019b008f-bb0e-7d83-b233-adb8dccc85a8 (Carta) textus=Nova carta
[ 620] PONERE_PROPRIETAS    019b008f-bb0e-7d83-b233-adb8dccc85a8 (Carta) x=21
[ 621] PONERE_PROPRIETAS    019b008f-bb0e-7d83-b233-adb8dccc85a8 (Carta) y=29
[ 622] PONERE_PROPRIETAS    019b008f-bb0e-7d83-b233-adb8dccc85a8 (Carta) schirma=root$
[ 623] PONERE_PROPRIETAS    019afef7-411a-7b38-a13e-ccf7e1c74662 (Carta) schirma=root$
[ 624] PONERE_PROPRIETAS    019afef6-f3cb-7cb9-af71-98a954121d38 (Carta) schirma=root$
[ 625] PONERE_PROPRIETAS    019afef7-0c17-73fb-b68a-4fa75d6fbbd4 (Carta) schirma=root$
[ 626] PONERE_PROPRIETAS    019b008f-bb0e-7d83-b233-adb8dccc85a8 (Carta) textus=> Nova carta
[ 627] PONERE_PROPRIETAS    019b008f-bb0e-7d83-b233-adb8dccc85a8 (Carta) x=20
[ 628] PONERE_PROPRIETAS    019b008f-bb0e-7d83-b233-adb8dccc85a8 (Carta) x=31
[ 629] PONERE_PROPRIETAS    019b008f-bb0e-7d83-b233-adb8dccc85a8 (Carta) y=21
[ 630] PONERE_PROPRIETAS    019b008f-bb0e-7d83-b233-adb8dccc85a8 (Carta) x=21
[ 631] PONERE_PROPRIETAS    019b008f-bb0e-7d83-b233-adb8dccc85a8 (Carta) y=27
[ 632] DELERE_NOTA          019afef6-f3cb-7cb9-af71-98a954121d38 (Carta) ##Carta::root$
[ 633] ADDERE_NOTA          019afef6-f3cb-7cb9-af71-98a954121d38 (Carta) ##Carta::novacarta
[ 634] PONERE_PROPRIETAS    019afef6-f3cb-7cb9-af71-98a954121d38 (Carta) schirma=novacarta
[ 635] DELERE_NOTA          019afef7-0c17-73fb-b68a-4fa75d6fbbd4 (Carta) ##Carta::root$
[ 636] ADDERE_NOTA          019afef7-0c17-73fb-b68a-4fa75d6fbbd4 (Carta) ##Carta::novacarta
[ 637] PONERE_PROPRIETAS    019afef7-0c17-73fb-b68a-4fa75d6fbbd4 (Carta) schirma=novacarta
[ 638] PONERE_PROPRIETAS    019afef7-411a-7b38-a13e-ccf7e1c74662 (Carta) x=19
[ 639] PONERE_PROPRIETAS    019afef7-411a-7b38-a13e-ccf7e1c74662 (Carta) y=14
[ 640] PONERE_PROPRIETAS    019afef6-f3cb-7cb9-af71-98a954121d38 (Carta) x=9
[ 641] PONERE_PROPRIETAS    019afef6-f3cb-7cb9-af71-98a954121d38 (Carta) y=21
[ 642] PONERE_PROPRIETAS    019afef6-f3cb-7cb9-af71-98a954121d38 (Carta) schirma=novacarta
[ 643] PONERE_PROPRIETAS    019afef7-0c17-73fb-b68a-4fa75d6fbbd4 (Carta) schirma=novacarta
[ 644] CREARE_ENTITAS       019b0521-4d16-7e74-8cfc-2aa3c8025f40 (Carta)
[ 645] ADDERE_RELATIO       019b0521-4d16-7e74-8cfc-2aa3c8025f40 (Carta) --[est]--> 7d1298f2-e383-5d7b-92da-01297c423dda
[ 646] ADDERE_NOTA          019b0521-4d16-7e74-8cfc-2aa3c8025f40 (Carta) ##Carta::novacarta$
[ 647] PONERE_PROPRIETAS    019b0521-4d16-7e74-8cfc-2aa3c8025f40 (Carta) textus=Nova carta
[ 648] PONERE_PROPRIETAS    019b0521-4d16-7e74-8cfc-2aa3c8025f40 (Carta) x=30
[ 649] PONERE_PROPRIETAS    019b0521-4d16-7e74-8cfc-2aa3c8025f40 (Carta) y=20
[ 650] PONERE_PROPRIETAS    019b0521-4d16-7e74-8cfc-2aa3c8025f40 (Carta) schirma=novacarta$
[ 651] PONERE_PROPRIETAS    019afef7-411a-7b38-a13e-ccf7e1c74662 (Carta) textus=Okay, that is a high
energy blinker
[ 652] CREARE_ENTITAS       019b052a-dd0e-7301-b69a-51a2cd644f78 (Carta)
[ 653] ADDERE_RELATIO       019b052a-dd0e-7301-b69a-51a2cd644f78 (Carta) --[est]--> 7d1298f2-e383-5d7b-92da-01297c423dda
[ 654] ADDERE_NOTA          019b052a-dd0e-7301-b69a-51a2cd644f78 (Carta) ##Carta::root$
[ 655] PONERE_PROPRIETAS    019b052a-dd0e-7301-b69a-51a2cd644f78 (Carta) textus=Nova carta
[ 656] PONERE_PROPRIETAS    019b052a-dd0e-7301-b69a-51a2cd644f78 (Carta) x=19
[ 657] PONERE_PROPRIETAS    019b052a-dd0e-7301-b69a-51a2cd644f78 (Carta) y=7
[ 658] PONERE_PROPRIETAS    019b052a-dd0e-7301-b69a-51a2cd644f78 (Carta) schirma=root$
[ 659] PONERE_PROPRIETAS    019b052a-dd0e-7301-b69a-51a2cd644f78 (Carta) textus=Hello world
[ 660] PONERE_PROPRIETAS    019afef7-411a-7b38-a13e-ccf7e1c74662 (Carta) textus=Okay, that is a high
energy blinker


That's not b...
[ 661] PONERE_PROPRIETAS    019afef7-411a-7b38-a13e-ccf7e1c74662 (Carta) x=-10
[ 662] PONERE_PROPRIETAS    019afef7-411a-7b38-a13e-ccf7e1c74662 (Carta) y=34
[ 663] DELERE_ENTITAS       019b052a-dd0e-7301-b69a-51a2cd644f78 (Carta)
[ 664] CREARE_ENTITAS       019b052f-0f27-7bd3-88e9-a0ba8bc13fb5 (Carta)
[ 665] ADDERE_RELATIO       019b052f-0f27-7bd3-88e9-a0ba8bc13fb5 (Carta) --[est]--> 7d1298f2-e383-5d7b-92da-01297c423dda
[ 666] ADDERE_NOTA          019b052f-0f27-7bd3-88e9-a0ba8bc13fb5 (Carta) ##Carta::novacarta$#
[ 667] PONERE_PROPRIETAS    019b052f-0f27-7bd3-88e9-a0ba8bc13fb5 (Carta) textus=Nova carta
[ 668] PONERE_PROPRIETAS    019b052f-0f27-7bd3-88e9-a0ba8bc13fb5 (Carta) x=4
[ 669] PONERE_PROPRIETAS    019b052f-0f27-7bd3-88e9-a0ba8bc13fb5 (Carta) y=20
[ 670] PONERE_PROPRIETAS    019b052f-0f27-7bd3-88e9-a0ba8bc13fb5 (Carta) schirma=novacarta$#
[ 671] PONERE_PROPRIETAS    019b052f-0f27-7bd3-88e9-a0ba8bc13fb5 (Carta) textus=> hello world
[ 672] PONERE_PROPRIETAS    019b008f-bb0e-7d83-b233-adb8dccc85a8 (Carta) x=14
[ 673] PONERE_PROPRIETAS    019b008f-bb0e-7d83-b233-adb8dccc85a8 (Carta) y=16
[ 674] PONERE_PROPRIETAS    019b052f-0f27-7bd3-88e9-a0ba8bc13fb5 (Carta) x=16
[ 675] PONERE_PROPRIETAS    019b052f-0f27-7bd3-88e9-a0ba8bc13fb5 (Carta) y=28
[ 676] CREARE_ENTITAS       019b0534-059b-79c7-9c5f-604f809304d3 (Carta)
[ 677] ADDERE_RELATIO       019b0534-059b-79c7-9c5f-604f809304d3 (Carta) --[est]--> 7d1298f2-e383-5d7b-92da-01297c423dda
[ 678] ADDERE_NOTA          019b0534-059b-79c7-9c5f-604f809304d3 (Carta) ##Carta::root$
[ 679] PONERE_PROPRIETAS    019b0534-059b-79c7-9c5f-604f809304d3 (Carta) textus=Nova carta
[ 680] PONERE_PROPRIETAS    019b0534-059b-79c7-9c5f-604f809304d3 (Carta) x=26
[ 681] PONERE_PROPRIETAS    019b0534-059b-79c7-9c5f-604f809304d3 (Carta) y=26
[ 682] PONERE_PROPRIETAS    019b0534-059b-79c7-9c5f-604f809304d3 (Carta) schirma=root$
[ 683] PONERE_PROPRIETAS    019b0534-059b-79c7-9c5f-604f809304d3 (Carta) x=11
[ 684] PONERE_PROPRIETAS    019b0534-059b-79c7-9c5f-604f809304d3 (Carta) y=25
[ 685] PONERE_PROPRIETAS    019b0534-059b-79c7-9c5f-604f809304d3 (Carta) x=-8
[ 686] PONERE_PROPRIETAS    019b0534-059b-79c7-9c5f-604f809304d3 (Carta) y=26
[ 687] CREARE_ENTITAS       019b053b-5d4f-7ecf-834c-74f8f7dd37aa (Carta)
[ 688] ADDERE_RELATIO       019b053b-5d4f-7ecf-834c-74f8f7dd37aa (Carta) --[est]--> 7d1298f2-e383-5d7b-92da-01297c423dda
[ 689] ADDERE_NOTA          019b053b-5d4f-7ecf-834c-74f8f7dd37aa (Carta) ##Carta::root$
[ 690] PONERE_PROPRIETAS    019b053b-5d4f-7ecf-834c-74f8f7dd37aa (Carta) textus=Nova carta
[ 691] PONERE_PROPRIETAS    019b053b-5d4f-7ecf-834c-74f8f7dd37aa (Carta) x=38
[ 692] PONERE_PROPRIETAS    019b053b-5d4f-7ecf-834c-74f8f7dd37aa (Carta) y=0
[ 693] PONERE_PROPRIETAS    019b053b-5d4f-7ecf-834c-74f8f7dd37aa (Carta) schirma=root$
[ 694] PONERE_PROPRIETAS    019b053b-5d4f-7ecf-834c-74f8f7dd37aa (Carta) x=57
[ 695] PONERE_PROPRIETAS    019b053b-5d4f-7ecf-834c-74f8f7dd37aa (Carta) y=11
[ 696] PONERE_PROPRIETAS    019b053b-5d4f-7ecf-834c-74f8f7dd37aa (Carta) y=20
[ 697] CREARE_ENTITAS       019b0549-f1a6-75d7-8262-e41de660b591 (Schirma)
[ 698] CREARE_ENTITAS       e36b364e-3a07-5f03-96ae-6168f1051cb3 (Genus)
[ 699] PONERE_PROPRIETAS    e36b364e-3a07-5f03-96ae-6168f1051cb3 (Genus) name=Schirma
[ 700] ADDERE_RELATIO       167e9336-d4ab-56fc-b024-bd7fbd18e91c (Genus) --[contains]--> e36b364e-3a07-5f03-96ae-6168f1051cb3
[ 701] ADDERE_RELATIO       019b0549-f1a6-75d7-8262-e41de660b591 (Schirma) --[est]--> e36b364e-3a07-5f03-96ae-6168f1051cb3
[ 702] PONERE_PROPRIETAS    019b0549-f1a6-75d7-8262-e41de660b591 (Schirma) slug=root
[ 703] PONERE_PROPRIETAS    019b0549-f1a6-75d7-8262-e41de660b591 (Schirma) titulus=root
[ 704] ADDERE_NOTA          019b0549-f1a6-75d7-8262-e41de660b591 (Schirma) ##Schirma
[ 705] PONERE_PROPRIETAS    019b053b-5d4f-7ecf-834c-74f8f7dd37aa (Carta) x=0
[ 706] PONERE_PROPRIETAS    019b053b-5d4f-7ecf-834c-74f8f7dd37aa (Carta) y=12
[ 707] CREARE_ENTITAS       019b054a-40ba-7f7c-b111-d40f54b2c156 (Schirma)
[ 708] ADDERE_RELATIO       019b054a-40ba-7f7c-b111-d40f54b2c156 (Schirma) --[est]--> e36b364e-3a07-5f03-96ae-6168f1051cb3
[ 709] PONERE_PROPRIETAS    019b054a-40ba-7f7c-b111-d40f54b2c156 (Schirma) slug=root
[ 710] PONERE_PROPRIETAS    019b054a-40ba-7f7c-b111-d40f54b2c156 (Schirma) titulus=root
[ 711] ADDERE_NOTA          019b054a-40ba-7f7c-b111-d40f54b2c156 (Schirma) ##Schirma
[ 712] PONERE_PROPRIETAS    019b053b-5d4f-7ecf-834c-74f8f7dd37aa (Carta) x=21
[ 713] PONERE_PROPRIETAS    019b053b-5d4f-7ecf-834c-74f8f7dd37aa (Carta) y=7
[ 714] CREARE_ENTITAS       019b054a-53c3-731f-aa8a-475aaf12a74f (Schirma)
[ 715] ADDERE_RELATIO       019b054a-53c3-731f-aa8a-475aaf12a74f (Schirma) --[est]--> e36b364e-3a07-5f03-96ae-6168f1051cb3
[ 716] PONERE_PROPRIETAS    019b054a-53c3-731f-aa8a-475aaf12a74f (Schirma) slug=novacarta$
[ 717] PONERE_PROPRIETAS    019b054a-53c3-731f-aa8a-475aaf12a74f (Schirma) titulus=novacarta$
[ 718] ADDERE_NOTA          019b054a-53c3-731f-aa8a-475aaf12a74f (Schirma) ##Schirma
[ 719] PONERE_PROPRIETAS    019b052f-0f27-7bd3-88e9-a0ba8bc13fb5 (Carta) x=25
[ 720] PONERE_PROPRIETAS    019b052f-0f27-7bd3-88e9-a0ba8bc13fb5 (Carta) y=15
[ 721] CREARE_ENTITAS       019b054a-5d9b-79dc-8626-1effabd83a00 (Schirma)
[ 722] ADDERE_RELATIO       019b054a-5d9b-79dc-8626-1effabd83a00 (Schirma) --[est]--> e36b364e-3a07-5f03-96ae-6168f1051cb3
[ 723] PONERE_PROPRIETAS    019b054a-5d9b-79dc-8626-1effabd83a00 (Schirma) slug=helloworld$
[ 724] PONERE_PROPRIETAS    019b054a-5d9b-79dc-8626-1effabd83a00 (Schirma) titulus=helloworld$
[ 725] ADDERE_NOTA          019b054a-5d9b-79dc-8626-1effabd83a00 (Schirma) ##Schirma
[ 726] CREARE_ENTITAS       019b054a-61e5-7442-a3dc-2869728aa9ff (Schirma)
[ 727] ADDERE_RELATIO       019b054a-61e5-7442-a3dc-2869728aa9ff (Schirma) --[est]--> e36b364e-3a07-5f03-96ae-6168f1051cb3
[ 728] PONERE_PROPRIETAS    019b054a-61e5-7442-a3dc-2869728aa9ff (Schirma) slug=novacarta$
[ 729] PONERE_PROPRIETAS    019b054a-61e5-7442-a3dc-2869728aa9ff (Schirma) titulus=novacarta$
[ 730] ADDERE_NOTA          019b054a-61e5-7442-a3dc-2869728aa9ff (Schirma) ##Schirma
[ 731] CREARE_ENTITAS       019b054a-63d2-7f29-b4dc-2fb154d1f475 (Schirma)
[ 732] ADDERE_RELATIO       019b054a-63d2-7f29-b4dc-2fb154d1f475 (Schirma) --[est]--> e36b364e-3a07-5f03-96ae-6168f1051cb3
[ 733] PONERE_PROPRIETAS    019b054a-63d2-7f29-b4dc-2fb154d1f475 (Schirma) slug=root
[ 734] PONERE_PROPRIETAS    019b054a-63d2-7f29-b4dc-2fb154d1f475 (Schirma) titulus=root
[ 735] ADDERE_NOTA          019b054a-63d2-7f29-b4dc-2fb154d1f475 (Schirma) ##Schirma
[ 736] PONERE_PROPRIETAS    019b053b-5d4f-7ecf-834c-74f8f7dd37aa (Carta) x=37
[ 737] PONERE_PROPRIETAS    019b053b-5d4f-7ecf-834c-74f8f7dd37aa (Carta) y=13
[ 738] CREARE_ENTITAS       019b054a-8b56-7c1f-b0cb-7f2eaeecfb3e (Carta)
[ 739] ADDERE_RELATIO       019b054a-8b56-7c1f-b0cb-7f2eaeecfb3e (Carta) --[est]--> 7d1298f2-e383-5d7b-92da-01297c423dda
[ 740] ADDERE_NOTA          019b054a-8b56-7c1f-b0cb-7f2eaeecfb3e (Carta) ##Carta::root$
[ 741] PONERE_PROPRIETAS    019b054a-8b56-7c1f-b0cb-7f2eaeecfb3e (Carta) textus=Nova carta
[ 742] PONERE_PROPRIETAS    019b054a-8b56-7c1f-b0cb-7f2eaeecfb3e (Carta) x=38
[ 743] PONERE_PROPRIETAS    019b054a-8b56-7c1f-b0cb-7f2eaeecfb3e (Carta) y=30
[ 744] PONERE_PROPRIETAS    019b054a-8b56-7c1f-b0cb-7f2eaeecfb3e (Carta) schirma=root$
[ 745] PONERE_PROPRIETAS    019b054a-8b56-7c1f-b0cb-7f2eaeecfb3e (Carta) textus=> when
[ 746] CREARE_ENTITAS       019b054a-cd3f-7b5e-9ec4-ee4a9e669071 (Schirma)
[ 747] ADDERE_RELATIO       019b054a-cd3f-7b5e-9ec4-ee4a9e669071 (Schirma) --[est]--> e36b364e-3a07-5f03-96ae-6168f1051cb3
[ 748] PONERE_PROPRIETAS    019b054a-cd3f-7b5e-9ec4-ee4a9e669071 (Schirma) slug=when$
[ 749] PONERE_PROPRIETAS    019b054a-cd3f-7b5e-9ec4-ee4a9e669071 (Schirma) titulus=when$
[ 750] ADDERE_NOTA          019b054a-cd3f-7b5e-9ec4-ee4a9e669071 (Schirma) ##Schirma
[ 751] CREARE_ENTITAS       019b054a-d34a-70bc-9bd6-7aeb08b575cf (Schirma)
[ 752] ADDERE_RELATIO       019b054a-d34a-70bc-9bd6-7aeb08b575cf (Schirma) --[est]--> e36b364e-3a07-5f03-96ae-6168f1051cb3
[ 753] PONERE_PROPRIETAS    019b054a-d34a-70bc-9bd6-7aeb08b575cf (Schirma) slug=root
[ 754] PONERE_PROPRIETAS    019b054a-d34a-70bc-9bd6-7aeb08b575cf (Schirma) titulus=root
[ 755] ADDERE_NOTA          019b054a-d34a-70bc-9bd6-7aeb08b575cf (Schirma) ##Schirma
[ 756] CREARE_ENTITAS       019b054a-d927-7745-b15a-9eb59675523f (Schirma)
[ 757] ADDERE_RELATIO       019b054a-d927-7745-b15a-9eb59675523f (Schirma) --[est]--> e36b364e-3a07-5f03-96ae-6168f1051cb3
[ 758] PONERE_PROPRIETAS    019b054a-d927-7745-b15a-9eb59675523f (Schirma) slug=when$
[ 759] PONERE_PROPRIETAS    019b054a-d927-7745-b15a-9eb59675523f (Schirma) titulus=when$
[ 760] ADDERE_NOTA          019b054a-d927-7745-b15a-9eb59675523f (Schirma) ##Schirma
[ 761] CREARE_ENTITAS       019b054a-e0a4-79b7-afc4-c63d716a14ac (Schirma)
[ 762] ADDERE_RELATIO       019b054a-e0a4-79b7-afc4-c63d716a14ac (Schirma) --[est]--> e36b364e-3a07-5f03-96ae-6168f1051cb3
[ 763] PONERE_PROPRIETAS    019b054a-e0a4-79b7-afc4-c63d716a14ac (Schirma) slug=root
[ 764] PONERE_PROPRIETAS    019b054a-e0a4-79b7-afc4-c63d716a14ac (Schirma) titulus=root
[ 765] ADDERE_NOTA          019b054a-e0a4-79b7-afc4-c63d716a14ac (Schirma) ##Schirma
[ 766] CREARE_ENTITAS       019b0f13-0912-7d26-be4b-82254c57f806 (Schirma)
[ 767] ADDERE_RELATIO       019b0f13-0912-7d26-be4b-82254c57f806 (Schirma) --[est]--> e36b364e-3a07-5f03-96ae-6168f1051cb3
[ 768] PONERE_PROPRIETAS    019b0f13-0912-7d26-be4b-82254c57f806 (Schirma) slug=root
[ 769] PONERE_PROPRIETAS    019b0f13-0912-7d26-be4b-82254c57f806 (Schirma) titulus=root
[ 770] ADDERE_NOTA          019b0f13-0912-7d26-be4b-82254c57f806 (Schirma) ##Schirma
[ 771] PONERE_PROPRIETAS    019b053b-5d4f-7ecf-834c-74f8f7dd37aa (Carta) x=24
[ 772] PONERE_PROPRIETAS    019b053b-5d4f-7ecf-834c-74f8f7dd37aa (Carta) y=7
[ 773] CREARE_ENTITAS       019b0f13-1ecc-7486-932a-d3900a64bd75 (Schirma)
[ 774] ADDERE_RELATIO       019b0f13-1ecc-7486-932a-d3900a64bd75 (Schirma) --[est]--> e36b364e-3a07-5f03-96ae-6168f1051cb3
[ 775] PONERE_PROPRIETAS    019b0f13-1ecc-7486-932a-d3900a64bd75 (Schirma) slug=novacarta
[ 776] PONERE_PROPRIETAS    019b0f13-1ecc-7486-932a-d3900a64bd75 (Schirma) titulus=novacarta
[ 777] ADDERE_NOTA          019b0f13-1ecc-7486-932a-d3900a64bd75 (Schirma) ##Schirma
[ 778] PONERE_PROPRIETAS    019b052f-0f27-7bd3-88e9-a0ba8bc13fb5 (Carta) schirma=novacarta$
[ 779] CREARE_ENTITAS       019b0f13-2680-7e64-813c-a6e34b784560 (Schirma)
[ 780] ADDERE_RELATIO       019b0f13-2680-7e64-813c-a6e34b784560 (Schirma) --[est]--> e36b364e-3a07-5f03-96ae-6168f1051cb3
[ 781] PONERE_PROPRIETAS    019b0f13-2680-7e64-813c-a6e34b784560 (Schirma) slug=helloworld
[ 782] PONERE_PROPRIETAS    019b0f13-2680-7e64-813c-a6e34b784560 (Schirma) titulus=helloworld
[ 783] ADDERE_NOTA          019b0f13-2680-7e64-813c-a6e34b784560 (Schirma) ##Schirma
[ 784] CREARE_ENTITAS       019b0f13-2b96-7a2b-9143-4cb3c0d0eb12 (Schirma)
[ 785] ADDERE_RELATIO       019b0f13-2b96-7a2b-9143-4cb3c0d0eb12 (Schirma) --[est]--> e36b364e-3a07-5f03-96ae-6168f1051cb3
[ 786] PONERE_PROPRIETAS    019b0f13-2b96-7a2b-9143-4cb3c0d0eb12 (Schirma) slug=novacarta
[ 787] PONERE_PROPRIETAS    019b0f13-2b96-7a2b-9143-4cb3c0d0eb12 (Schirma) titulus=novacarta
[ 788] ADDERE_NOTA          019b0f13-2b96-7a2b-9143-4cb3c0d0eb12 (Schirma) ##Schirma
[ 789] CREARE_ENTITAS       019b0f13-323b-7f77-bee0-059bf9921f04 (Schirma)
[ 790] ADDERE_RELATIO       019b0f13-323b-7f77-bee0-059bf9921f04 (Schirma) --[est]--> e36b364e-3a07-5f03-96ae-6168f1051cb3
[ 791] PONERE_PROPRIETAS    019b0f13-323b-7f77-bee0-059bf9921f04 (Schirma) slug=root
[ 792] PONERE_PROPRIETAS    019b0f13-323b-7f77-bee0-059bf9921f04 (Schirma) titulus=root
[ 793] ADDERE_NOTA          019b0f13-323b-7f77-bee0-059bf9921f04 (Schirma) ##Schirma
[ 794] CREARE_ENTITAS       019b0f14-6afc-7276-84c7-b9b50e0a66b5 (Schirma)
[ 795] ADDERE_RELATIO       019b0f14-6afc-7276-84c7-b9b50e0a66b5 (Schirma) --[est]--> e36b364e-3a07-5f03-96ae-6168f1051cb3
[ 796] PONERE_PROPRIETAS    019b0f14-6afc-7276-84c7-b9b50e0a66b5 (Schirma) slug=when
[ 797] PONERE_PROPRIETAS    019b0f14-6afc-7276-84c7-b9b50e0a66b5 (Schirma) titulus=when
[ 798] ADDERE_NOTA          019b0f14-6afc-7276-84c7-b9b50e0a66b5 (Schirma) ##Schirma
[ 799] CREARE_ENTITAS       019b0f14-82d4-733e-8abb-dc39176a99e4 (Carta)
[ 800] ADDERE_RELATIO       019b0f14-82d4-733e-8abb-dc39176a99e4 (Carta) --[est]--> 7d1298f2-e383-5d7b-92da-01297c423dda
[ 801] ADDERE_NOTA          019b0f14-82d4-733e-8abb-dc39176a99e4 (Carta) ##Carta::when$
[ 802] PONERE_PROPRIETAS    019b0f14-82d4-733e-8abb-dc39176a99e4 (Carta) textus=Nova carta
[ 803] PONERE_PROPRIETAS    019b0f14-82d4-733e-8abb-dc39176a99e4 (Carta) x=10
[ 804] PONERE_PROPRIETAS    019b0f14-82d4-733e-8abb-dc39176a99e4 (Carta) y=12
[ 805] PONERE_PROPRIETAS    019b0f14-82d4-733e-8abb-dc39176a99e4 (Carta) schirma=when$
[ 806] PONERE_PROPRIETAS    019b0f14-82d4-733e-8abb-dc39176a99e4 (Carta) textus=> that's cool
[ 807] CREARE_ENTITAS       019b0f14-a7f8-7884-b899-9b85e8d71d88 (Schirma)
[ 808] ADDERE_RELATIO       019b0f14-a7f8-7884-b899-9b85e8d71d88 (Schirma) --[est]--> e36b364e-3a07-5f03-96ae-6168f1051cb3
[ 809] PONERE_PROPRIETAS    019b0f14-a7f8-7884-b899-9b85e8d71d88 (Schirma) slug=thatscool
[ 810] PONERE_PROPRIETAS    019b0f14-a7f8-7884-b899-9b85e8d71d88 (Schirma) titulus=thatscool
[ 811] ADDERE_NOTA          019b0f14-a7f8-7884-b899-9b85e8d71d88 (Schirma) ##Schirma
[ 812] CREARE_ENTITAS       019b0f1d-f8cf-7875-9787-60f4416d3fb9 (Schirma)
[ 813] ADDERE_RELATIO       019b0f1d-f8cf-7875-9787-60f4416d3fb9 (Schirma) --[est]--> e36b364e-3a07-5f03-96ae-6168f1051cb3
[ 814] PONERE_PROPRIETAS    019b0f1d-f8cf-7875-9787-60f4416d3fb9 (Schirma) slug=root
[ 815] PONERE_PROPRIETAS    019b0f1d-f8cf-7875-9787-60f4416d3fb9 (Schirma) titulus=root
[ 816] ADDERE_NOTA          019b0f1d-f8cf-7875-9787-60f4416d3fb9 (Schirma) ##Schirma
[ 817] CREARE_ENTITAS       019b0f1e-1100-7725-b28a-b475414d7b5e (Schirma)
[ 818] ADDERE_RELATIO       019b0f1e-1100-7725-b28a-b475414d7b5e (Schirma) --[est]--> e36b364e-3a07-5f03-96ae-6168f1051cb3
[ 819] PONERE_PROPRIETAS    019b0f1e-1100-7725-b28a-b475414d7b5e (Schirma) slug=when
[ 820] PONERE_PROPRIETAS    019b0f1e-1100-7725-b28a-b475414d7b5e (Schirma) titulus=when
[ 821] ADDERE_NOTA          019b0f1e-1100-7725-b28a-b475414d7b5e (Schirma) ##Schirma
[ 822] CREARE_ENTITAS       019b0f1e-1abf-7a0d-a7b7-3aef0eb5abee (Schirma)
[ 823] ADDERE_RELATIO       019b0f1e-1abf-7a0d-a7b7-3aef0eb5abee (Schirma) --[est]--> e36b364e-3a07-5f03-96ae-6168f1051cb3
[ 824] PONERE_PROPRIETAS    019b0f1e-1abf-7a0d-a7b7-3aef0eb5abee (Schirma) slug=that-s-cool
[ 825] PONERE_PROPRIETAS    019b0f1e-1abf-7a0d-a7b7-3aef0eb5abee (Schirma) titulus=that-s-cool
[ 826] ADDERE_NOTA          019b0f1e-1abf-7a0d-a7b7-3aef0eb5abee (Schirma) ##Schirma
[ 827] CREARE_ENTITAS       019b0f1e-3f25-7167-8a46-30b71adaa924 (Schirma)
[ 828] ADDERE_RELATIO       019b0f1e-3f25-7167-8a46-30b71adaa924 (Schirma) --[est]--> e36b364e-3a07-5f03-96ae-6168f1051cb3
[ 829] PONERE_PROPRIETAS    019b0f1e-3f25-7167-8a46-30b71adaa924 (Schirma) slug=when
[ 830] PONERE_PROPRIETAS    019b0f1e-3f25-7167-8a46-30b71adaa924 (Schirma) titulus=when
[ 831] ADDERE_NOTA          019b0f1e-3f25-7167-8a46-30b71adaa924 (Schirma) ##Schirma
[ 832] CREARE_ENTITAS       019b0f1e-40b7-7b8b-9fae-bde1d57ea9bc (Schirma)
[ 833] ADDERE_RELATIO       019b0f1e-40b7-7b8b-9fae-bde1d57ea9bc (Schirma) --[est]--> e36b364e-3a07-5f03-96ae-6168f1051cb3
[ 834] PONERE_PROPRIETAS    019b0f1e-40b7-7b8b-9fae-bde1d57ea9bc (Schirma) slug=root
[ 835] PONERE_PROPRIETAS    019b0f1e-40b7-7b8b-9fae-bde1d57ea9bc (Schirma) titulus=root
[ 836] ADDERE_NOTA          019b0f1e-40b7-7b8b-9fae-bde1d57ea9bc (Schirma) ##Schirma
[ 837] CREARE_ENTITAS       019b0f5e-57e5-7861-80c9-40f33190678e (Schirma)
[ 838] ADDERE_RELATIO       019b0f5e-57e5-7861-80c9-40f33190678e (Schirma) --[est]--> e36b364e-3a07-5f03-96ae-6168f1051cb3
[ 839] PONERE_PROPRIETAS    019b0f5e-57e5-7861-80c9-40f33190678e (Schirma) slug=root
[ 840] PONERE_PROPRIETAS    019b0f5e-57e5-7861-80c9-40f33190678e (Schirma) titulus=root
[ 841] ADDERE_NOTA          019b0f5e-57e5-7861-80c9-40f33190678e (Schirma) ##Schirma
[ 842] PONERE_PROPRIETAS    019b053b-5d4f-7ecf-834c-74f8f7dd37aa (Carta) x=5
[ 843] PONERE_PROPRIETAS    019b053b-5d4f-7ecf-834c-74f8f7dd37aa (Carta) y=10
[ 844] CREARE_ENTITAS       019b0f5e-8206-709f-a2b7-305cab25ffaa (Schirma)
[ 845] ADDERE_RELATIO       019b0f5e-8206-709f-a2b7-305cab25ffaa (Schirma) --[est]--> e36b364e-3a07-5f03-96ae-6168f1051cb3
[ 846] PONERE_PROPRIETAS    019b0f5e-8206-709f-a2b7-305cab25ffaa (Schirma) slug=nova-carta
[ 847] PONERE_PROPRIETAS    019b0f5e-8206-709f-a2b7-305cab25ffaa (Schirma) titulus=nova-carta
[ 848] ADDERE_NOTA          019b0f5e-8206-709f-a2b7-305cab25ffaa (Schirma) ##Schirma
[ 849] CREARE_ENTITAS       019b0f5e-876d-7149-a27d-2c771bb00fe9 (Schirma)
[ 850] ADDERE_RELATIO       019b0f5e-876d-7149-a27d-2c771bb00fe9 (Schirma) --[est]--> e36b364e-3a07-5f03-96ae-6168f1051cb3
[ 851] PONERE_PROPRIETAS    019b0f5e-876d-7149-a27d-2c771bb00fe9 (Schirma) slug=root
[ 852] PONERE_PROPRIETAS    019b0f5e-876d-7149-a27d-2c771bb00fe9 (Schirma) titulus=root
[ 853] ADDERE_NOTA          019b0f5e-876d-7149-a27d-2c771bb00fe9 (Schirma) ##Schirma
[ 854] DELERE_NOTA          019b053b-5d4f-7ecf-834c-74f8f7dd37aa (Carta) ##Carta::root
[ 855] ADDERE_NOTA          019b053b-5d4f-7ecf-834c-74f8f7dd37aa (Carta) ##Carta::nova-carta
[ 856] PONERE_PROPRIETAS    019b053b-5d4f-7ecf-834c-74f8f7dd37aa (Carta) schirma=nova-carta
[ 857] CREARE_ENTITAS       019b0f5e-9367-7630-b359-95101421fcff (Schirma)
[ 858] ADDERE_RELATIO       019b0f5e-9367-7630-b359-95101421fcff (Schirma) --[est]--> e36b364e-3a07-5f03-96ae-6168f1051cb3
[ 859] PONERE_PROPRIETAS    019b0f5e-9367-7630-b359-95101421fcff (Schirma) slug=nova-carta
[ 860] PONERE_PROPRIETAS    019b0f5e-9367-7630-b359-95101421fcff (Schirma) titulus=nova-carta
[ 861] ADDERE_NOTA          019b0f5e-9367-7630-b359-95101421fcff (Schirma) ##Schirma
[ 862] CREARE_ENTITAS       019b0f5e-99cd-7f10-a1e4-17ce796e7191 (Schirma)
[ 863] ADDERE_RELATIO       019b0f5e-99cd-7f10-a1e4-17ce796e7191 (Schirma) --[est]--> e36b364e-3a07-5f03-96ae-6168f1051cb3
[ 864] PONERE_PROPRIETAS    019b0f5e-99cd-7f10-a1e4-17ce796e7191 (Schirma) slug=root
[ 865] PONERE_PROPRIETAS    019b0f5e-99cd-7f10-a1e4-17ce796e7191 (Schirma) titulus=root
[ 866] ADDERE_NOTA          019b0f5e-99cd-7f10-a1e4-17ce796e7191 (Schirma) ##Schirma
[ 867] PONERE_PROPRIETAS    019b053b-5d4f-7ecf-834c-74f8f7dd37aa (Carta) schirma=root$
[ 868] CREARE_ENTITAS       019b0f5e-a1ad-73ec-a824-5cc8cd2b1db3 (Schirma)
[ 869] ADDERE_RELATIO       019b0f5e-a1ad-73ec-a824-5cc8cd2b1db3 (Schirma) --[est]--> e36b364e-3a07-5f03-96ae-6168f1051cb3
[ 870] PONERE_PROPRIETAS    019b0f5e-a1ad-73ec-a824-5cc8cd2b1db3 (Schirma) slug=when
[ 871] PONERE_PROPRIETAS    019b0f5e-a1ad-73ec-a824-5cc8cd2b1db3 (Schirma) titulus=when
[ 872] ADDERE_NOTA          019b0f5e-a1ad-73ec-a824-5cc8cd2b1db3 (Schirma) ##Schirma
[ 873] CREARE_ENTITAS       019b0f5e-a83c-7fdb-9f56-8fafd8e6c7f5 (Schirma)
[ 874] ADDERE_RELATIO       019b0f5e-a83c-7fdb-9f56-8fafd8e6c7f5 (Schirma) --[est]--> e36b364e-3a07-5f03-96ae-6168f1051cb3
[ 875] PONERE_PROPRIETAS    019b0f5e-a83c-7fdb-9f56-8fafd8e6c7f5 (Schirma) slug=that-s-cool
[ 876] PONERE_PROPRIETAS    019b0f5e-a83c-7fdb-9f56-8fafd8e6c7f5 (Schirma) titulus=that-s-cool
[ 877] ADDERE_NOTA          019b0f5e-a83c-7fdb-9f56-8fafd8e6c7f5 (Schirma) ##Schirma
[ 878] CREARE_ENTITAS       019b0f5e-abbb-7761-b333-ea6bc4975789 (Schirma)
[ 879] ADDERE_RELATIO       019b0f5e-abbb-7761-b333-ea6bc4975789 (Schirma) --[est]--> e36b364e-3a07-5f03-96ae-6168f1051cb3
[ 880] PONERE_PROPRIETAS    019b0f5e-abbb-7761-b333-ea6bc4975789 (Schirma) slug=when
[ 881] PONERE_PROPRIETAS    019b0f5e-abbb-7761-b333-ea6bc4975789 (Schirma) titulus=when
[ 882] ADDERE_NOTA          019b0f5e-abbb-7761-b333-ea6bc4975789 (Schirma) ##Schirma
[ 883] CREARE_ENTITAS       019b0f5e-ad90-719b-852c-8acbc046372d (Schirma)
[ 884] ADDERE_RELATIO       019b0f5e-ad90-719b-852c-8acbc046372d (Schirma) --[est]--> e36b364e-3a07-5f03-96ae-6168f1051cb3
[ 885] PONERE_PROPRIETAS    019b0f5e-ad90-719b-852c-8acbc046372d (Schirma) slug=root
[ 886] PONERE_PROPRIETAS    019b0f5e-ad90-719b-852c-8acbc046372d (Schirma) titulus=root
[ 887] ADDERE_NOTA          019b0f5e-ad90-719b-852c-8acbc046372d (Schirma) ##Schirma
[ 888] PONERE_PROPRIETAS    019b008f-bb0e-7d83-b233-adb8dccc85a8 (Carta) x=11
[ 889] PONERE_PROPRIETAS    019b008f-bb0e-7d83-b233-adb8dccc85a8 (Carta) y=21
[ 890] PONERE_PROPRIETAS    019b053b-5d4f-7ecf-834c-74f8f7dd37aa (Carta) x=19
[ 891] PONERE_PROPRIETAS    019b053b-5d4f-7ecf-834c-74f8f7dd37aa (Carta) y=15
[ 892] CREARE_ENTITAS       019b32b5-abc0-767b-a7f0-15feb7054d27 (Schirma)
[ 893] ADDERE_RELATIO       019b32b5-abc0-767b-a7f0-15feb7054d27 (Schirma) --[est]--> e36b364e-3a07-5f03-96ae-6168f1051cb3
[ 894] PONERE_PROPRIETAS    019b32b5-abc0-767b-a7f0-15feb7054d27 (Schirma) slug=root
[ 895] PONERE_PROPRIETAS    019b32b5-abc0-767b-a7f0-15feb7054d27 (Schirma) titulus=root
[ 896] ADDERE_NOTA          019b32b5-abc0-767b-a7f0-15feb7054d27 (Schirma) ##Schirma
[ 897] DELERE_NOTA          019b053b-5d4f-7ecf-834c-74f8f7dd37aa (Carta) ##Carta::root
[ 898] PONERE_PROPRIETAS    019b053b-5d4f-7ecf-834c-74f8f7dd37aa (Carta) schirma=nova-carta
[ 899] PONERE_PROPRIETAS    019b008f-bb0e-7d83-b233-adb8dccc85a8 (Carta) x=12
[ 900] PONERE_PROPRIETAS    019b008f-bb0e-7d83-b233-adb8dccc85a8 (Carta) y=30
[ 901] CREARE_ENTITAS       019b32b5-e4ba-7cc4-a8c1-a4342467a6fc (Schirma)
[ 902] ADDERE_RELATIO       019b32b5-e4ba-7cc4-a8c1-a4342467a6fc (Schirma) --[est]--> e36b364e-3a07-5f03-96ae-6168f1051cb3
[ 903] PONERE_PROPRIETAS    019b32b5-e4ba-7cc4-a8c1-a4342467a6fc (Schirma) slug=nova-carta
[ 904] PONERE_PROPRIETAS    019b32b5-e4ba-7cc4-a8c1-a4342467a6fc (Schirma) titulus=nova-carta
[ 905] ADDERE_NOTA          019b32b5-e4ba-7cc4-a8c1-a4342467a6fc (Schirma) ##Schirma
[ 906] CREARE_ENTITAS       019b32b5-ea05-705f-9d25-c7095b96c980 (Schirma)
[ 907] ADDERE_RELATIO       019b32b5-ea05-705f-9d25-c7095b96c980 (Schirma) --[est]--> e36b364e-3a07-5f03-96ae-6168f1051cb3
[ 908] PONERE_PROPRIETAS    019b32b5-ea05-705f-9d25-c7095b96c980 (Schirma) slug=root
[ 909] PONERE_PROPRIETAS    019b32b5-ea05-705f-9d25-c7095b96c980 (Schirma) titulus=root
[ 910] ADDERE_NOTA          019b32b5-ea05-705f-9d25-c7095b96c980 (Schirma) ##Schirma
[ 911] DELERE_NOTA          019b053b-5d4f-7ecf-834c-74f8f7dd37aa (Carta) ##Carta::root
[ 912] CREARE_ENTITAS       019b32b5-f520-76e5-a23a-e473b7b886ec (Schirma)
[ 913] ADDERE_RELATIO       019b32b5-f520-76e5-a23a-e473b7b886ec (Schirma) --[est]--> e36b364e-3a07-5f03-96ae-6168f1051cb3
[ 914] PONERE_PROPRIETAS    019b32b5-f520-76e5-a23a-e473b7b886ec (Schirma) slug=nova-carta
[ 915] PONERE_PROPRIETAS    019b32b5-f520-76e5-a23a-e473b7b886ec (Schirma) titulus=nova-carta
[ 916] ADDERE_NOTA          019b32b5-f520-76e5-a23a-e473b7b886ec (Schirma) ##Schirma
[ 917] CREARE_ENTITAS       019b32b5-fc2c-71d5-8083-1f2171d46971 (Schirma)
[ 918] ADDERE_RELATIO       019b32b5-fc2c-71d5-8083-1f2171d46971 (Schirma) --[est]--> e36b364e-3a07-5f03-96ae-6168f1051cb3
[ 919] PONERE_PROPRIETAS    019b32b5-fc2c-71d5-8083-1f2171d46971 (Schirma) slug=root
[ 920] PONERE_PROPRIETAS    019b32b5-fc2c-71d5-8083-1f2171d46971 (Schirma) titulus=root
[ 921] ADDERE_NOTA          019b32b5-fc2c-71d5-8083-1f2171d46971 (Schirma) ##Schirma
[ 922] PONERE_PROPRIETAS    019b053b-5d4f-7ecf-834c-74f8f7dd37aa (Carta) x=18
[ 923] PONERE_PROPRIETAS    019b053b-5d4f-7ecf-834c-74f8f7dd37aa (Carta) y=23
[ 924] PONERE_PROPRIETAS    019b053b-5d4f-7ecf-834c-74f8f7dd37aa (Carta) schirma=root$
[ 925] CREARE_ENTITAS       019b32bb-cfbb-72a2-9d2c-9ce10ea121be (Carta)
[ 926] ADDERE_RELATIO       019b32bb-cfbb-72a2-9d2c-9ce10ea121be (Carta) --[est]--> 7d1298f2-e383-5d7b-92da-01297c423dda
[ 927] ADDERE_NOTA          019b32bb-cfbb-72a2-9d2c-9ce10ea121be (Carta) ##Carta::root$
[ 928] PONERE_PROPRIETAS    019b32bb-cfbb-72a2-9d2c-9ce10ea121be (Carta) textus=Nova carta
[ 929] PONERE_PROPRIETAS    019b32bb-cfbb-72a2-9d2c-9ce10ea121be (Carta) x=41
[ 930] PONERE_PROPRIETAS    019b32bb-cfbb-72a2-9d2c-9ce10ea121be (Carta) y=7
[ 931] PONERE_PROPRIETAS    019b32bb-cfbb-72a2-9d2c-9ce10ea121be (Carta) schirma=root$
[ 932] CREARE_ENTITAS       019b32bb-f147-7401-b5be-d9989c90787c (Schirma)
[ 933] ADDERE_RELATIO       019b32bb-f147-7401-b5be-d9989c90787c (Schirma) --[est]--> e36b364e-3a07-5f03-96ae-6168f1051cb3
[ 934] PONERE_PROPRIETAS    019b32bb-f147-7401-b5be-d9989c90787c (Schirma) slug=root
[ 935] PONERE_PROPRIETAS    019b32bb-f147-7401-b5be-d9989c90787c (Schirma) titulus=root
[ 936] ADDERE_NOTA          019b32bb-f147-7401-b5be-d9989c90787c (Schirma) ##Schirma
[ 937] CREARE_ENTITAS       fd393f4b-4b5d-5a75-b6e6-e2bc73af8184 (Schirma)
[ 938] PONERE_PROPRIETAS    fd393f4b-4b5d-5a75-b6e6-e2bc73af8184 (Schirma) titulus=root
[ 939] ADDERE_RELATIO       fd393f4b-4b5d-5a75-b6e6-e2bc73af8184 (Schirma) --[est]--> e36b364e-3a07-5f03-96ae-6168f1051cb3
[ 940] PONERE_PROPRIETAS    fd393f4b-4b5d-5a75-b6e6-e2bc73af8184 (Schirma) slug=root
[ 941] ADDERE_NOTA          fd393f4b-4b5d-5a75-b6e6-e2bc73af8184 (Schirma) ##Radix
[ 942] CREARE_ENTITAS       44ddc236-bccc-5726-988d-ebe44062adba (Schirma)
[ 943] PONERE_PROPRIETAS    44ddc236-bccc-5726-988d-ebe44062adba (Schirma) titulus=root$
[ 944] ADDERE_RELATIO       44ddc236-bccc-5726-988d-ebe44062adba (Schirma) --[est]--> e36b364e-3a07-5f03-96ae-6168f1051cb3
[ 945] PONERE_PROPRIETAS    44ddc236-bccc-5726-988d-ebe44062adba (Schirma) slug=root$
[ 946] CREARE_ENTITAS       019b32d5-96f7-77b2-85e2-61b50d824aed (Carta)
[ 947] ADDERE_RELATIO       019b32d5-96f7-77b2-85e2-61b50d824aed (Carta) --[est]--> 7d1298f2-e383-5d7b-92da-01297c423dda
[ 948] ADDERE_RELATIO       44ddc236-bccc-5726-988d-ebe44062adba (Schirma) --[continet]--> 019b32d5-96f7-77b2-85e2-61b50d824aed
[ 949] PONERE_PROPRIETAS    019b32d5-96f7-77b2-85e2-61b50d824aed (Carta) textus=Nova carta
[ 950] PONERE_PROPRIETAS    019b32d5-96f7-77b2-85e2-61b50d824aed (Carta) x=18
[ 951] PONERE_PROPRIETAS    019b32d5-96f7-77b2-85e2-61b50d824aed (Carta) y=15
[ 952] PONERE_PROPRIETAS    019b32d5-96f7-77b2-85e2-61b50d824aed (Carta) textus=Hello world!
[ 953] PONERE_PROPRIETAS    019b32d5-96f7-77b2-85e2-61b50d824aed (Carta) x=9
[ 954] PONERE_PROPRIETAS    019b32d5-96f7-77b2-85e2-61b50d824aed (Carta) y=5
[ 955] PONERE_PROPRIETAS    019b32d5-96f7-77b2-85e2-61b50d824aed (Carta) x=3
[ 956] PONERE_PROPRIETAS    019b32d5-96f7-77b2-85e2-61b50d824aed (Carta) y=6
[ 957] CREARE_ENTITAS       019b32d5-e3ae-7f68-a52c-f632ae85ff64 (Carta)
[ 958] ADDERE_RELATIO       019b32d5-e3ae-7f68-a52c-f632ae85ff64 (Carta) --[est]--> 7d1298f2-e383-5d7b-92da-01297c423dda
[ 959] ADDERE_RELATIO       44ddc236-bccc-5726-988d-ebe44062adba (Schirma) --[continet]--> 019b32d5-e3ae-7f68-a52c-f632ae85ff64
[ 960] PONERE_PROPRIETAS    019b32d5-e3ae-7f68-a52c-f632ae85ff64 (Carta) textus=Nova carta
[ 961] PONERE_PROPRIETAS    019b32d5-e3ae-7f68-a52c-f632ae85ff64 (Carta) x=27
[ 962] PONERE_PROPRIETAS    019b32d5-e3ae-7f68-a52c-f632ae85ff64 (Carta) y=19
[ 963] PONERE_PROPRIETAS    019b32d5-e3ae-7f68-a52c-f632ae85ff64 (Carta) textus=Well, this is a thing and it's
not too bad! I gues...
[ 964] PONERE_PROPRIETAS    019b32d5-e3ae-7f68-a52c-f632ae85ff64 (Carta) x=10
[ 965] PONERE_PROPRIETAS    019b32d5-e3ae-7f68-a52c-f632ae85ff64 (Carta) y=13
[ 966] PONERE_PROPRIETAS    019b32d5-96f7-77b2-85e2-61b50d824aed (Carta) x=8
[ 967] PONERE_PROPRIETAS    019b32d5-96f7-77b2-85e2-61b50d824aed (Carta) y=7
[ 968] CREARE_ENTITAS       019b32d8-5d50-7e6d-8c15-0d0bb100cfa3 (Carta)
[ 969] ADDERE_RELATIO       019b32d8-5d50-7e6d-8c15-0d0bb100cfa3 (Carta) --[est]--> 7d1298f2-e383-5d7b-92da-01297c423dda
[ 970] ADDERE_RELATIO       44ddc236-bccc-5726-988d-ebe44062adba (Schirma) --[continet]--> 019b32d8-5d50-7e6d-8c15-0d0bb100cfa3
[ 971] PONERE_PROPRIETAS    019b32d8-5d50-7e6d-8c15-0d0bb100cfa3 (Carta) textus=Nova carta
[ 972] PONERE_PROPRIETAS    019b32d8-5d50-7e6d-8c15-0d0bb100cfa3 (Carta) x=18
[ 973] PONERE_PROPRIETAS    019b32d8-5d50-7e6d-8c15-0d0bb100cfa3 (Carta) y=33
[ 974] PONERE_PROPRIETAS    019b32d8-5d50-7e6d-8c15-0d0bb100cfa3 (Carta) textus=> ideas
[ 975] PONERE_PROPRIETAS    019b32d8-5d50-7e6d-8c15-0d0bb100cfa3 (Carta) y=29
[ 976] CREARE_ENTITAS       39d45130-9803-5e6e-a352-3d788ee873b9 (Schirma)
[ 977] PONERE_PROPRIETAS    39d45130-9803-5e6e-a352-3d788ee873b9 (Schirma) titulus=ideas
[ 978] ADDERE_RELATIO       39d45130-9803-5e6e-a352-3d788ee873b9 (Schirma) --[est]--> e36b364e-3a07-5f03-96ae-6168f1051cb3
[ 979] PONERE_PROPRIETAS    39d45130-9803-5e6e-a352-3d788ee873b9 (Schirma) slug=ideas
[ 980] ADDERE_RELATIO       019b32d8-5d50-7e6d-8c15-0d0bb100cfa3 (Carta) --[portal_ad]--> 39d45130-9803-5e6e-a352-3d788ee873b9
[ 981] CREARE_ENTITAS       019b32d8-b079-7d6c-8aad-fbda71eed2f9 (Carta)
[ 982] ADDERE_RELATIO       019b32d8-b079-7d6c-8aad-fbda71eed2f9 (Carta) --[est]--> 7d1298f2-e383-5d7b-92da-01297c423dda
[ 983] ADDERE_RELATIO       44ddc236-bccc-5726-988d-ebe44062adba (Schirma) --[continet]--> 019b32d8-b079-7d6c-8aad-fbda71eed2f9
[ 984] PONERE_PROPRIETAS    019b32d8-b079-7d6c-8aad-fbda71eed2f9 (Carta) textus=Nova carta
[ 985] PONERE_PROPRIETAS    019b32d8-b079-7d6c-8aad-fbda71eed2f9 (Carta) x=42
[ 986] PONERE_PROPRIETAS    019b32d8-b079-7d6c-8aad-fbda71eed2f9 (Carta) y=49
[ 987] PONERE_PROPRIETAS    019b32d8-b079-7d6c-8aad-fbda71eed2f9 (Carta) textus=test idea
[ 988] CREARE_ENTITAS       82c9bc4b-2409-5072-ba49-1c8744ff4146 (Schirma)
[ 989] PONERE_PROPRIETAS    82c9bc4b-2409-5072-ba49-1c8744ff4146 (Schirma) titulus=ideas$
[ 990] ADDERE_RELATIO       82c9bc4b-2409-5072-ba49-1c8744ff4146 (Schirma) --[est]--> e36b364e-3a07-5f03-96ae-6168f1051cb3
[ 991] PONERE_PROPRIETAS    82c9bc4b-2409-5072-ba49-1c8744ff4146 (Schirma) slug=ideas$
[ 992] PONERE_PROPRIETAS    019b32d8-b079-7d6c-8aad-fbda71eed2f9 (Carta) x=41
[ 993] PONERE_PROPRIETAS    019b32d8-b079-7d6c-8aad-fbda71eed2f9 (Carta) y=34
[ 994] DELERE_RELATIO       44ddc236-bccc-5726-988d-ebe44062adba (Schirma)
[ 995] ADDERE_RELATIO       39d45130-9803-5e6e-a352-3d788ee873b9 (Schirma) --[continet]--> 019b32d8-b079-7d6c-8aad-fbda71eed2f9
[ 996] CREARE_ENTITAS       019b33c0-1fc9-7efe-96b3-e1931d52c488 (Carta)
[ 997] ADDERE_RELATIO       019b33c0-1fc9-7efe-96b3-e1931d52c488 (Carta) --[est]--> 7d1298f2-e383-5d7b-92da-01297c423dda
[ 998] ADDERE_RELATIO       44ddc236-bccc-5726-988d-ebe44062adba (Schirma) --[continet]--> 019b33c0-1fc9-7efe-96b3-e1931d52c488
[ 999] PONERE_PROPRIETAS    019b33c0-1fc9-7efe-96b3-e1931d52c488 (Carta) textus=Nova carta
[1000] PONERE_PROPRIETAS    019b33c0-1fc9-7efe-96b3-e1931d52c488 (Carta) x=40
[1001] PONERE_PROPRIETAS    019b33c0-1fc9-7efe-96b3-e1931d52c488 (Carta) y=41
[1002] PONERE_PROPRIETAS    019b33c0-1fc9-7efe-96b3-e1931d52c488 (Carta) textus=test thing
[1003] DELERE_RELATIO       44ddc236-bccc-5726-988d-ebe44062adba (Schirma)
[1004] ADDERE_RELATIO       39d45130-9803-5e6e-a352-3d788ee873b9 (Schirma) --[continet]--> 019b33c0-1fc9-7efe-96b3-e1931d52c488
[1005] CREARE_ENTITAS       019b33c2-af9e-72f6-ae45-ab8ccbc71627 (Carta)
[1006] ADDERE_RELATIO       019b33c2-af9e-72f6-ae45-ab8ccbc71627 (Carta) --[est]--> 7d1298f2-e383-5d7b-92da-01297c423dda
[1007] ADDERE_RELATIO       44ddc236-bccc-5726-988d-ebe44062adba (Schirma) --[continet]--> 019b33c2-af9e-72f6-ae45-ab8ccbc71627
[1008] PONERE_PROPRIETAS    019b33c2-af9e-72f6-ae45-ab8ccbc71627 (Carta) textus=Nova carta
[1009] PONERE_PROPRIETAS    019b33c2-af9e-72f6-ae45-ab8ccbc71627 (Carta) x=13
[1010] PONERE_PROPRIETAS    019b33c2-af9e-72f6-ae45-ab8ccbc71627 (Carta) y=19
[1011] PONERE_PROPRIETAS    019b33c2-af9e-72f6-ae45-ab8ccbc71627 (Carta) textus=test!
[1012] CREARE_ENTITAS       019b33c8-2cdc-70ee-a66f-2b5b8b44e0cb (Carta)
[1013] ADDERE_RELATIO       019b33c8-2cdc-70ee-a66f-2b5b8b44e0cb (Carta) --[est]--> 7d1298f2-e383-5d7b-92da-01297c423dda
[1014] ADDERE_RELATIO       fd393f4b-4b5d-5a75-b6e6-e2bc73af8184 (Schirma) --[continet]--> 019b33c8-2cdc-70ee-a66f-2b5b8b44e0cb
[1015] PONERE_PROPRIETAS    019b33c8-2cdc-70ee-a66f-2b5b8b44e0cb (Carta) textus=Nova carta
[1016] PONERE_PROPRIETAS    019b33c8-2cdc-70ee-a66f-2b5b8b44e0cb (Carta) x=24
[1017] PONERE_PROPRIETAS    019b33c8-2cdc-70ee-a66f-2b5b8b44e0cb (Carta) y=21
[1018] PONERE_PROPRIETAS    019b33c8-2cdc-70ee-a66f-2b5b8b44e0cb (Carta) textus=yello
[1019] CREARE_ENTITAS       019b33c8-5c8a-79a4-846f-5ca24f327a5a (Carta)
[1020] ADDERE_RELATIO       019b33c8-5c8a-79a4-846f-5ca24f327a5a (Carta) --[est]--> 7d1298f2-e383-5d7b-92da-01297c423dda
[1021] ADDERE_RELATIO       fd393f4b-4b5d-5a75-b6e6-e2bc73af8184 (Schirma) --[continet]--> 019b33c8-5c8a-79a4-846f-5ca24f327a5a
[1022] PONERE_PROPRIETAS    019b33c8-5c8a-79a4-846f-5ca24f327a5a (Carta) textus=Nova carta
[1023] PONERE_PROPRIETAS    019b33c8-5c8a-79a4-846f-5ca24f327a5a (Carta) x=24
[1024] PONERE_PROPRIETAS    019b33c8-5c8a-79a4-846f-5ca24f327a5a (Carta) y=0
[1025] PONERE_PROPRIETAS    019b33c8-2cdc-70ee-a66f-2b5b8b44e0cb (Carta) x=19
[1026] PONERE_PROPRIETAS    019b33c8-2cdc-70ee-a66f-2b5b8b44e0cb (Carta) y=13
[1027] PONERE_PROPRIETAS    019b33c8-5c8a-79a4-846f-5ca24f327a5a (Carta) x=33
[1028] PONERE_PROPRIETAS    019b33c8-5c8a-79a4-846f-5ca24f327a5a (Carta) y=18
[1029] CREARE_ENTITAS       019b33c8-a5fb-7ac9-852b-a8c9dc2785ce (Carta)
[1030] ADDERE_RELATIO       019b33c8-a5fb-7ac9-852b-a8c9dc2785ce (Carta) --[est]--> 7d1298f2-e383-5d7b-92da-01297c423dda
[1031] ADDERE_RELATIO       fd393f4b-4b5d-5a75-b6e6-e2bc73af8184 (Schirma) --[continet]--> 019b33c8-a5fb-7ac9-852b-a8c9dc2785ce
[1032] PONERE_PROPRIETAS    019b33c8-a5fb-7ac9-852b-a8c9dc2785ce (Carta) textus=Nova carta
[1033] PONERE_PROPRIETAS    019b33c8-a5fb-7ac9-852b-a8c9dc2785ce (Carta) x=20
[1034] PONERE_PROPRIETAS    019b33c8-a5fb-7ac9-852b-a8c9dc2785ce (Carta) y=0
[1035] PONERE_PROPRIETAS    019b33c8-a5fb-7ac9-852b-a8c9dc2785ce (Carta) x=18
[1036] PONERE_PROPRIETAS    019b33c8-a5fb-7ac9-852b-a8c9dc2785ce (Carta) y=30
[1037] PONERE_PROPRIETAS    019b33c8-a5fb-7ac9-852b-a8c9dc2785ce (Carta) x=22
[1038] PONERE_PROPRIETAS    019b33c8-a5fb-7ac9-852b-a8c9dc2785ce (Carta) y=23
[1039] PONERE_PROPRIETAS    019b33c8-2cdc-70ee-a66f-2b5b8b44e0cb (Carta) x=9
[1040] PONERE_PROPRIETAS    019b33c8-2cdc-70ee-a66f-2b5b8b44e0cb (Carta) y=8
[1041] PONERE_PROPRIETAS    019b33c8-5c8a-79a4-846f-5ca24f327a5a (Carta) x=10
[1042] PONERE_PROPRIETAS    019b33c8-5c8a-79a4-846f-5ca24f327a5a (Carta) y=20
[1043] PONERE_PROPRIETAS    019b33c8-a5fb-7ac9-852b-a8c9dc2785ce (Carta) x=11
[1044] PONERE_PROPRIETAS    019b33c8-a5fb-7ac9-852b-a8c9dc2785ce (Carta) y=14
[1045] PONERE_PROPRIETAS    019b33c8-5c8a-79a4-846f-5ca24f327a5a (Carta) textus=folderoid
[1046] PONERE_PROPRIETAS    019b33c8-a5fb-7ac9-852b-a8c9dc2785ce (Carta) x=30
[1047] PONERE_PROPRIETAS    019b33c8-a5fb-7ac9-852b-a8c9dc2785ce (Carta) y=29
[1048] PONERE_PROPRIETAS    019b33c8-a5fb-7ac9-852b-a8c9dc2785ce (Carta) textus=gasp
[1049] PONERE_PROPRIETAS    019b33c8-5c8a-79a4-846f-5ca24f327a5a (Carta) textus=> folderoid
[1050] CREARE_ENTITAS       c73d78c2-5247-5ce1-90c3-1d740f97903f (Schirma)
[1051] PONERE_PROPRIETAS    c73d78c2-5247-5ce1-90c3-1d740f97903f (Schirma) titulus=folderoid
[1052] ADDERE_RELATIO       c73d78c2-5247-5ce1-90c3-1d740f97903f (Schirma) --[est]--> e36b364e-3a07-5f03-96ae-6168f1051cb3
[1053] PONERE_PROPRIETAS    c73d78c2-5247-5ce1-90c3-1d740f97903f (Schirma) slug=folderoid
[1054] ADDERE_RELATIO       019b33c8-5c8a-79a4-846f-5ca24f327a5a (Carta) --[portal_ad]--> c73d78c2-5247-5ce1-90c3-1d740f97903f
[1055] DELERE_RELATIO       fd393f4b-4b5d-5a75-b6e6-e2bc73af8184 (Schirma)
[1056] ADDERE_RELATIO       c73d78c2-5247-5ce1-90c3-1d740f97903f (Schirma) --[continet]--> 019b33c8-a5fb-7ac9-852b-a8c9dc2785ce
[1057] PONERE_PROPRIETAS    019b33c8-a5fb-7ac9-852b-a8c9dc2785ce (Carta) x=17
[1058] PONERE_PROPRIETAS    019b33c8-a5fb-7ac9-852b-a8c9dc2785ce (Carta) y=13
[1059] PONERE_PROPRIETAS    019b33c8-2cdc-70ee-a66f-2b5b8b44e0cb (Carta) x=10
[1060] PONERE_PROPRIETAS    019b33c8-2cdc-70ee-a66f-2b5b8b44e0cb (Carta) y=14
[1061] PONERE_PROPRIETAS    019b33c8-5c8a-79a4-846f-5ca24f327a5a (Carta) x=2
[1062] PONERE_PROPRIETAS    019b33c8-5c8a-79a4-846f-5ca24f327a5a (Carta) y=25
[1063] PONERE_PROPRIETAS    019b33c8-5c8a-79a4-846f-5ca24f327a5a (Carta) x=9
[1064] PONERE_PROPRIETAS    019b33c8-5c8a-79a4-846f-5ca24f327a5a (Carta) y=21
[1065] PONERE_PROPRIETAS    019b33c8-2cdc-70ee-a66f-2b5b8b44e0cb (Carta) x=61
[1066] PONERE_PROPRIETAS    019b33c8-2cdc-70ee-a66f-2b5b8b44e0cb (Carta) y=20
[1067] PONERE_PROPRIETAS    019b33c8-2cdc-70ee-a66f-2b5b8b44e0cb (Carta) x=48
[1068] PONERE_PROPRIETAS    019b33c8-2cdc-70ee-a66f-2b5b8b44e0cb (Carta) x=17
[1069] PONERE_PROPRIETAS    019b33c8-2cdc-70ee-a66f-2b5b8b44e0cb (Carta) y=30
[1070] PONERE_PROPRIETAS    019b33c8-5c8a-79a4-846f-5ca24f327a5a (Carta) x=14
[1071] PONERE_PROPRIETAS    019b33c8-5c8a-79a4-846f-5ca24f327a5a (Carta) y=9
[1072] PONERE_PROPRIETAS    019b33c8-2cdc-70ee-a66f-2b5b8b44e0cb (Carta) x=26
[1073] PONERE_PROPRIETAS    019b33c8-5c8a-79a4-846f-5ca24f327a5a (Carta) x=16
[1074] PONERE_PROPRIETAS    019b33c8-5c8a-79a4-846f-5ca24f327a5a (Carta) y=15
[1075] PONERE_PROPRIETAS    019b33c8-2cdc-70ee-a66f-2b5b8b44e0cb (Carta) x=61
[1076] PONERE_PROPRIETAS    019b33c8-2cdc-70ee-a66f-2b5b8b44e0cb (Carta) y=29
[1077] PONERE_PROPRIETAS    019b33c8-2cdc-70ee-a66f-2b5b8b44e0cb (Carta) x=0
[1078] PONERE_PROPRIETAS    019b33c8-2cdc-70ee-a66f-2b5b8b44e0cb (Carta) y=36
[1079] PONERE_PROPRIETAS    019b33c8-2cdc-70ee-a66f-2b5b8b44e0cb (Carta) y=7
[1080] PONERE_PROPRIETAS    019b33c8-2cdc-70ee-a66f-2b5b8b44e0cb (Carta) x=18
[1081] CREARE_ENTITAS       019b347e-ac1b-76e7-89d9-9342073e09f1 (Carta)
[1082] ADDERE_RELATIO       019b347e-ac1b-76e7-89d9-9342073e09f1 (Carta) --[est]--> 7d1298f2-e383-5d7b-92da-01297c423dda
[1083] ADDERE_RELATIO       fd393f4b-4b5d-5a75-b6e6-e2bc73af8184 (Schirma) --[continet]--> 019b347e-ac1b-76e7-89d9-9342073e09f1
[1084] PONERE_PROPRIETAS    019b347e-ac1b-76e7-89d9-9342073e09f1 (Carta) textus=Nova carta
[1085] PONERE_PROPRIETAS    019b347e-ac1b-76e7-89d9-9342073e09f1 (Carta) x=43
[1086] PONERE_PROPRIETAS    019b347e-ac1b-76e7-89d9-9342073e09f1 (Carta) y=10
[1087] PONERE_PROPRIETAS    019b347e-ac1b-76e7-89d9-9342073e09f1 (Carta) x=38
[1088] PONERE_PROPRIETAS    019b347e-ac1b-76e7-89d9-9342073e09f1 (Carta) y=7
[1089] PONERE_PROPRIETAS    019b347e-ac1b-76e7-89d9-9342073e09f1 (Carta) textus=Okay, not bad
[1090] PONERE_PROPRIETAS    019b347e-ac1b-76e7-89d9-9342073e09f1 (Carta) x=35
[1091] PONERE_PROPRIETAS    019b347e-ac1b-76e7-89d9-9342073e09f1 (Carta) y=8
[1092] PONERE_PROPRIETAS    019b347e-ac1b-76e7-89d9-9342073e09f1 (Carta) x=38
[1093] PONERE_PROPRIETAS    019b347e-ac1b-76e7-89d9-9342073e09f1 (Carta) y=9
[1094] PONERE_PROPRIETAS    019b33c8-a5fb-7ac9-852b-a8c9dc2785ce (Carta) x=16
[1095] PONERE_PROPRIETAS    019b33c8-a5fb-7ac9-852b-a8c9dc2785ce (Carta) y=12
[1096] PONERE_PROPRIETAS    019b33c8-5c8a-79a4-846f-5ca24f327a5a (Carta) x=10
[1097] PONERE_PROPRIETAS    019b33c8-5c8a-79a4-846f-5ca24f327a5a (Carta) y=19
[1098] PONERE_PROPRIETAS    019b33c8-2cdc-70ee-a66f-2b5b8b44e0cb (Carta) x=15
[1099] PONERE_PROPRIETAS    019b33c8-2cdc-70ee-a66f-2b5b8b44e0cb (Carta) y=12
[1100] PONERE_PROPRIETAS    019b33c8-5c8a-79a4-846f-5ca24f327a5a (Carta) y=32
[1101] PONERE_PROPRIETAS    019b347e-ac1b-76e7-89d9-9342073e09f1 (Carta) x=26
[1102] PONERE_PROPRIETAS    019b347e-ac1b-76e7-89d9-9342073e09f1 (Carta) y=18
[1103] PONERE_PROPRIETAS    019b33c8-2cdc-70ee-a66f-2b5b8b44e0cb (Carta) x=7
[1104] PONERE_PROPRIETAS    019b33c8-2cdc-70ee-a66f-2b5b8b44e0cb (Carta) y=6
[1105] PONERE_PROPRIETAS    019b347e-ac1b-76e7-89d9-9342073e09f1 (Carta) x=6
[1106] PONERE_PROPRIETAS    019b347e-ac1b-76e7-89d9-9342073e09f1 (Carta) y=12
[1107] PONERE_PROPRIETAS    019b33c8-2cdc-70ee-a66f-2b5b8b44e0cb (Carta) x=10
[1108] PONERE_PROPRIETAS    019b33c8-2cdc-70ee-a66f-2b5b8b44e0cb (Carta) y=18
[1109] PONERE_PROPRIETAS    019b347e-ac1b-76e7-89d9-9342073e09f1 (Carta) x=33
[1110] PONERE_PROPRIETAS    019b347e-ac1b-76e7-89d9-9342073e09f1 (Carta) y=18
[1111] PONERE_PROPRIETAS    019b33c8-2cdc-70ee-a66f-2b5b8b44e0cb (Carta) x=23
[1112] PONERE_PROPRIETAS    f05108f6-592c-50a1-9ef5-f108725d749a (LibroPagina) contentum=  Ctrl+Shift+Right = next page
  Ctrl+Shift+Left  ...
[1113] PONERE_PROPRIETAS    3d6ff178-e1e7-5b85-97af-11dd914de21f (LibroPagina) contentum=
 Divine Infant Jesus, I adore Your Cross, and I a...
[1114] PONERE_PROPRIETAS    f05108f6-592c-50a1-9ef5-f108725d749a (LibroPagina) contentum=  Ctrl+Shift+Right = next page
  Ctrl+Shift+Left  ...
[1115] PONERE_PROPRIETAS    f05108f6-592c-50a1-9ef5-f108725d749a (LibroPagina) contentum=  Ctrl+Shift+Right = next page
  Ctrl+Shift+Left  ...
[1116] PONERE_PROPRIETAS    f05108f6-592c-50a1-9ef5-f108725d749a (LibroPagina) contentum=  Ctrl+Shift+Right = next page
  Ctrl+Shift+Left  ...
[1117] PONERE_PROPRIETAS    f05108f6-592c-50a1-9ef5-f108725d749a (LibroPagina) contentum=  Ctrl+Shift+Right = next page
  Ctrl+Shift+Left  ...
[1118] PONERE_PROPRIETAS    f05108f6-592c-50a1-9ef5-f108725d749a (LibroPagina) contentum=  Ctrl+Shift+Right = next page
  Ctrl+Shift+Left  ...
[1119] PONERE_PROPRIETAS    019b33c8-2cdc-70ee-a66f-2b5b8b44e0cb (Carta) x=7
[1120] PONERE_PROPRIETAS    019b33c8-2cdc-70ee-a66f-2b5b8b44e0cb (Carta) y=19
[1121] PONERE_PROPRIETAS    019b347e-ac1b-76e7-89d9-9342073e09f1 (Carta) x=22
[1122] PONERE_PROPRIETAS    019b347e-ac1b-76e7-89d9-9342073e09f1 (Carta) y=26
[1123] PONERE_PROPRIETAS    019b347e-ac1b-76e7-89d9-9342073e09f1 (Carta) x=25
[1124] PONERE_PROPRIETAS    019b347e-ac1b-76e7-89d9-9342073e09f1 (Carta) y=7
[1125] PONERE_PROPRIETAS    019b33c8-2cdc-70ee-a66f-2b5b8b44e0cb (Carta) x=30
[1126] PONERE_PROPRIETAS    019b33c8-2cdc-70ee-a66f-2b5b8b44e0cb (Carta) y=20
[1127] PONERE_PROPRIETAS    f05108f6-592c-50a1-9ef5-f108725d749a (LibroPagina) contentum=  Ctrl+Shift+Right = next page
  Ctrl+Shift+Left  ...
[1128] PONERE_PROPRIETAS    b86df97e-fe5f-5e8f-836d-33fcbb74d366 (LibroPagina) contentum=


	 	 	 #1

	 	 	 	 TODO
	 	 	 	
	 	 	 	
	 	 	 	 ...
[1129] PONERE_PROPRIETAS    b86df97e-fe5f-5e8f-836d-33fcbb74d366 (LibroPagina) contentum=


	 	 	 #1

	 	 	 	 TODO
	 	 	 	
	 	 	 	
	 	 	 	 ...
[1130] PONERE_PROPRIETAS    f05108f6-592c-50a1-9ef5-f108725d749a (LibroPagina) contentum=  Ctrl+Shift+Right = next page
  Ctrl+Shift+Left  ...
[1131] PONERE_PROPRIETAS    f05108f6-592c-50a1-9ef5-f108725d749a (LibroPagina) contentum=  Ctrl+Shift+Right = next page
  Ctrl+Shift+Left  ...
[1132] PONERE_PROPRIETAS    f05108f6-592c-50a1-9ef5-f108725d749a (LibroPagina) contentum=  Ctrl+Shift+Right = next page
  Ctrl+Shift+Left  ...
[1133] PONERE_PROPRIETAS    019b33c8-5c8a-79a4-846f-5ca24f327a5a (Carta) x=8
[1134] PONERE_PROPRIETAS    019b33c8-5c8a-79a4-846f-5ca24f327a5a (Carta) y=37
[1135] PONERE_PROPRIETAS    f05108f6-592c-50a1-9ef5-f108725d749a (LibroPagina) contentum=  Ctrl+Shift+Right = next page
  Ctrl+Shift+Left  ...
[1136] PONERE_PROPRIETAS    f05108f6-592c-50a1-9ef5-f108725d749a (LibroPagina) contentum=  Ctrl+Shift+Right = next page
  Ctrl+Shift+Left  ...
[1137] PONERE_PROPRIETAS    f05108f6-592c-50a1-9ef5-f108725d749a (LibroPagina) contentum=  Ctrl+Shift+Right = next page
  Ctrl+Shift+Left  ...
[1138] PONERE_PROPRIETAS    f05108f6-592c-50a1-9ef5-f108725d749a (LibroPagina) contentum=  Ctrl+Shift+Right = next page
  Ctrl+Shift+Left  ...
[1139] PONERE_PROPRIETAS    f05108f6-592c-50a1-9ef5-f108725d749a (LibroPagina) contentum=  Ctrl+Shift+Right = next page
  Ctrl+Shift+Left  ...
[1140] PONERE_PROPRIETAS    f05108f6-592c-50a1-9ef5-f108725d749a (LibroPagina) contentum=  Ctrl+Shift+Right = next page
  Ctrl+Shift+Left  ...
[1141] PONERE_PROPRIETAS    f05108f6-592c-50a1-9ef5-f108725d749a (LibroPagina) contentum=  Ctrl+Shift+Right = next page
  Ctrl+Shift+Left  ...
[1142] PONERE_PROPRIETAS    f05108f6-592c-50a1-9ef5-f108725d749a (LibroPagina) contentum=  Ctrl+Shift+Right = next page
  Ctrl+Shift+Left  ...
[1143] PONERE_PROPRIETAS    f05108f6-592c-50a1-9ef5-f108725d749a (LibroPagina) contentum=  Ctrl+Shift+Right = next page
  Ctrl+Shift+Left  ...
[1144] CREARE_ENTITAS       1c8a87be-c8ca-5f8a-9fd9-ce9c9c3f1537 (LibroPagina)
[1145] PONERE_PROPRIETAS    1c8a87be-c8ca-5f8a-9fd9-ce9c9c3f1537 (LibroPagina) titulus=pagina-5
[1146] ADDERE_RELATIO       1c8a87be-c8ca-5f8a-9fd9-ce9c9c3f1537 (LibroPagina) --[est]--> f5fd3e63-c2cc-5256-a514-4b7764478f6d
[1147] ADDERE_NOTA          1c8a87be-c8ca-5f8a-9fd9-ce9c9c3f1537 (LibroPagina) ##LibroPagina
[1148] PONERE_PROPRIETAS    1c8a87be-c8ca-5f8a-9fd9-ce9c9c3f1537 (LibroPagina) ordo=5
[1149] PONERE_PROPRIETAS    1c8a87be-c8ca-5f8a-9fd9-ce9c9c3f1537 (LibroPagina) name=pagina-5
[1150] PONERE_PROPRIETAS    1c8a87be-c8ca-5f8a-9fd9-ce9c9c3f1537 (LibroPagina) contentum=

















































...
[1151] PONERE_PROPRIETAS    1c8a87be-c8ca-5f8a-9fd9-ce9c9c3f1537 (LibroPagina) contentum=


	 	 	 	 






































...
[1152] PONERE_PROPRIETAS    1c8a87be-c8ca-5f8a-9fd9-ce9c9c3f1537 (LibroPagina) contentum=


	 $bible Genesis
	 
	 $bible Exodus
	 
	 $bible...
[1153] PONERE_PROPRIETAS    1c8a87be-c8ca-5f8a-9fd9-ce9c9c3f1537 (LibroPagina) contentum=


	 $bible Genesis
	 
	 $bible Exodus
	 
	 $bible...
[1154] PONERE_PROPRIETAS    1c8a87be-c8ca-5f8a-9fd9-ce9c9c3f1537 (LibroPagina) contentum=


	 $bible Genesis
	 
	 $bible Exodus
	 
	 $bible...
[1155] PONERE_PROPRIETAS    1c8a87be-c8ca-5f8a-9fd9-ce9c9c3f1537 (LibroPagina) contentum=


	 $bible Genesis
	 
	 $bible Exodus
	 
	 $bible...
[1156] PONERE_PROPRIETAS    1c8a87be-c8ca-5f8a-9fd9-ce9c9c3f1537 (LibroPagina) contentum=


	 $bible Genesis
	 
	 $bible Exodus
	 
	 $bible...
[1157] PONERE_PROPRIETAS    1c8a87be-c8ca-5f8a-9fd9-ce9c9c3f1537 (LibroPagina) contentum=


	 $bible Genesis
	 
	 $bible Exodus
	 
	 $bible...
[1158] PONERE_PROPRIETAS    1c8a87be-c8ca-5f8a-9fd9-ce9c9c3f1537 (LibroPagina) contentum=


	 $bible Genesis
	 
	 $bible Exodus
	 
	 $bible...
[1159] PONERE_PROPRIETAS    1c8a87be-c8ca-5f8a-9fd9-ce9c9c3f1537 (LibroPagina) contentum=


	 $bible Genesis
	 
	 $bible Exodus
	 
	 $bible...
[1160] PONERE_PROPRIETAS    1c8a87be-c8ca-5f8a-9fd9-ce9c9c3f1537 (LibroPagina) contentum=


	 $bible Genesis
	 
	 $bible Exodus
	 
	 $bible...
[1161] PONERE_PROPRIETAS    1c8a87be-c8ca-5f8a-9fd9-ce9c9c3f1537 (LibroPagina) contentum=


	 $bible Genesis
	
	 $bible Exodus
	
	 $bible T...
[1162] PONERE_PROPRIETAS    b86df97e-fe5f-5e8f-836d-33fcbb74d366 (LibroPagina) contentum=


	 	 	 #1

	 	 	 	 TODO
	 	 	 	
	 	 	 	
	 	 	 	 ...
[1163] PONERE_PROPRIETAS    019b33c8-5c8a-79a4-846f-5ca24f327a5a (Carta) x=13
[1164] PONERE_PROPRIETAS    019b33c8-5c8a-79a4-846f-5ca24f327a5a (Carta) y=30
[1165] PONERE_PROPRIETAS    019b33c8-2cdc-70ee-a66f-2b5b8b44e0cb (Carta) x=32
[1166] PONERE_PROPRIETAS    019b33c8-2cdc-70ee-a66f-2b5b8b44e0cb (Carta) y=9
[1167] PONERE_PROPRIETAS    019b347e-ac1b-76e7-89d9-9342073e09f1 (Carta) x=10
[1168] PONERE_PROPRIETAS    019b347e-ac1b-76e7-89d9-9342073e09f1 (Carta) y=18
[1169] PONERE_PROPRIETAS    019b347e-ac1b-76e7-89d9-9342073e09f1 (Carta) x=13
[1170] PONERE_PROPRIETAS    019b347e-ac1b-76e7-89d9-9342073e09f1 (Carta) y=10
[1171] PONERE_PROPRIETAS    019b347e-ac1b-76e7-89d9-9342073e09f1 (Carta) x=2
[1172] PONERE_PROPRIETAS    019b347e-ac1b-76e7-89d9-9342073e09f1 (Carta) y=16
[1173] PONERE_PROPRIETAS    019b347e-ac1b-76e7-89d9-9342073e09f1 (Carta) x=3
[1174] PONERE_PROPRIETAS    019b347e-ac1b-76e7-89d9-9342073e09f1 (Carta) y=6
[1175] PONERE_PROPRIETAS    b86df97e-fe5f-5e8f-836d-33fcbb74d366 (LibroPagina) contentum=


	 	 	 #1

	 	 	 	 TODO
	 	 	 	
	 	 	 	
	 	 	 	 ...
[1176] PONERE_PROPRIETAS    019b347e-ac1b-76e7-89d9-9342073e09f1 (Carta) x=10
[1177] PONERE_PROPRIETAS    019b347e-ac1b-76e7-89d9-9342073e09f1 (Carta) y=14
[1178] PONERE_PROPRIETAS    019b33c8-2cdc-70ee-a66f-2b5b8b44e0cb (Carta) x=28
[1179] PONERE_PROPRIETAS    019b33c8-2cdc-70ee-a66f-2b5b8b44e0cb (Carta) y=14
[1180] PONERE_PROPRIETAS    019b347e-ac1b-76e7-89d9-9342073e09f1 (Carta) x=20
[1181] PONERE_PROPRIETAS    019b347e-ac1b-76e7-89d9-9342073e09f1 (Carta) y=19
[1182] PONERE_PROPRIETAS    019b33c8-5c8a-79a4-846f-5ca24f327a5a (Carta) y=29
[1183] PONERE_PROPRIETAS    019b347e-ac1b-76e7-89d9-9342073e09f1 (Carta) x=11
[1184] PONERE_PROPRIETAS    019b347e-ac1b-76e7-89d9-9342073e09f1 (Carta) y=24
[1185] PONERE_PROPRIETAS    019b33c8-2cdc-70ee-a66f-2b5b8b44e0cb (Carta) x=3
[1186] PONERE_PROPRIETAS    019b33c8-2cdc-70ee-a66f-2b5b8b44e0cb (Carta) y=29
[1187] CREARE_ENTITAS       019b3c46-ddfc-7ada-a8fa-5552d6afb7d4 (Carta)
[1188] ADDERE_RELATIO       019b3c46-ddfc-7ada-a8fa-5552d6afb7d4 (Carta) --[est]--> 7d1298f2-e383-5d7b-92da-01297c423dda
[1189] ADDERE_RELATIO       fd393f4b-4b5d-5a75-b6e6-e2bc73af8184 (Schirma) --[continet]--> 019b3c46-ddfc-7ada-a8fa-5552d6afb7d4
[1190] PONERE_PROPRIETAS    019b3c46-ddfc-7ada-a8fa-5552d6afb7d4 (Carta) textus=Nova carta
[1191] PONERE_PROPRIETAS    019b3c46-ddfc-7ada-a8fa-5552d6afb7d4 (Carta) x=36
[1192] PONERE_PROPRIETAS    019b3c46-ddfc-7ada-a8fa-5552d6afb7d4 (Carta) y=33
[1193] PONERE_PROPRIETAS    019b3c46-ddfc-7ada-a8fa-5552d6afb7d4 (Carta) x=29
[1194] PONERE_PROPRIETAS    019b3c46-ddfc-7ada-a8fa-5552d6afb7d4 (Carta) y=29
[1195] CREARE_ENTITAS       019b3c46-f530-71db-b247-e9b30f81c8d2 (Carta)
[1196] ADDERE_RELATIO       019b3c46-f530-71db-b247-e9b30f81c8d2 (Carta) --[est]--> 7d1298f2-e383-5d7b-92da-01297c423dda
[1197] ADDERE_RELATIO       fd393f4b-4b5d-5a75-b6e6-e2bc73af8184 (Schirma) --[continet]--> 019b3c46-f530-71db-b247-e9b30f81c8d2
[1198] PONERE_PROPRIETAS    019b3c46-f530-71db-b247-e9b30f81c8d2 (Carta) textus=Nova carta
[1199] PONERE_PROPRIETAS    019b3c46-f530-71db-b247-e9b30f81c8d2 (Carta) x=26
[1200] PONERE_PROPRIETAS    019b3c46-f530-71db-b247-e9b30f81c8d2 (Carta) y=43
[1201] PONERE_PROPRIETAS    019b3c46-f530-71db-b247-e9b30f81c8d2 (Carta) x=14
[1202] PONERE_PROPRIETAS    019b3c46-f530-71db-b247-e9b30f81c8d2 (Carta) y=34
[1203] PONERE_PROPRIETAS    019b347e-ac1b-76e7-89d9-9342073e09f1 (Carta) x=13
[1204] PONERE_PROPRIETAS    f05108f6-592c-50a1-9ef5-f108725d749a (LibroPagina) contentum=  Ctrl+Shift+Right = next page
  Ctrl+Shift+Left  ...
[1205] PONERE_PROPRIETAS    019b347e-ac1b-76e7-89d9-9342073e09f1 (Carta) x=11
[1206] PONERE_PROPRIETAS    019b347e-ac1b-76e7-89d9-9342073e09f1 (Carta) x=13
[1207] PONERE_PROPRIETAS    019b347e-ac1b-76e7-89d9-9342073e09f1 (Carta) x=8
[1208] PONERE_PROPRIETAS    019b347e-ac1b-76e7-89d9-9342073e09f1 (Carta) textus=Okay, not bad
okay what happens here?
I think it's...
[1209] PONERE_PROPRIETAS    019b347e-ac1b-76e7-89d9-9342073e09f1 (Carta) y=22
[1210] PONERE_PROPRIETAS    019b347e-ac1b-76e7-89d9-9342073e09f1 (Carta) x=2
[1211] PONERE_PROPRIETAS    019b347e-ac1b-76e7-89d9-9342073e09f1 (Carta) y=8
[1212] DELERE_ENTITAS       019b347e-ac1b-76e7-89d9-9342073e09f1 (Carta)
[1213] DELERE_ENTITAS       019b3c46-f530-71db-b247-e9b30f81c8d2 (Carta)
[1214] DELERE_ENTITAS       019b3c46-ddfc-7ada-a8fa-5552d6afb7d4 (Carta)
[1215] CREARE_ENTITAS       019b3c66-1402-7459-bfaf-973564de0db5 (Carta)
[1216] ADDERE_RELATIO       019b3c66-1402-7459-bfaf-973564de0db5 (Carta) --[est]--> 7d1298f2-e383-5d7b-92da-01297c423dda
[1217] ADDERE_RELATIO       fd393f4b-4b5d-5a75-b6e6-e2bc73af8184 (Schirma) --[continet]--> 019b3c66-1402-7459-bfaf-973564de0db5
[1218] PONERE_PROPRIETAS    019b3c66-1402-7459-bfaf-973564de0db5 (Carta) textus=Nova carta
[1219] PONERE_PROPRIETAS    019b3c66-1402-7459-bfaf-973564de0db5 (Carta) x=20
[1220] PONERE_PROPRIETAS    019b3c66-1402-7459-bfaf-973564de0db5 (Carta) y=14
[1221] PONERE_PROPRIETAS    019b3c66-1402-7459-bfaf-973564de0db5 (Carta) textus=Nova carta
#meme
[1222] PONERE_PROPRIETAS    019b3c66-1402-7459-bfaf-973564de0db5 (Carta) textus=Nova carta
#home
[1223] PONERE_PROPRIETAS    019b3c66-1402-7459-bfaf-973564de0db5 (Carta) textus=Nova carta
#home

#meme
[1224] PONERE_PROPRIETAS    019b3c66-1402-7459-bfaf-973564de0db5 (Carta) x=11
[1225] PONERE_PROPRIETAS    019b3c66-1402-7459-bfaf-973564de0db5 (Carta) y=6
[1226] PONERE_PROPRIETAS    019b3c66-1402-7459-bfaf-973564de0db5 (Carta) y=9
[1227] PONERE_PROPRIETAS    019b33c8-2cdc-70ee-a66f-2b5b8b44e0cb (Carta) x=2
[1228] PONERE_PROPRIETAS    019b33c8-2cdc-70ee-a66f-2b5b8b44e0cb (Carta) y=20
[1229] PONERE_PROPRIETAS    019b3c66-1402-7459-bfaf-973564de0db5 (Carta) x=31
[1230] PONERE_PROPRIETAS    019b3c66-1402-7459-bfaf-973564de0db5 (Carta) y=11
[1231] PONERE_PROPRIETAS    019b33c8-2cdc-70ee-a66f-2b5b8b44e0cb (Carta) x=18
[1232] PONERE_PROPRIETAS    019b33c8-2cdc-70ee-a66f-2b5b8b44e0cb (Carta) y=21
[1233] PONERE_PROPRIETAS    019b33c8-2cdc-70ee-a66f-2b5b8b44e0cb (Carta) x=4
[1234] PONERE_PROPRIETAS    019b33c8-2cdc-70ee-a66f-2b5b8b44e0cb (Carta) y=19
[1235] DELERE_RELATIO       fd393f4b-4b5d-5a75-b6e6-e2bc73af8184 (Schirma)
[1236] ADDERE_RELATIO       c73d78c2-5247-5ce1-90c3-1d740f97903f (Schirma) --[continet]--> 019b33c8-2cdc-70ee-a66f-2b5b8b44e0cb
[1237] PONERE_PROPRIETAS    019b3c66-1402-7459-bfaf-973564de0db5 (Carta) z_index=0
[1238] PONERE_PROPRIETAS    019b33c8-5c8a-79a4-846f-5ca24f327a5a (Carta) z_index=0
[1239] CREARE_ENTITAS       019b3ccd-82fb-7dfc-8ebf-383231797080 (Carta)
[1240] ADDERE_RELATIO       019b3ccd-82fb-7dfc-8ebf-383231797080 (Carta) --[est]--> 7d1298f2-e383-5d7b-92da-01297c423dda
[1241] ADDERE_RELATIO       fd393f4b-4b5d-5a75-b6e6-e2bc73af8184 (Schirma) --[continet]--> 019b3ccd-82fb-7dfc-8ebf-383231797080
[1242] PONERE_PROPRIETAS    019b3ccd-82fb-7dfc-8ebf-383231797080 (Carta) textus=Nova carta
[1243] PONERE_PROPRIETAS    019b3ccd-82fb-7dfc-8ebf-383231797080 (Carta) x=81
[1244] PONERE_PROPRIETAS    019b3ccd-82fb-7dfc-8ebf-383231797080 (Carta) y=196
[1245] PONERE_PROPRIETAS    019b3ccd-82fb-7dfc-8ebf-383231797080 (Carta) z_index=1
[1246] PONERE_PROPRIETAS    019b3c66-1402-7459-bfaf-973564de0db5 (Carta) x=48
[1247] PONERE_PROPRIETAS    019b3c66-1402-7459-bfaf-973564de0db5 (Carta) y=227
[1248] PONERE_PROPRIETAS    019b3c66-1402-7459-bfaf-973564de0db5 (Carta) z_index=21
[1249] PONERE_PROPRIETAS    019b33c8-5c8a-79a4-846f-5ca24f327a5a (Carta) x=147
[1250] PONERE_PROPRIETAS    019b33c8-5c8a-79a4-846f-5ca24f327a5a (Carta) y=144
[1251] PONERE_PROPRIETAS    019b33c8-5c8a-79a4-846f-5ca24f327a5a (Carta) z_index=23
[1252] PONERE_PROPRIETAS    019b3ccd-82fb-7dfc-8ebf-383231797080 (Carta) x=43
[1253] PONERE_PROPRIETAS    019b3ccd-82fb-7dfc-8ebf-383231797080 (Carta) y=71
[1254] PONERE_PROPRIETAS    019b3ccd-82fb-7dfc-8ebf-383231797080 (Carta) z_index=24
[1255] PONERE_PROPRIETAS    019b33c8-5c8a-79a4-846f-5ca24f327a5a (Carta) z_index=25
[1256] PONERE_PROPRIETAS    019b33c8-a5fb-7ac9-852b-a8c9dc2785ce (Carta) x=167
[1257] PONERE_PROPRIETAS    019b33c8-a5fb-7ac9-852b-a8c9dc2785ce (Carta) y=251
[1258] PONERE_PROPRIETAS    019b33c8-a5fb-7ac9-852b-a8c9dc2785ce (Carta) z_index=1
[1259] PONERE_PROPRIETAS    019b33c8-2cdc-70ee-a66f-2b5b8b44e0cb (Carta) x=104
[1260] PONERE_PROPRIETAS    019b33c8-2cdc-70ee-a66f-2b5b8b44e0cb (Carta) y=161
[1261] PONERE_PROPRIETAS    019b33c8-2cdc-70ee-a66f-2b5b8b44e0cb (Carta) z_index=2
[1262] PONERE_PROPRIETAS    019b3c66-1402-7459-bfaf-973564de0db5 (Carta) x=35
[1263] PONERE_PROPRIETAS    019b3c66-1402-7459-bfaf-973564de0db5 (Carta) y=216
[1264] PONERE_PROPRIETAS    019b3c66-1402-7459-bfaf-973564de0db5 (Carta) z_index=27
[1265] PONERE_PROPRIETAS    1c8a87be-c8ca-5f8a-9fd9-ce9c9c3f1537 (LibroPagina) contentum=


	 $bible Genesis
	
	 $bible Exodus
	
	 $bible T...
[1266] PONERE_PROPRIETAS    1c8a87be-c8ca-5f8a-9fd9-ce9c9c3f1537 (LibroPagina) name=bible-links
[1267] PONERE_PROPRIETAS    1c8a87be-c8ca-5f8a-9fd9-ce9c9c3f1537 (LibroPagina) titulus=bible-links
[1268] PONERE_PROPRIETAS    019b3ccd-82fb-7dfc-8ebf-383231797080 (Carta) z_index=29
[1269] PONERE_PROPRIETAS    019b3ccd-82fb-7dfc-8ebf-383231797080 (Carta) z_index=30
[1270] PONERE_PROPRIETAS    019b3ccd-82fb-7dfc-8ebf-383231797080 (Carta) textus=#bible-links
[1271] PONERE_PROPRIETAS    019b3c66-1402-7459-bfaf-973564de0db5 (Carta) z_index=33
[1272] PONERE_PROPRIETAS    019b3ccd-82fb-7dfc-8ebf-383231797080 (Carta) x=15
[1273] PONERE_PROPRIETAS    019b3ccd-82fb-7dfc-8ebf-383231797080 (Carta) y=11
[1274] PONERE_PROPRIETAS    019b3ccd-82fb-7dfc-8ebf-383231797080 (Carta) z_index=31
[1275] PONERE_PROPRIETAS    019b3c66-1402-7459-bfaf-973564de0db5 (Carta) textus=#todo
[1276] PONERE_PROPRIETAS    019b3c66-1402-7459-bfaf-973564de0db5 (Carta) x=15
[1277] PONERE_PROPRIETAS    019b3c66-1402-7459-bfaf-973564de0db5 (Carta) y=45
[1278] PONERE_PROPRIETAS    019b3c66-1402-7459-bfaf-973564de0db5 (Carta) z_index=34
[1279] CREARE_ENTITAS       019b3ce1-552f-7863-a1b5-dba5d6929f43 (Carta)
[1280] ADDERE_RELATIO       019b3ce1-552f-7863-a1b5-dba5d6929f43 (Carta) --[est]--> 7d1298f2-e383-5d7b-92da-01297c423dda
[1281] ADDERE_RELATIO       fd393f4b-4b5d-5a75-b6e6-e2bc73af8184 (Schirma) --[continet]--> 019b3ce1-552f-7863-a1b5-dba5d6929f43
[1282] PONERE_PROPRIETAS    019b3ce1-552f-7863-a1b5-dba5d6929f43 (Carta) textus=Nova carta
[1283] PONERE_PROPRIETAS    019b3ce1-552f-7863-a1b5-dba5d6929f43 (Carta) x=56
[1284] PONERE_PROPRIETAS    019b3ce1-552f-7863-a1b5-dba5d6929f43 (Carta) y=149
[1285] PONERE_PROPRIETAS    019b3ce1-552f-7863-a1b5-dba5d6929f43 (Carta) z_index=36
[1286] PONERE_PROPRIETAS    019b3ce1-552f-7863-a1b5-dba5d6929f43 (Carta) textus=#home
[1287] PONERE_PROPRIETAS    019b3ce1-552f-7863-a1b5-dba5d6929f43 (Carta) x=16
[1288] PONERE_PROPRIETAS    019b3ce1-552f-7863-a1b5-dba5d6929f43 (Carta) y=82
[1289] PONERE_PROPRIETAS    019b3ce1-552f-7863-a1b5-dba5d6929f43 (Carta) z_index=37
[1290] PONERE_PROPRIETAS    019b3ce1-552f-7863-a1b5-dba5d6929f43 (Carta) x=24
[1291] PONERE_PROPRIETAS    019b3ce1-552f-7863-a1b5-dba5d6929f43 (Carta) y=151
[1292] PONERE_PROPRIETAS    019b3ce1-552f-7863-a1b5-dba5d6929f43 (Carta) z_index=38
[1293] PONERE_PROPRIETAS    019b3ce1-552f-7863-a1b5-dba5d6929f43 (Carta) x=146
[1294] PONERE_PROPRIETAS    019b3ce1-552f-7863-a1b5-dba5d6929f43 (Carta) y=53
[1295] PONERE_PROPRIETAS    019b3ce1-552f-7863-a1b5-dba5d6929f43 (Carta) z_index=42
[1296] PONERE_PROPRIETAS    019b3ce1-552f-7863-a1b5-dba5d6929f43 (Carta) x=17
[1297] PONERE_PROPRIETAS    019b3ce1-552f-7863-a1b5-dba5d6929f43 (Carta) y=82
[1298] PONERE_PROPRIETAS    019b3ce1-552f-7863-a1b5-dba5d6929f43 (Carta) z_index=43
[1299] PONERE_PROPRIETAS    b86df97e-fe5f-5e8f-836d-33fcbb74d366 (LibroPagina) contentum=


	 	 	 #1

	 	 	 	 TODO
	 	 	 	
	 	 	 	
	 	 	 	 ...
[1300] PONERE_PROPRIETAS    b86df97e-fe5f-5e8f-836d-33fcbb74d366 (LibroPagina) contentum=


	 	 	 #1

	 	 	 	 TODO
	 	 	 	
	 	 	 	
	 	 	 	 ...
[1301] PONERE_PROPRIETAS    b86df97e-fe5f-5e8f-836d-33fcbb74d366 (LibroPagina) contentum=


	 	 	 #1

	 	 	 	 TODO
	 	 	 	
	 	 	 	
	 	 	 	 ...
[1302] PONERE_PROPRIETAS    b86df97e-fe5f-5e8f-836d-33fcbb74d366 (LibroPagina) contentum=


	 	 	 #1

	 	 	 	 TODO
	 	 	 	
	 	 	 	
	 	 	 	 ...
[1303] PONERE_PROPRIETAS    b86df97e-fe5f-5e8f-836d-33fcbb74d366 (LibroPagina) contentum=


	 	 	 #1

	 	 	 	 TODO
	 	 	 	
	 	 	 	
	 	 	 	 ...
[1304] PONERE_PROPRIETAS    b86df97e-fe5f-5e8f-836d-33fcbb74d366 (LibroPagina) contentum=


	 	 	 #1

	 	 	 	 TODO
	 	 	 	
	 	 	 	
	 	 	 	 ...
[1305] PONERE_PROPRIETAS    b86df97e-fe5f-5e8f-836d-33fcbb74d366 (LibroPagina) contentum=


	 	 	 #1

	 	 	 	 TODO
	 	 	 	
	 	 	 	
	 	 	 	 ...
[1306] PONERE_PROPRIETAS    b86df97e-fe5f-5e8f-836d-33fcbb74d366 (LibroPagina) contentum=


	 	 	 #1

	 	 	 	 TODO
	 	 	 	
	 	 	 	
	 	 	 	 ...
[1307] PONERE_PROPRIETAS    b86df97e-fe5f-5e8f-836d-33fcbb74d366 (LibroPagina) contentum=


	 	 	 #1

	 	 	 	 TODO
	 	 	 	
	 	 	 	
	 	 	 	 ...
[1308] PONERE_PROPRIETAS    b86df97e-fe5f-5e8f-836d-33fcbb74d366 (LibroPagina) contentum=


	 	 	 #1

	 	 	 	 TODO
	 	 	 	
	 	 	 	
	 	 	 	 ...
[1309] PONERE_PROPRIETAS    b86df97e-fe5f-5e8f-836d-33fcbb74d366 (LibroPagina) contentum=


	 	 	 #1

	 	 	 	 TODO
	 	 	 	
	 	 	 	
	 	 	 	 ...
[1310] PONERE_PROPRIETAS    b86df97e-fe5f-5e8f-836d-33fcbb74d366 (LibroPagina) contentum=


	 	 	 #1

	 	 	 	 TODO
	 	 	 	
	 	 	 	
	 	 	 	 ...
[1311] PONERE_PROPRIETAS    b86df97e-fe5f-5e8f-836d-33fcbb74d366 (LibroPagina) contentum=


	 	 	 #1

	 	 	 	 TODO
	 	 	 	
	 	 	 	
	 	 	 	 ...
[1312] PONERE_PROPRIETAS    b86df97e-fe5f-5e8f-836d-33fcbb74d366 (LibroPagina) contentum=


	 	 	 #1

	 	 	 	 TODO
	 	 	 	
	 	 	 	
	 	 	 	 ...
[1313] PONERE_PROPRIETAS    019b33c8-5c8a-79a4-846f-5ca24f327a5a (Carta) z_index=45
[1314] PONERE_PROPRIETAS    019b33c8-5c8a-79a4-846f-5ca24f327a5a (Carta) z_index=47
[1315] DELERE_ENTITAS       019b33c8-5c8a-79a4-846f-5ca24f327a5a (Carta)
[1316] PONERE_PROPRIETAS    019b3ce1-552f-7863-a1b5-dba5d6929f43 (Carta) x=15
[1317] PONERE_PROPRIETAS    019b3ce1-552f-7863-a1b5-dba5d6929f43 (Carta) y=77
[1318] PONERE_PROPRIETAS    019b3ce1-552f-7863-a1b5-dba5d6929f43 (Carta) z_index=44
[1319] PONERE_PROPRIETAS    1c8a87be-c8ca-5f8a-9fd9-ce9c9c3f1537 (LibroPagina) contentum=


	 $bible Genesis
	
	 $bible Exodus
	
	 $bible T...
[1320] CREARE_ENTITAS       28a601d8-9884-5c04-a1f6-28fc6c36f4bd (LibroPagina)
[1321] PONERE_PROPRIETAS    28a601d8-9884-5c04-a1f6-28fc6c36f4bd (LibroPagina) titulus=pagina-6
[1322] ADDERE_RELATIO       28a601d8-9884-5c04-a1f6-28fc6c36f4bd (LibroPagina) --[est]--> f5fd3e63-c2cc-5256-a514-4b7764478f6d
[1323] ADDERE_NOTA          28a601d8-9884-5c04-a1f6-28fc6c36f4bd (LibroPagina) ##LibroPagina
[1324] PONERE_PROPRIETAS    28a601d8-9884-5c04-a1f6-28fc6c36f4bd (LibroPagina) ordo=6
[1325] PONERE_PROPRIETAS    28a601d8-9884-5c04-a1f6-28fc6c36f4bd (LibroPagina) name=pagina-6
[1326] PONERE_PROPRIETAS    28a601d8-9884-5c04-a1f6-28fc6c36f4bd (LibroPagina) contentum=

















































...
[1327] PONERE_PROPRIETAS    28a601d8-9884-5c04-a1f6-28fc6c36f4bd (LibroPagina) contentum=



	 	 	 	 	 This is a page about stuff.
	 	 	 	 ...
[1328] PONERE_PROPRIETAS    28a601d8-9884-5c04-a1f6-28fc6c36f4bd (LibroPagina) name=demo
[1329] PONERE_PROPRIETAS    28a601d8-9884-5c04-a1f6-28fc6c36f4bd (LibroPagina) titulus=demo
[1330] PONERE_PROPRIETAS    28a601d8-9884-5c04-a1f6-28fc6c36f4bd (LibroPagina) contentum=



	 	 	 	 	 This is a page about stuff.
	 	 	 	 ...
[1331] CREARE_ENTITAS       019b3e73-03de-7531-9072-9cab21fce934 (Carta)
[1332] ADDERE_RELATIO       019b3e73-03de-7531-9072-9cab21fce934 (Carta) --[est]--> 7d1298f2-e383-5d7b-92da-01297c423dda
[1333] ADDERE_RELATIO       fd393f4b-4b5d-5a75-b6e6-e2bc73af8184 (Schirma) --[continet]--> 019b3e73-03de-7531-9072-9cab21fce934
[1334] PONERE_PROPRIETAS    019b3e73-03de-7531-9072-9cab21fce934 (Carta) textus=Nova carta
[1335] PONERE_PROPRIETAS    019b3e73-03de-7531-9072-9cab21fce934 (Carta) x=99
[1336] PONERE_PROPRIETAS    019b3e73-03de-7531-9072-9cab21fce934 (Carta) y=144
[1337] PONERE_PROPRIETAS    019b3e73-03de-7531-9072-9cab21fce934 (Carta) z_index=46
[1338] PONERE_PROPRIETAS    019b3e73-03de-7531-9072-9cab21fce934 (Carta) textus=#demo
[1339] PONERE_PROPRIETAS    019b3e73-03de-7531-9072-9cab21fce934 (Carta) x=208
[1340] PONERE_PROPRIETAS    019b3e73-03de-7531-9072-9cab21fce934 (Carta) y=60
[1341] PONERE_PROPRIETAS    019b3e73-03de-7531-9072-9cab21fce934 (Carta) z_index=47
[1342] CREARE_ENTITAS       019b3e84-8992-7aa1-be98-0e261556aa50 (Carta)
[1343] ADDERE_RELATIO       019b3e84-8992-7aa1-be98-0e261556aa50 (Carta) --[est]--> 7d1298f2-e383-5d7b-92da-01297c423dda
[1344] ADDERE_RELATIO       fd393f4b-4b5d-5a75-b6e6-e2bc73af8184 (Schirma) --[continet]--> 019b3e84-8992-7aa1-be98-0e261556aa50
[1345] PONERE_PROPRIETAS    019b3e84-8992-7aa1-be98-0e261556aa50 (Carta) textus=Nova carta
[1346] PONERE_PROPRIETAS    019b3e84-8992-7aa1-be98-0e261556aa50 (Carta) x=117
[1347] PONERE_PROPRIETAS    019b3e84-8992-7aa1-be98-0e261556aa50 (Carta) y=148
[1348] PONERE_PROPRIETAS    019b3e84-8992-7aa1-be98-0e261556aa50 (Carta) z_index=49
[1349] PONERE_PROPRIETAS    019b3e84-8992-7aa1-be98-0e261556aa50 (Carta) textus=> cool ideas
[1350] PONERE_PROPRIETAS    019b3e84-8992-7aa1-be98-0e261556aa50 (Carta) x=105
[1351] PONERE_PROPRIETAS    019b3e84-8992-7aa1-be98-0e261556aa50 (Carta) y=193
[1352] PONERE_PROPRIETAS    019b3e84-8992-7aa1-be98-0e261556aa50 (Carta) z_index=50
[1353] CREARE_ENTITAS       900896a7-9909-5493-96bc-9a7fa4e5324c (Schirma)
[1354] PONERE_PROPRIETAS    900896a7-9909-5493-96bc-9a7fa4e5324c (Schirma) titulus=cool-ideas
[1355] ADDERE_RELATIO       900896a7-9909-5493-96bc-9a7fa4e5324c (Schirma) --[est]--> e36b364e-3a07-5f03-96ae-6168f1051cb3
[1356] PONERE_PROPRIETAS    900896a7-9909-5493-96bc-9a7fa4e5324c (Schirma) slug=cool-ideas
[1357] ADDERE_RELATIO       019b3e84-8992-7aa1-be98-0e261556aa50 (Carta) --[portal_ad]--> 900896a7-9909-5493-96bc-9a7fa4e5324c
[1358] PONERE_PROPRIETAS    019b3e73-03de-7531-9072-9cab21fce934 (Carta) z_index=51
[1359] PONERE_PROPRIETAS    019b3e73-03de-7531-9072-9cab21fce934 (Carta) z_index=52
[1360] DELERE_RELATIO       fd393f4b-4b5d-5a75-b6e6-e2bc73af8184 (Schirma)
[1361] ADDERE_RELATIO       900896a7-9909-5493-96bc-9a7fa4e5324c (Schirma) --[continet]--> 019b3e73-03de-7531-9072-9cab21fce934
[1362] PONERE_PROPRIETAS    019b3e84-8992-7aa1-be98-0e261556aa50 (Carta) z_index=51
[1363] PONERE_PROPRIETAS    019b3e73-03de-7531-9072-9cab21fce934 (Carta) x=62
[1364] PONERE_PROPRIETAS    019b3e73-03de-7531-9072-9cab21fce934 (Carta) y=89
[1365] PONERE_PROPRIETAS    019b3e73-03de-7531-9072-9cab21fce934 (Carta) z_index=53
[1366] PONERE_PROPRIETAS    019b3e84-8992-7aa1-be98-0e261556aa50 (Carta) x=143
[1367] PONERE_PROPRIETAS    019b3e84-8992-7aa1-be98-0e261556aa50 (Carta) y=56
[1368] PONERE_PROPRIETAS    019b3e84-8992-7aa1-be98-0e261556aa50 (Carta) z_index=52
[1369] PONERE_PROPRIETAS    019b3e84-8992-7aa1-be98-0e261556aa50 (Carta) z_index=55
[1370] PONERE_PROPRIETAS    b86df97e-fe5f-5e8f-836d-33fcbb74d366 (LibroPagina) contentum=


	 	 	 #1

	 	 	 	 TODO
	 	 	 	
	 	 	 	
	 	 	 	 ...
[1371] PONERE_PROPRIETAS    b86df97e-fe5f-5e8f-836d-33fcbb74d366 (LibroPagina) contentum=


	 	 	 #1

	 	 	 	 TODO
	 	 	 	
	 	 	 	
	 	 	 	 ...
[1372] PONERE_PROPRIETAS    28a601d8-9884-5c04-a1f6-28fc6c36f4bd (LibroPagina) contentum=



	 	 	 	 	 This is a page about stuff.
	 	 	 	 ...
[1373] PONERE_PROPRIETAS    28a601d8-9884-5c04-a1f6-28fc6c36f4bd (LibroPagina) contentum=



	 	 	 	 	 This is a page about stuff.
	 	 	 	 ...
[1374] PONERE_PROPRIETAS    28a601d8-9884-5c04-a1f6-28fc6c36f4bd (LibroPagina) contentum=



	 	 	 	 	 This is a page about stuff.
	 	 	 	 ...
[1375] PONERE_PROPRIETAS    28a601d8-9884-5c04-a1f6-28fc6c36f4bd (LibroPagina) contentum=



	 	 	 	 	 This is a page about stuff.
	 	 	 	 ...
[1376] PONERE_PROPRIETAS    28a601d8-9884-5c04-a1f6-28fc6c36f4bd (LibroPagina) contentum=



	 	 	 	 	 This is a page about stuff.
	 	 	 	 ...
[1377] PONERE_PROPRIETAS    28a601d8-9884-5c04-a1f6-28fc6c36f4bd (LibroPagina) contentum=



	 	 	 	 	 This is a page about stuff.
	 	 	 	 ...
[1378] PONERE_PROPRIETAS    b86df97e-fe5f-5e8f-836d-33fcbb74d366 (LibroPagina) contentum=


	 	 	 #1

	 	 	 	 TODO
	 	 	 	
	 	 	 	
	 	 	 	 ...
[1379] PONERE_PROPRIETAS    b86df97e-fe5f-5e8f-836d-33fcbb74d366 (LibroPagina) contentum=


	 	 	 #1

	 	 	 	 TODO
	 	 	 	
	 	 	 	
	 	 	 	 ...
[1380] PONERE_PROPRIETAS    b86df97e-fe5f-5e8f-836d-33fcbb74d366 (LibroPagina) contentum=


	 	 	 #1

	 	 	 	 TODO
	 	 	 	
	 	 	 	
	 	 	 	 ...
[1381] PONERE_PROPRIETAS    b86df97e-fe5f-5e8f-836d-33fcbb74d366 (LibroPagina) contentum=


	 	 	 #1

	 	 	 	 TODO
	 	 	 	
	 	 	 	
	 	 	 	 ...
[1382] PONERE_PROPRIETAS    b86df97e-fe5f-5e8f-836d-33fcbb74d366 (LibroPagina) contentum=


	 	 	 #1

	 	 	 	 TODO
	 	 	 	
	 	 	 	
	 	 	 	 ...
[1383] PONERE_PROPRIETAS    b86df97e-fe5f-5e8f-836d-33fcbb74d366 (LibroPagina) contentum=


	 	 	 #1

	 	 	 	 TODO
	 	 	 	
	 	 	 	
	 	 	 	 ...
[1384] PONERE_PROPRIETAS    b86df97e-fe5f-5e8f-836d-33fcbb74d366 (LibroPagina) contentum=


	 	 	 #1

	 	 	 	 TODO
	 	 	 	
	 	 	 	
	 	 	 	 ...
[1385] PONERE_PROPRIETAS    b86df97e-fe5f-5e8f-836d-33fcbb74d366 (LibroPagina) contentum=


	 	 	 #1

	 	 	 	 TODO
	 	 	 	
	 	 	 	
	 	 	 	 ...
[1386] PONERE_PROPRIETAS    b86df97e-fe5f-5e8f-836d-33fcbb74d366 (LibroPagina) contentum=


	 	 	 #1

	 	 	 	 TODO
	 	 	 	
	 	 	 	
	 	 	 	 ...
[1387] PONERE_PROPRIETAS    f05108f6-592c-50a1-9ef5-f108725d749a (LibroPagina) contentum=  Ctrl+Shift+Right = next page
  Ctrl+Shift+Left  ...
[1388] PONERE_PROPRIETAS    f05108f6-592c-50a1-9ef5-f108725d749a (LibroPagina) contentum=  Ctrl+Shift+Right = next page
  Ctrl+Shift+Left  ...
[1389] CREARE_ENTITAS       6fa1c3ab-ffd0-5365-88ce-5f25c4a721f1 (LibrumProgressus)
[1390] PONERE_PROPRIETAS    6fa1c3ab-ffd0-5365-88ce-5f25c4a721f1 (LibrumProgressus) titulus=11626
[1391] CREARE_ENTITAS       2993e15a-ff74-52cb-9700-b385e87e79d3 (Genus)
[1392] PONERE_PROPRIETAS    2993e15a-ff74-52cb-9700-b385e87e79d3 (Genus) name=LibrumProgressus
[1393] ADDERE_RELATIO       167e9336-d4ab-56fc-b024-bd7fbd18e91c (Genus) --[contains]--> 2993e15a-ff74-52cb-9700-b385e87e79d3
[1394] ADDERE_RELATIO       6fa1c3ab-ffd0-5365-88ce-5f25c4a721f1 (LibrumProgressus) --[est]--> 2993e15a-ff74-52cb-9700-b385e87e79d3
[1395] PONERE_PROPRIETAS    6fa1c3ab-ffd0-5365-88ce-5f25c4a721f1 (LibrumProgressus) pagina_currens=1
[1396] PONERE_PROPRIETAS    6fa1c3ab-ffd0-5365-88ce-5f25c4a721f1 (LibrumProgressus) pagina_currens=3
[1397] CREARE_ENTITAS       48f9116b-b2b1-585e-ad0e-4f04e9df292d (LibrumProgressus)
[1398] PONERE_PROPRIETAS    48f9116b-b2b1-585e-ad0e-4f04e9df292d (LibrumProgressus) titulus=10661
[1399] ADDERE_RELATIO       48f9116b-b2b1-585e-ad0e-4f04e9df292d (LibrumProgressus) --[est]--> 2993e15a-ff74-52cb-9700-b385e87e79d3
[1400] PONERE_PROPRIETAS    6fa1c3ab-ffd0-5365-88ce-5f25c4a721f1 (LibrumProgressus) pagina_currens=1
[1401] CREARE_ENTITAS       b6b13a37-3d42-5a1b-9b52-ca5bed0bde79 (LibrumProgressus)
[1402] PONERE_PROPRIETAS    b6b13a37-3d42-5a1b-9b52-ca5bed0bde79 (LibrumProgressus) titulus=10717
[1403] ADDERE_RELATIO       b6b13a37-3d42-5a1b-9b52-ca5bed0bde79 (LibrumProgressus) --[est]--> 2993e15a-ff74-52cb-9700-b385e87e79d3
[1404] PONERE_PROPRIETAS    6fa1c3ab-ffd0-5365-88ce-5f25c4a721f1 (LibrumProgressus) pagina_currens=3
[1405] PONERE_PROPRIETAS    b6b13a37-3d42-5a1b-9b52-ca5bed0bde79 (LibrumProgressus) pagina_currens=0
[1406] PONERE_PROPRIETAS    6fa1c3ab-ffd0-5365-88ce-5f25c4a721f1 (LibrumProgressus) pagina_currens=0
[1407] PONERE_PROPRIETAS    6fa1c3ab-ffd0-5365-88ce-5f25c4a721f1 (LibrumProgressus) pagina_currens=1
[1408] PONERE_PROPRIETAS    f05108f6-592c-50a1-9ef5-f108725d749a (LibroPagina) contentum=  Ctrl+Shift+Right = next page
  Ctrl+Shift+Left  ...
[1409] PONERE_PROPRIETAS    f05108f6-592c-50a1-9ef5-f108725d749a (LibroPagina) contentum=  Ctrl+Shift+Right = next page
  Ctrl+Shift+Left  ...
[1410] PONERE_PROPRIETAS    f05108f6-592c-50a1-9ef5-f108725d749a (LibroPagina) contentum=  Ctrl+Shift+Right = next page
  Ctrl+Shift+Left  ...
[1411] PONERE_PROPRIETAS    f05108f6-592c-50a1-9ef5-f108725d749a (LibroPagina) contentum=  Ctrl+Shift+Right = next page
  Ctrl+Shift+Left  ...
[1412] CREARE_ENTITAS       78b82cda-6270-568b-ba73-3b546a439107 (LibrumProgressus)
[1413] PONERE_PROPRIETAS    78b82cda-6270-568b-ba73-3b546a439107 (LibrumProgressus) titulus=12410
[1414] ADDERE_RELATIO       78b82cda-6270-568b-ba73-3b546a439107 (LibrumProgressus) --[est]--> 2993e15a-ff74-52cb-9700-b385e87e79d3
[1415] PONERE_PROPRIETAS    78b82cda-6270-568b-ba73-3b546a439107 (LibrumProgressus) pagina_currens=28
[1416] CREARE_ENTITAS       3ba78ef3-0a2d-5f60-a9fa-0bf2f39c7d3d (LibrumProgressus)
[1417] PONERE_PROPRIETAS    3ba78ef3-0a2d-5f60-a9fa-0bf2f39c7d3d (LibrumProgressus) titulus=10672
[1418] ADDERE_RELATIO       3ba78ef3-0a2d-5f60-a9fa-0bf2f39c7d3d (LibrumProgressus) --[est]--> 2993e15a-ff74-52cb-9700-b385e87e79d3
[1419] PONERE_PROPRIETAS    3ba78ef3-0a2d-5f60-a9fa-0bf2f39c7d3d (LibrumProgressus) pagina_currens=4
[1420] CREARE_ENTITAS       ede11b5e-2217-5ef9-9772-be94b760f44b (LibrumProgressus)
[1421] PONERE_PROPRIETAS    ede11b5e-2217-5ef9-9772-be94b760f44b (LibrumProgressus) titulus=1252
[1422] ADDERE_RELATIO       ede11b5e-2217-5ef9-9772-be94b760f44b (LibrumProgressus) --[est]--> 2993e15a-ff74-52cb-9700-b385e87e79d3
[1423] PONERE_PROPRIETAS    ede11b5e-2217-5ef9-9772-be94b760f44b (LibrumProgressus) pagina_currens=0
[1424] CREARE_ENTITAS       68687317-9a2d-5e17-b19e-4031afaa66ff (LibrumProgressus)
[1425] PONERE_PROPRIETAS    68687317-9a2d-5e17-b19e-4031afaa66ff (LibrumProgressus) titulus=11233
[1426] ADDERE_RELATIO       68687317-9a2d-5e17-b19e-4031afaa66ff (LibrumProgressus) --[est]--> 2993e15a-ff74-52cb-9700-b385e87e79d3
[1427] PONERE_PROPRIETAS    68687317-9a2d-5e17-b19e-4031afaa66ff (LibrumProgressus) pagina_currens=0
[1428] PONERE_PROPRIETAS    28a601d8-9884-5c04-a1f6-28fc6c36f4bd (LibroPagina) name=books
[1429] PONERE_PROPRIETAS    28a601d8-9884-5c04-a1f6-28fc6c36f4bd (LibroPagina) titulus=books
[1430] PONERE_PROPRIETAS    28a601d8-9884-5c04-a1f6-28fc6c36f4bd (LibroPagina) contentum=



	 	 	 	 	 This is a page about stuff.
	 	 	 	 ...
[1431] PONERE_PROPRIETAS    28a601d8-9884-5c04-a1f6-28fc6c36f4bd (LibroPagina) contentum=



	 	 	 	 	 This is a page about stuff.
	 	 	 	 ...
[1432] PONERE_PROPRIETAS    28a601d8-9884-5c04-a1f6-28fc6c36f4bd (LibroPagina) contentum=



	 	 	 	 	
	 	 	 	 	
	 	 	 	 	
	 	 	 	 	
	 	 	 ...
[1433] PONERE_PROPRIETAS    28a601d8-9884-5c04-a1f6-28fc6c36f4bd (LibroPagina) contentum=
    $library Hurrah for New England


	 	 	 	 	
	...
[1434] PONERE_PROPRIETAS    28a601d8-9884-5c04-a1f6-28fc6c36f4bd (LibroPagina) contentum=
    $library Hurrah for New England

    $library...
[1435] PONERE_PROPRIETAS    28a601d8-9884-5c04-a1f6-28fc6c36f4bd (LibroPagina) contentum=
    $library Hurrah for New England

    $library...
[1436] PONERE_PROPRIETAS    28a601d8-9884-5c04-a1f6-28fc6c36f4bd (LibroPagina) contentum=
    $library Hurrah for New England

    $library...
[1437] PONERE_PROPRIETAS    f05108f6-592c-50a1-9ef5-f108725d749a (LibroPagina) contentum=  Ctrl+Shift+Right = next page
  Ctrl+Shift+Left  ...
[1438] CREARE_ENTITAS       6fbf075e-12d1-5edd-9362-fc48f4c17bb9 (LibrumProgressus)
[1439] PONERE_PROPRIETAS    6fbf075e-12d1-5edd-9362-fc48f4c17bb9 (LibrumProgressus) titulus=10618
[1440] ADDERE_RELATIO       6fbf075e-12d1-5edd-9362-fc48f4c17bb9 (LibrumProgressus) --[est]--> 2993e15a-ff74-52cb-9700-b385e87e79d3
[1441] PONERE_PROPRIETAS    6fbf075e-12d1-5edd-9362-fc48f4c17bb9 (LibrumProgressus) pagina_currens=0
[1442] CREARE_ENTITAS       2bad07eb-e06e-520b-b1d1-470f4c7bc92e (LibrumProgressus)
[1443] PONERE_PROPRIETAS    2bad07eb-e06e-520b-b1d1-470f4c7bc92e (LibrumProgressus) titulus=12315
[1444] ADDERE_RELATIO       2bad07eb-e06e-520b-b1d1-470f4c7bc92e (LibrumProgressus) --[est]--> 2993e15a-ff74-52cb-9700-b385e87e79d3
[1445] PONERE_PROPRIETAS    28a601d8-9884-5c04-a1f6-28fc6c36f4bd (LibroPagina) contentum=
    $library Hurrah for New England

    $library...
[1446] PONERE_PROPRIETAS    28a601d8-9884-5c04-a1f6-28fc6c36f4bd (LibroPagina) contentum=
    $library Hurrah for New England

    $library...
[1447] PONERE_PROPRIETAS    28a601d8-9884-5c04-a1f6-28fc6c36f4bd (LibroPagina) contentum=
    $library Hurrah for New England

    $library...
[1448] PONERE_PROPRIETAS    b6b13a37-3d42-5a1b-9b52-ca5bed0bde79 (LibrumProgressus) pagina_currens=1
[1449] PONERE_PROPRIETAS    b6b13a37-3d42-5a1b-9b52-ca5bed0bde79 (LibrumProgressus) pagina_currens=2
[1450] PONERE_PROPRIETAS    b6b13a37-3d42-5a1b-9b52-ca5bed0bde79 (LibrumProgressus) pagina_currens=3
[1451] PONERE_PROPRIETAS    b6b13a37-3d42-5a1b-9b52-ca5bed0bde79 (LibrumProgressus) pagina_currens=4
[1452] CREARE_ENTITAS       de1d45d0-e59b-55c7-94ba-266bbd525653 (LibrumProgressus)
[1453] PONERE_PROPRIETAS    de1d45d0-e59b-55c7-94ba-266bbd525653 (LibrumProgressus) titulus=1170
[1454] ADDERE_RELATIO       de1d45d0-e59b-55c7-94ba-266bbd525653 (LibrumProgressus) --[est]--> 2993e15a-ff74-52cb-9700-b385e87e79d3
[1455] PONERE_PROPRIETAS    de1d45d0-e59b-55c7-94ba-266bbd525653 (LibrumProgressus) pagina_currens=1
[1456] PONERE_PROPRIETAS    de1d45d0-e59b-55c7-94ba-266bbd525653 (LibrumProgressus) pagina_currens=2
[1457] PONERE_PROPRIETAS    de1d45d0-e59b-55c7-94ba-266bbd525653 (LibrumProgressus) pagina_currens=1
[1458] PONERE_PROPRIETAS    de1d45d0-e59b-55c7-94ba-266bbd525653 (LibrumProgressus) pagina_currens=2
[1459] PONERE_PROPRIETAS    28a601d8-9884-5c04-a1f6-28fc6c36f4bd (LibroPagina) contentum=
    $library Hurrah for New England

    $library...
[1460] PONERE_PROPRIETAS    019b3e84-8992-7aa1-be98-0e261556aa50 (Carta) z_index=56
[1461] PONERE_PROPRIETAS    019b3e84-8992-7aa1-be98-0e261556aa50 (Carta) z_index=57
[1462] PONERE_PROPRIETAS    019b3e84-8992-7aa1-be98-0e261556aa50 (Carta) x=103
[1463] PONERE_PROPRIETAS    019b3e84-8992-7aa1-be98-0e261556aa50 (Carta) y=202
[1464] PONERE_PROPRIETAS    019b3e84-8992-7aa1-be98-0e261556aa50 (Carta) z_index=58
[1465] CREARE_ENTITAS       92577c5d-2013-5a55-9c9a-91ca8b1ea428 (ArcCaeliStatus)
[1466] PONERE_PROPRIETAS    92577c5d-2013-5a55-9c9a-91ca8b1ea428 (ArcCaeliStatus) titulus=ArcCaeliStatus::1
[1467] CREARE_ENTITAS       ce2ad380-55ea-58ea-b414-0003af4f3da5 (Genus)
[1468] PONERE_PROPRIETAS    ce2ad380-55ea-58ea-b414-0003af4f3da5 (Genus) name=ArcCaeliStatus
[1469] ADDERE_RELATIO       167e9336-d4ab-56fc-b024-bd7fbd18e91c (Genus) --[contains]--> ce2ad380-55ea-58ea-b414-0003af4f3da5
[1470] ADDERE_RELATIO       92577c5d-2013-5a55-9c9a-91ca8b1ea428 (ArcCaeliStatus) --[est]--> ce2ad380-55ea-58ea-b414-0003af4f3da5
[1471] PONERE_PROPRIETAS    92577c5d-2013-5a55-9c9a-91ca8b1ea428 (ArcCaeliStatus) slug=root
[1472] PONERE_PROPRIETAS    019b3e84-8992-7aa1-be98-0e261556aa50 (Carta) z_index=59
[1473] CREARE_ENTITAS       917765b9-3b96-57b1-8418-6a50e37c5436 (ArcCaeliStatus)
[1474] PONERE_PROPRIETAS    917765b9-3b96-57b1-8418-6a50e37c5436 (ArcCaeliStatus) titulus=ArcCaeliStatus::0
[1475] ADDERE_RELATIO       917765b9-3b96-57b1-8418-6a50e37c5436 (ArcCaeliStatus) --[est]--> ce2ad380-55ea-58ea-b414-0003af4f3da5
[1476] PONERE_PROPRIETAS    917765b9-3b96-57b1-8418-6a50e37c5436 (ArcCaeliStatus) slug=cool-ideas
[1477] CREARE_ENTITAS       e8d88764-8570-5cf6-9728-d9ea91500728 (BibliaStatus)
[1478] PONERE_PROPRIETAS    e8d88764-8570-5cf6-9728-d9ea91500728 (BibliaStatus) titulus=BibliaStatus::1
[1479] CREARE_ENTITAS       2cfc0a56-01ac-5d5f-8939-bfd89b115bff (Genus)
[1480] PONERE_PROPRIETAS    2cfc0a56-01ac-5d5f-8939-bfd89b115bff (Genus) name=BibliaStatus
[1481] ADDERE_RELATIO       167e9336-d4ab-56fc-b024-bd7fbd18e91c (Genus) --[contains]--> 2cfc0a56-01ac-5d5f-8939-bfd89b115bff
[1482] ADDERE_RELATIO       e8d88764-8570-5cf6-9728-d9ea91500728 (BibliaStatus) --[est]--> 2cfc0a56-01ac-5d5f-8939-bfd89b115bff
[1483] PONERE_PROPRIETAS    e8d88764-8570-5cf6-9728-d9ea91500728 (BibliaStatus) in_toc=0
[1484] PONERE_PROPRIETAS    e8d88764-8570-5cf6-9728-d9ea91500728 (BibliaStatus) liber_currens=49
[1485] PONERE_PROPRIETAS    e8d88764-8570-5cf6-9728-d9ea91500728 (BibliaStatus) capitulum_currens=6
[1486] PONERE_PROPRIETAS    e8d88764-8570-5cf6-9728-d9ea91500728 (BibliaStatus) index_paginae=2
[1487] CREARE_ENTITAS       6e2d17c9-53ef-58e9-b38a-3fe22e1818bd (BibliaStatus)
[1488] PONERE_PROPRIETAS    6e2d17c9-53ef-58e9-b38a-3fe22e1818bd (BibliaStatus) titulus=BibliaStatus::0
[1489] ADDERE_RELATIO       6e2d17c9-53ef-58e9-b38a-3fe22e1818bd (BibliaStatus) --[est]--> 2cfc0a56-01ac-5d5f-8939-bfd89b115bff
[1490] PONERE_PROPRIETAS    6e2d17c9-53ef-58e9-b38a-3fe22e1818bd (BibliaStatus) in_toc=0
[1491] PONERE_PROPRIETAS    6e2d17c9-53ef-58e9-b38a-3fe22e1818bd (BibliaStatus) liber_currens=0
[1492] PONERE_PROPRIETAS    6e2d17c9-53ef-58e9-b38a-3fe22e1818bd (BibliaStatus) capitulum_currens=1
[1493] PONERE_PROPRIETAS    6e2d17c9-53ef-58e9-b38a-3fe22e1818bd (BibliaStatus) index_paginae=0
[1494] PONERE_PROPRIETAS    f05108f6-592c-50a1-9ef5-f108725d749a (LibroPagina) name=home2
[1495] PONERE_PROPRIETAS    f05108f6-592c-50a1-9ef5-f108725d749a (LibroPagina) titulus=home2
[1496] PONERE_PROPRIETAS    f05108f6-592c-50a1-9ef5-f108725d749a (LibroPagina) contentum=  Ctrl+Shift+Right = next page
  Ctrl+Shift+Left  ...
[1497] PONERE_PROPRIETAS    f05108f6-592c-50a1-9ef5-f108725d749a (LibroPagina) name=home
[1498] PONERE_PROPRIETAS    f05108f6-592c-50a1-9ef5-f108725d749a (LibroPagina) titulus=home
[1499] PONERE_PROPRIETAS    f05108f6-592c-50a1-9ef5-f108725d749a (LibroPagina) contentum=  Ctrl+Shift+Right = next page
  Ctrl+Shift+Left  ...
[1500] PONERE_PROPRIETAS    f05108f6-592c-50a1-9ef5-f108725d749a (LibroPagina) contentum=  Ctrl+Shift+Right = next page
  Ctrl+Shift+Left  ...
[1501] CREARE_ENTITAS       cbf56b91-ae14-5a2f-b90c-3701b7df4aa6 (LibroPagina)
[1502] PONERE_PROPRIETAS    cbf56b91-ae14-5a2f-b90c-3701b7df4aa6 (LibroPagina) titulus=pagina-7
[1503] ADDERE_RELATIO       cbf56b91-ae14-5a2f-b90c-3701b7df4aa6 (LibroPagina) --[est]--> f5fd3e63-c2cc-5256-a514-4b7764478f6d
[1504] ADDERE_NOTA          cbf56b91-ae14-5a2f-b90c-3701b7df4aa6 (LibroPagina) ##LibroPagina
[1505] PONERE_PROPRIETAS    cbf56b91-ae14-5a2f-b90c-3701b7df4aa6 (LibroPagina) ordo=7
[1506] PONERE_PROPRIETAS    cbf56b91-ae14-5a2f-b90c-3701b7df4aa6 (LibroPagina) name=pagina-7
[1507] PONERE_PROPRIETAS    cbf56b91-ae14-5a2f-b90c-3701b7df4aa6 (LibroPagina) contentum=


	 	 	 








































...
[1508] CREARE_ENTITAS       bf323f64-1292-5f46-b0a8-b7e8dd9fe460 (LibrariumStatus)
[1509] PONERE_PROPRIETAS    bf323f64-1292-5f46-b0a8-b7e8dd9fe460 (LibrariumStatus) titulus=LibrariumStatus::0
[1510] CREARE_ENTITAS       3c5d275c-c478-5fa9-8f77-05c55b07039d (Genus)
[1511] PONERE_PROPRIETAS    3c5d275c-c478-5fa9-8f77-05c55b07039d (Genus) name=LibrariumStatus
[1512] ADDERE_RELATIO       167e9336-d4ab-56fc-b024-bd7fbd18e91c (Genus) --[contains]--> 3c5d275c-c478-5fa9-8f77-05c55b07039d
[1513] ADDERE_RELATIO       bf323f64-1292-5f46-b0a8-b7e8dd9fe460 (LibrariumStatus) --[est]--> 3c5d275c-c478-5fa9-8f77-05c55b07039d
[1514] PONERE_PROPRIETAS    bf323f64-1292-5f46-b0a8-b7e8dd9fe460 (LibrariumStatus) modus=0
[1515] PONERE_PROPRIETAS    bf323f64-1292-5f46-b0a8-b7e8dd9fe460 (LibrariumStatus) categoria=0
[1516] PONERE_PROPRIETAS    bf323f64-1292-5f46-b0a8-b7e8dd9fe460 (LibrariumStatus) index_paginae=0
[1517] PONERE_PROPRIETAS    bf323f64-1292-5f46-b0a8-b7e8dd9fe460 (LibrariumStatus) index_selecta=0
[1518] PONERE_PROPRIETAS    bf323f64-1292-5f46-b0a8-b7e8dd9fe460 (LibrariumStatus) liber_currens=-1
[1519] PONERE_PROPRIETAS    bf323f64-1292-5f46-b0a8-b7e8dd9fe460 (LibrariumStatus) pagina_lectio=0
[1520] CREARE_ENTITAS       92f5b894-2d07-57be-abe8-d093b633c0d1 (SchirmataGlobal)
[1521] PONERE_PROPRIETAS    92f5b894-2d07-57be-abe8-d093b633c0d1 (SchirmataGlobal) titulus=0
[1522] CREARE_ENTITAS       e67407f2-18fd-5fb6-8ee9-02ec67a41453 (Genus)
[1523] PONERE_PROPRIETAS    e67407f2-18fd-5fb6-8ee9-02ec67a41453 (Genus) name=SchirmataGlobal
[1524] ADDERE_RELATIO       167e9336-d4ab-56fc-b024-bd7fbd18e91c (Genus) --[contains]--> e67407f2-18fd-5fb6-8ee9-02ec67a41453
[1525] ADDERE_RELATIO       92f5b894-2d07-57be-abe8-d093b633c0d1 (SchirmataGlobal) --[est]--> e67407f2-18fd-5fb6-8ee9-02ec67a41453
[1526] CREARE_ENTITAS       f1830b21-31fc-5fb5-b09f-cbaf7be49df3 (SchirmaStatus)
[1527] PONERE_PROPRIETAS    f1830b21-31fc-5fb5-b09f-cbaf7be49df3 (SchirmaStatus) titulus=0
[1528] CREARE_ENTITAS       92f54beb-8a36-5511-9617-cf1961d7aa9d (Genus)
[1529] PONERE_PROPRIETAS    92f54beb-8a36-5511-9617-cf1961d7aa9d (Genus) name=SchirmaStatus
[1530] ADDERE_RELATIO       167e9336-d4ab-56fc-b024-bd7fbd18e91c (Genus) --[contains]--> 92f54beb-8a36-5511-9617-cf1961d7aa9d
[1531] ADDERE_RELATIO       f1830b21-31fc-5fb5-b09f-cbaf7be49df3 (SchirmaStatus) --[est]--> 92f54beb-8a36-5511-9617-cf1961d7aa9d
[1532] CREARE_ENTITAS       a156f2ea-eaba-52b1-9e64-e6d64e9f1454 (SchirmaStatus)
[1533] PONERE_PROPRIETAS    a156f2ea-eaba-52b1-9e64-e6d64e9f1454 (SchirmaStatus) titulus=1
[1534] ADDERE_RELATIO       a156f2ea-eaba-52b1-9e64-e6d64e9f1454 (SchirmaStatus) --[est]--> 92f54beb-8a36-5511-9617-cf1961d7aa9d
[1535] CREARE_ENTITAS       83840a70-7a0a-513b-bb07-4f18aeb7745a (SchirmaStatus)
[1536] PONERE_PROPRIETAS    83840a70-7a0a-513b-bb07-4f18aeb7745a (SchirmaStatus) titulus=2
[1537] ADDERE_RELATIO       83840a70-7a0a-513b-bb07-4f18aeb7745a (SchirmaStatus) --[est]--> 92f54beb-8a36-5511-9617-cf1961d7aa9d
[1538] CREARE_ENTITAS       6b0434b0-8572-58bd-89bd-f47d1f197fb6 (SchirmaStatus)
[1539] PONERE_PROPRIETAS    6b0434b0-8572-58bd-89bd-f47d1f197fb6 (SchirmaStatus) titulus=3
[1540] ADDERE_RELATIO       6b0434b0-8572-58bd-89bd-f47d1f197fb6 (SchirmaStatus) --[est]--> 92f54beb-8a36-5511-9617-cf1961d7aa9d
[1541] CREARE_ENTITAS       1d098538-0af7-533b-9d22-515f4af82ec0 (SchirmaStatus)
[1542] PONERE_PROPRIETAS    1d098538-0af7-533b-9d22-515f4af82ec0 (SchirmaStatus) titulus=4
[1543] ADDERE_RELATIO       1d098538-0af7-533b-9d22-515f4af82ec0 (SchirmaStatus) --[est]--> 92f54beb-8a36-5511-9617-cf1961d7aa9d
[1544] CREARE_ENTITAS       5f74b96b-a2be-5c1c-9ff6-dac81e4a1a44 (SchirmaStatus)
[1545] PONERE_PROPRIETAS    5f74b96b-a2be-5c1c-9ff6-dac81e4a1a44 (SchirmaStatus) titulus=5
[1546] ADDERE_RELATIO       5f74b96b-a2be-5c1c-9ff6-dac81e4a1a44 (SchirmaStatus) --[est]--> 92f54beb-8a36-5511-9617-cf1961d7aa9d
[1547] CREARE_ENTITAS       e7d269b0-9408-5359-ad74-28c5728f5b37 (SchirmaStatus)
[1548] PONERE_PROPRIETAS    e7d269b0-9408-5359-ad74-28c5728f5b37 (SchirmaStatus) titulus=6
[1549] ADDERE_RELATIO       e7d269b0-9408-5359-ad74-28c5728f5b37 (SchirmaStatus) --[est]--> 92f54beb-8a36-5511-9617-cf1961d7aa9d
[1550] CREARE_ENTITAS       67953663-3468-5791-b610-a077718859a3 (SchirmaStatus)
[1551] PONERE_PROPRIETAS    67953663-3468-5791-b610-a077718859a3 (SchirmaStatus) titulus=7
[1552] ADDERE_RELATIO       67953663-3468-5791-b610-a077718859a3 (SchirmaStatus) --[est]--> 92f54beb-8a36-5511-9617-cf1961d7aa9d
[1553] CREARE_ENTITAS       9fcb7d01-5218-507c-9639-6b959cf451b2 (SchirmaStatus)
[1554] PONERE_PROPRIETAS    9fcb7d01-5218-507c-9639-6b959cf451b2 (SchirmaStatus) titulus=8
[1555] ADDERE_RELATIO       9fcb7d01-5218-507c-9639-6b959cf451b2 (SchirmaStatus) --[est]--> 92f54beb-8a36-5511-9617-cf1961d7aa9d
[1556] CREARE_ENTITAS       ccf8b520-2ed9-5278-9f9c-dda0cc7921e6 (SchirmaStatus)
[1557] PONERE_PROPRIETAS    ccf8b520-2ed9-5278-9f9c-dda0cc7921e6 (SchirmaStatus) titulus=9
[1558] ADDERE_RELATIO       ccf8b520-2ed9-5278-9f9c-dda0cc7921e6 (SchirmaStatus) --[est]--> 92f54beb-8a36-5511-9617-cf1961d7aa9d
[1559] PONERE_PROPRIETAS    92f5b894-2d07-57be-abe8-d093b633c0d1 (SchirmataGlobal) index_currens=1
[1560] PONERE_PROPRIETAS    f1830b21-31fc-5fb5-b09f-cbaf7be49df3 (SchirmaStatus) modus=navigator
[1561] PONERE_PROPRIETAS    f1830b21-31fc-5fb5-b09f-cbaf7be49df3 (SchirmaStatus) libro_index_paginae=4
[1562] PONERE_PROPRIETAS    f1830b21-31fc-5fb5-b09f-cbaf7be49df3 (SchirmaStatus) libro_cursor_linea=0
[1563] PONERE_PROPRIETAS    f1830b21-31fc-5fb5-b09f-cbaf7be49df3 (SchirmaStatus) libro_cursor_columna=0
[1564] PONERE_PROPRIETAS    f1830b21-31fc-5fb5-b09f-cbaf7be49df3 (SchirmaStatus) libro_modo=0
[1565] PONERE_PROPRIETAS    a156f2ea-eaba-52b1-9e64-e6d64e9f1454 (SchirmaStatus) modus=biblia
[1566] PONERE_PROPRIETAS    a156f2ea-eaba-52b1-9e64-e6d64e9f1454 (SchirmaStatus) libro_index_paginae=0
[1567] PONERE_PROPRIETAS    a156f2ea-eaba-52b1-9e64-e6d64e9f1454 (SchirmaStatus) libro_cursor_linea=0
[1568] PONERE_PROPRIETAS    a156f2ea-eaba-52b1-9e64-e6d64e9f1454 (SchirmaStatus) libro_cursor_columna=0
[1569] PONERE_PROPRIETAS    a156f2ea-eaba-52b1-9e64-e6d64e9f1454 (SchirmaStatus) libro_modo=0
[1570] PONERE_PROPRIETAS    83840a70-7a0a-513b-bb07-4f18aeb7745a (SchirmaStatus) modus=navigator
[1571] PONERE_PROPRIETAS    83840a70-7a0a-513b-bb07-4f18aeb7745a (SchirmaStatus) libro_index_paginae=0
[1572] PONERE_PROPRIETAS    83840a70-7a0a-513b-bb07-4f18aeb7745a (SchirmaStatus) libro_cursor_linea=0
[1573] PONERE_PROPRIETAS    83840a70-7a0a-513b-bb07-4f18aeb7745a (SchirmaStatus) libro_cursor_columna=0
[1574] PONERE_PROPRIETAS    83840a70-7a0a-513b-bb07-4f18aeb7745a (SchirmaStatus) libro_modo=0
[1575] PONERE_PROPRIETAS    6b0434b0-8572-58bd-89bd-f47d1f197fb6 (SchirmaStatus) modus=navigator
[1576] PONERE_PROPRIETAS    6b0434b0-8572-58bd-89bd-f47d1f197fb6 (SchirmaStatus) libro_index_paginae=0
[1577] PONERE_PROPRIETAS    6b0434b0-8572-58bd-89bd-f47d1f197fb6 (SchirmaStatus) libro_cursor_linea=0
[1578] PONERE_PROPRIETAS    6b0434b0-8572-58bd-89bd-f47d1f197fb6 (SchirmaStatus) libro_cursor_columna=0
[1579] PONERE_PROPRIETAS    6b0434b0-8572-58bd-89bd-f47d1f197fb6 (SchirmaStatus) libro_modo=0
[1580] PONERE_PROPRIETAS    1d098538-0af7-533b-9d22-515f4af82ec0 (SchirmaStatus) modus=navigator
[1581] PONERE_PROPRIETAS    1d098538-0af7-533b-9d22-515f4af82ec0 (SchirmaStatus) libro_index_paginae=0
[1582] PONERE_PROPRIETAS    1d098538-0af7-533b-9d22-515f4af82ec0 (SchirmaStatus) libro_cursor_linea=0
[1583] PONERE_PROPRIETAS    1d098538-0af7-533b-9d22-515f4af82ec0 (SchirmaStatus) libro_cursor_columna=0
[1584] PONERE_PROPRIETAS    1d098538-0af7-533b-9d22-515f4af82ec0 (SchirmaStatus) libro_modo=0
[1585] PONERE_PROPRIETAS    5f74b96b-a2be-5c1c-9ff6-dac81e4a1a44 (SchirmaStatus) modus=navigator
[1586] PONERE_PROPRIETAS    5f74b96b-a2be-5c1c-9ff6-dac81e4a1a44 (SchirmaStatus) libro_index_paginae=0
[1587] PONERE_PROPRIETAS    5f74b96b-a2be-5c1c-9ff6-dac81e4a1a44 (SchirmaStatus) libro_cursor_linea=0
[1588] PONERE_PROPRIETAS    5f74b96b-a2be-5c1c-9ff6-dac81e4a1a44 (SchirmaStatus) libro_cursor_columna=0
[1589] PONERE_PROPRIETAS    5f74b96b-a2be-5c1c-9ff6-dac81e4a1a44 (SchirmaStatus) libro_modo=0
[1590] PONERE_PROPRIETAS    e7d269b0-9408-5359-ad74-28c5728f5b37 (SchirmaStatus) modus=navigator
[1591] PONERE_PROPRIETAS    e7d269b0-9408-5359-ad74-28c5728f5b37 (SchirmaStatus) libro_index_paginae=0
[1592] PONERE_PROPRIETAS    e7d269b0-9408-5359-ad74-28c5728f5b37 (SchirmaStatus) libro_cursor_linea=0
[1593] PONERE_PROPRIETAS    e7d269b0-9408-5359-ad74-28c5728f5b37 (SchirmaStatus) libro_cursor_columna=0
[1594] PONERE_PROPRIETAS    e7d269b0-9408-5359-ad74-28c5728f5b37 (SchirmaStatus) libro_modo=0
[1595] PONERE_PROPRIETAS    67953663-3468-5791-b610-a077718859a3 (SchirmaStatus) modus=navigator
[1596] PONERE_PROPRIETAS    67953663-3468-5791-b610-a077718859a3 (SchirmaStatus) libro_index_paginae=0
[1597] PONERE_PROPRIETAS    67953663-3468-5791-b610-a077718859a3 (SchirmaStatus) libro_cursor_linea=0
[1598] PONERE_PROPRIETAS    67953663-3468-5791-b610-a077718859a3 (SchirmaStatus) libro_cursor_columna=0
[1599] PONERE_PROPRIETAS    67953663-3468-5791-b610-a077718859a3 (SchirmaStatus) libro_modo=0
[1600] PONERE_PROPRIETAS    9fcb7d01-5218-507c-9639-6b959cf451b2 (SchirmaStatus) modus=navigator
[1601] PONERE_PROPRIETAS    9fcb7d01-5218-507c-9639-6b959cf451b2 (SchirmaStatus) libro_index_paginae=0
[1602] PONERE_PROPRIETAS    9fcb7d01-5218-507c-9639-6b959cf451b2 (SchirmaStatus) libro_cursor_linea=0
[1603] PONERE_PROPRIETAS    9fcb7d01-5218-507c-9639-6b959cf451b2 (SchirmaStatus) libro_cursor_columna=0
[1604] PONERE_PROPRIETAS    9fcb7d01-5218-507c-9639-6b959cf451b2 (SchirmaStatus) libro_modo=0
[1605] PONERE_PROPRIETAS    ccf8b520-2ed9-5278-9f9c-dda0cc7921e6 (SchirmaStatus) modus=navigator
[1606] PONERE_PROPRIETAS    ccf8b520-2ed9-5278-9f9c-dda0cc7921e6 (SchirmaStatus) libro_index_paginae=0
[1607] PONERE_PROPRIETAS    ccf8b520-2ed9-5278-9f9c-dda0cc7921e6 (SchirmaStatus) libro_cursor_linea=0
[1608] PONERE_PROPRIETAS    ccf8b520-2ed9-5278-9f9c-dda0cc7921e6 (SchirmaStatus) libro_cursor_columna=0
[1609] PONERE_PROPRIETAS    ccf8b520-2ed9-5278-9f9c-dda0cc7921e6 (SchirmaStatus) libro_modo=0
[1610] PONERE_PROPRIETAS    6fa1c3ab-ffd0-5365-88ce-5f25c4a721f1 (LibrumProgressus) pagina_currens=2
[1611] PONERE_PROPRIETAS    6fa1c3ab-ffd0-5365-88ce-5f25c4a721f1 (LibrumProgressus) pagina_currens=1
[1612] PONERE_PROPRIETAS    6fa1c3ab-ffd0-5365-88ce-5f25c4a721f1 (LibrumProgressus) pagina_currens=0
[1613] PONERE_PROPRIETAS    6fa1c3ab-ffd0-5365-88ce-5f25c4a721f1 (LibrumProgressus) pagina_currens=1
[1614] PONERE_PROPRIETAS    6fa1c3ab-ffd0-5365-88ce-5f25c4a721f1 (LibrumProgressus) pagina_currens=2
[1615] PONERE_PROPRIETAS    6fa1c3ab-ffd0-5365-88ce-5f25c4a721f1 (LibrumProgressus) pagina_currens=1
[1616] CREARE_ENTITAS       792e30d3-c418-5233-b68e-6590d6b02503 (LibrariumStatus)
[1617] PONERE_PROPRIETAS    792e30d3-c418-5233-b68e-6590d6b02503 (LibrariumStatus) titulus=LibrariumStatus::2
[1618] ADDERE_RELATIO       792e30d3-c418-5233-b68e-6590d6b02503 (LibrariumStatus) --[est]--> 3c5d275c-c478-5fa9-8f77-05c55b07039d
[1619] PONERE_PROPRIETAS    792e30d3-c418-5233-b68e-6590d6b02503 (LibrariumStatus) modus=4
[1620] PONERE_PROPRIETAS    792e30d3-c418-5233-b68e-6590d6b02503 (LibrariumStatus) categoria=0
[1621] PONERE_PROPRIETAS    792e30d3-c418-5233-b68e-6590d6b02503 (LibrariumStatus) index_paginae=0
[1622] PONERE_PROPRIETAS    792e30d3-c418-5233-b68e-6590d6b02503 (LibrariumStatus) index_selecta=0
[1623] PONERE_PROPRIETAS    792e30d3-c418-5233-b68e-6590d6b02503 (LibrariumStatus) liber_currens=0
[1624] PONERE_PROPRIETAS    792e30d3-c418-5233-b68e-6590d6b02503 (LibrariumStatus) pagina_lectio=1
[1625] PONERE_PROPRIETAS    92f5b894-2d07-57be-abe8-d093b633c0d1 (SchirmataGlobal) index_currens=3
[1626] PONERE_PROPRIETAS    83840a70-7a0a-513b-bb07-4f18aeb7745a (SchirmaStatus) modus=librarium
[1627] PONERE_PROPRIETAS    792e30d3-c418-5233-b68e-6590d6b02503 (LibrariumStatus) index_paginae=1
[1628] PONERE_PROPRIETAS    792e30d3-c418-5233-b68e-6590d6b02503 (LibrariumStatus) liber_currens=1
[1629] PONERE_PROPRIETAS    792e30d3-c418-5233-b68e-6590d6b02503 (LibrariumStatus) pagina_lectio=4
[1630] PONERE_PROPRIETAS    6b0434b0-8572-58bd-89bd-f47d1f197fb6 (SchirmaStatus) modus=librarium
[1631] CREARE_ENTITAS       22cd0929-75b4-5372-be01-10f2a2f37d16 (LibrariumStatus)
[1632] PONERE_PROPRIETAS    22cd0929-75b4-5372-be01-10f2a2f37d16 (LibrariumStatus) titulus=LibrariumStatus::3
[1633] ADDERE_RELATIO       22cd0929-75b4-5372-be01-10f2a2f37d16 (LibrariumStatus) --[est]--> 3c5d275c-c478-5fa9-8f77-05c55b07039d
[1634] PONERE_PROPRIETAS    22cd0929-75b4-5372-be01-10f2a2f37d16 (LibrariumStatus) modus=4
[1635] PONERE_PROPRIETAS    22cd0929-75b4-5372-be01-10f2a2f37d16 (LibrariumStatus) categoria=0
[1636] PONERE_PROPRIETAS    22cd0929-75b4-5372-be01-10f2a2f37d16 (LibrariumStatus) index_paginae=1
[1637] PONERE_PROPRIETAS    22cd0929-75b4-5372-be01-10f2a2f37d16 (LibrariumStatus) index_selecta=0
[1638] PONERE_PROPRIETAS    22cd0929-75b4-5372-be01-10f2a2f37d16 (LibrariumStatus) liber_currens=1
[1639] PONERE_PROPRIETAS    22cd0929-75b4-5372-be01-10f2a2f37d16 (LibrariumStatus) pagina_lectio=4
[1640] PONERE_PROPRIETAS    22cd0929-75b4-5372-be01-10f2a2f37d16 (LibrariumStatus) pagina_lectio=0
[1641] PONERE_PROPRIETAS    792e30d3-c418-5233-b68e-6590d6b02503 (LibrariumStatus) pagina_lectio=0
[1642] PONERE_PROPRIETAS    22cd0929-75b4-5372-be01-10f2a2f37d16 (LibrariumStatus) pagina_lectio=4
[1643] PONERE_PROPRIETAS    792e30d3-c418-5233-b68e-6590d6b02503 (LibrariumStatus) pagina_lectio=4
[1644] PONERE_PROPRIETAS    792e30d3-c418-5233-b68e-6590d6b02503 (LibrariumStatus) modus=2
[1645] PONERE_PROPRIETAS    792e30d3-c418-5233-b68e-6590d6b02503 (LibrariumStatus) index_paginae=0
[1646] PONERE_PROPRIETAS    22cd0929-75b4-5372-be01-10f2a2f37d16 (LibrariumStatus) modus=0
[1647] PONERE_PROPRIETAS    22cd0929-75b4-5372-be01-10f2a2f37d16 (LibrariumStatus) liber_currens=-1
[1648] PONERE_PROPRIETAS    22cd0929-75b4-5372-be01-10f2a2f37d16 (LibrariumStatus) modus=2
[1649] PONERE_PROPRIETAS    22cd0929-75b4-5372-be01-10f2a2f37d16 (LibrariumStatus) index_paginae=0
[1650] PONERE_PROPRIETAS    92f5b894-2d07-57be-abe8-d093b633c0d1 (SchirmataGlobal) index_currens=2
[1651] PONERE_PROPRIETAS    22cd0929-75b4-5372-be01-10f2a2f37d16 (LibrariumStatus) liber_currens=1
[1652] PONERE_PROPRIETAS    792e30d3-c418-5233-b68e-6590d6b02503 (LibrariumStatus) pagina_lectio=0
[1653] PONERE_PROPRIETAS    22cd0929-75b4-5372-be01-10f2a2f37d16 (LibrariumStatus) pagina_lectio=0
[1654] PONERE_PROPRIETAS    792e30d3-c418-5233-b68e-6590d6b02503 (LibrariumStatus) ordo=0
[1655] PONERE_PROPRIETAS    22cd0929-75b4-5372-be01-10f2a2f37d16 (LibrariumStatus) ordo=0
[1656] PONERE_PROPRIETAS    792e30d3-c418-5233-b68e-6590d6b02503 (LibrariumStatus) filtrum_quaestio=(¦Ño
[1657] PONERE_PROPRIETAS    792e30d3-c418-5233-b68e-6590d6b02503 (LibrariumStatus) ordo=1
[1658] PONERE_PROPRIETAS    22cd0929-75b4-5372-be01-10f2a2f37d16 (LibrariumStatus) filtrum_quaestio=(¦Ño
[1659] PONERE_PROPRIETAS    22cd0929-75b4-5372-be01-10f2a2f37d16 (LibrariumStatus) ordo=1
[1660] PONERE_PROPRIETAS    92f5b894-2d07-57be-abe8-d093b633c0d1 (SchirmataGlobal) index_currens=3
[1661] PONERE_PROPRIETAS    792e30d3-c418-5233-b68e-6590d6b02503 (LibrariumStatus) modus=0
[1662] PONERE_PROPRIETAS    22cd0929-75b4-5372-be01-10f2a2f37d16 (LibrariumStatus) modus=0
[1663] PONERE_PROPRIETAS    22cd0929-75b4-5372-be01-10f2a2f37d16 (LibrariumStatus) modus=2
[1664] PONERE_PROPRIETAS    22cd0929-75b4-5372-be01-10f2a2f37d16 (LibrariumStatus) filtrum_quaestio=(¦Îk
[1665] PONERE_PROPRIETAS    792e30d3-c418-5233-b68e-6590d6b02503 (LibrariumStatus) modus=2
[1666] PONERE_PROPRIETAS    792e30d3-c418-5233-b68e-6590d6b02503 (LibrariumStatus) filtrum_quaestio=(¦Îk
[1667] PONERE_PROPRIETAS    92f5b894-2d07-57be-abe8-d093b633c0d1 (SchirmataGlobal) index_currens=2
[1668] PONERE_PROPRIETAS    792e30d3-c418-5233-b68e-6590d6b02503 (LibrariumStatus) filtrum_quaestio=The Dawn of All
[1669] PONERE_PROPRIETAS    22cd0929-75b4-5372-be01-10f2a2f37d16 (LibrariumStatus) filtrum_quaestio=A Selection from the Discourses
[1670] PONERE_PROPRIETAS    48f9116b-b2b1-585e-ad0e-4f04e9df292d (LibrumProgressus) pagina_currens=1
[1671] PONERE_PROPRIETAS    48f9116b-b2b1-585e-ad0e-4f04e9df292d (LibrumProgressus) pagina_currens=0
[1672] PONERE_PROPRIETAS    22cd0929-75b4-5372-be01-10f2a2f37d16 (LibrariumStatus) modus=4
[1673] PONERE_PROPRIETAS    22cd0929-75b4-5372-be01-10f2a2f37d16 (LibrariumStatus) liber_currens=0
[1674] PONERE_PROPRIETAS    792e30d3-c418-5233-b68e-6590d6b02503 (LibrariumStatus) index_paginae=7
[1675] PONERE_PROPRIETAS    792e30d3-c418-5233-b68e-6590d6b02503 (LibrariumStatus) liber_currens=-1
[1676] PONERE_PROPRIETAS    792e30d3-c418-5233-b68e-6590d6b02503 (LibrariumStatus) ordo=0
[1677] PONERE_PROPRIETAS    792e30d3-c418-5233-b68e-6590d6b02503 (LibrariumStatus) index_paginae=0
[1678] PONERE_PROPRIETAS    792e30d3-c418-5233-b68e-6590d6b02503 (LibrariumStatus) modus=4
[1679] PONERE_PROPRIETAS    792e30d3-c418-5233-b68e-6590d6b02503 (LibrariumStatus) liber_currens=0
[1680] PONERE_PROPRIETAS    792e30d3-c418-5233-b68e-6590d6b02503 (LibrariumStatus) pagina_lectio=1
[1681] PONERE_PROPRIETAS    f05108f6-592c-50a1-9ef5-f108725d749a (LibroPagina) contentum=  Ctrl+Shift+Right = next page
  Ctrl+Shift+Left  ...
[1682] PONERE_PROPRIETAS    792e30d3-c418-5233-b68e-6590d6b02503 (LibrariumStatus) pagina_lectio=0
[1683] PONERE_PROPRIETAS    cbf56b91-ae14-5a2f-b90c-3701b7df4aa6 (LibroPagina) contentum=


	 	 	









































...
[1684] CREARE_ENTITAS       1b7bc72b-2636-56a9-9ecf-8169d54fa1da (LibrariumStatus)
[1685] PONERE_PROPRIETAS    1b7bc72b-2636-56a9-9ecf-8169d54fa1da (LibrariumStatus) titulus=LibrariumStatus::9
[1686] ADDERE_RELATIO       1b7bc72b-2636-56a9-9ecf-8169d54fa1da (LibrariumStatus) --[est]--> 3c5d275c-c478-5fa9-8f77-05c55b07039d
[1687] PONERE_PROPRIETAS    1b7bc72b-2636-56a9-9ecf-8169d54fa1da (LibrariumStatus) modus=0
[1688] PONERE_PROPRIETAS    1b7bc72b-2636-56a9-9ecf-8169d54fa1da (LibrariumStatus) categoria=0
[1689] PONERE_PROPRIETAS    1b7bc72b-2636-56a9-9ecf-8169d54fa1da (LibrariumStatus) index_paginae=0
[1690] PONERE_PROPRIETAS    1b7bc72b-2636-56a9-9ecf-8169d54fa1da (LibrariumStatus) index_selecta=0
[1691] PONERE_PROPRIETAS    1b7bc72b-2636-56a9-9ecf-8169d54fa1da (LibrariumStatus) liber_currens=-1
[1692] PONERE_PROPRIETAS    1b7bc72b-2636-56a9-9ecf-8169d54fa1da (LibrariumStatus) pagina_lectio=0
[1693] PONERE_PROPRIETAS    1b7bc72b-2636-56a9-9ecf-8169d54fa1da (LibrariumStatus) ordo=0
[1694] CREARE_ENTITAS       5487895b-e26e-51c6-8f43-0b9062e2fb76 (LibrumProgressus)
[1695] PONERE_PROPRIETAS    5487895b-e26e-51c6-8f43-0b9062e2fb76 (LibrumProgressus) titulus=11339
[1696] ADDERE_RELATIO       5487895b-e26e-51c6-8f43-0b9062e2fb76 (LibrumProgressus) --[est]--> 2993e15a-ff74-52cb-9700-b385e87e79d3
[1697] PONERE_PROPRIETAS    5487895b-e26e-51c6-8f43-0b9062e2fb76 (LibrumProgressus) pagina_currens=0
[1698] CREARE_ENTITAS       f15227ac-479a-578c-bc7d-bfbf0f4cee48 (LibrumProgressus)
[1699] PONERE_PROPRIETAS    f15227ac-479a-578c-bc7d-bfbf0f4cee48 (LibrumProgressus) titulus=1173
[1700] ADDERE_RELATIO       f15227ac-479a-578c-bc7d-bfbf0f4cee48 (LibrumProgressus) --[est]--> 2993e15a-ff74-52cb-9700-b385e87e79d3
[1701] PONERE_PROPRIETAS    f15227ac-479a-578c-bc7d-bfbf0f4cee48 (LibrumProgressus) pagina_currens=1
[1702] PONERE_PROPRIETAS    6fa1c3ab-ffd0-5365-88ce-5f25c4a721f1 (LibrumProgressus) pagina_currens=0
[1703] PONERE_PROPRIETAS    5487895b-e26e-51c6-8f43-0b9062e2fb76 (LibrumProgressus) pagina_currens=1
[1704] PONERE_PROPRIETAS    5487895b-e26e-51c6-8f43-0b9062e2fb76 (LibrumProgressus) pagina_currens=0
[1705] CREARE_ENTITAS       e93f2c77-982e-5899-805f-47d1eb90e3ea (LibrumProgressus)
[1706] PONERE_PROPRIETAS    e93f2c77-982e-5899-805f-47d1eb90e3ea (LibrumProgressus) titulus=10096
[1707] ADDERE_RELATIO       e93f2c77-982e-5899-805f-47d1eb90e3ea (LibrumProgressus) --[est]--> 2993e15a-ff74-52cb-9700-b385e87e79d3
[1708] PONERE_PROPRIETAS    e93f2c77-982e-5899-805f-47d1eb90e3ea (LibrumProgressus) pagina_currens=1
[1709] PONERE_PROPRIETAS    e93f2c77-982e-5899-805f-47d1eb90e3ea (LibrumProgressus) pagina_currens=2
[1710] PONERE_PROPRIETAS    de1d45d0-e59b-55c7-94ba-266bbd525653 (LibrumProgressus) pagina_currens=1
[1711] PONERE_PROPRIETAS    de1d45d0-e59b-55c7-94ba-266bbd525653 (LibrumProgressus) pagina_currens=0
[1712] PONERE_PROPRIETAS    de1d45d0-e59b-55c7-94ba-266bbd525653 (LibrumProgressus) pagina_currens=1
[1713] PONERE_PROPRIETAS    de1d45d0-e59b-55c7-94ba-266bbd525653 (LibrumProgressus) pagina_currens=2
[1714] CREARE_ENTITAS       4d5f130b-a5f6-5f51-adbf-f47eaff6e82b (LibrumProgressus)
[1715] PONERE_PROPRIETAS    4d5f130b-a5f6-5f51-adbf-f47eaff6e82b (LibrumProgressus) titulus=1175
[1716] ADDERE_RELATIO       4d5f130b-a5f6-5f51-adbf-f47eaff6e82b (LibrumProgressus) --[est]--> 2993e15a-ff74-52cb-9700-b385e87e79d3
[1717] PONERE_PROPRIETAS    4d5f130b-a5f6-5f51-adbf-f47eaff6e82b (LibrumProgressus) pagina_currens=1
[1718] PONERE_PROPRIETAS    4d5f130b-a5f6-5f51-adbf-f47eaff6e82b (LibrumProgressus) pagina_currens=2
[1719] PONERE_PROPRIETAS    4d5f130b-a5f6-5f51-adbf-f47eaff6e82b (LibrumProgressus) pagina_currens=3
[1720] PONERE_PROPRIETAS    4d5f130b-a5f6-5f51-adbf-f47eaff6e82b (LibrumProgressus) pagina_currens=4
[1721] CREARE_ENTITAS       6aea51c9-a114-5b6b-8de7-4248a4f23a82 (LibrumProgressus)
[1722] PONERE_PROPRIETAS    6aea51c9-a114-5b6b-8de7-4248a4f23a82 (LibrumProgressus) titulus=1177
[1723] ADDERE_RELATIO       6aea51c9-a114-5b6b-8de7-4248a4f23a82 (LibrumProgressus) --[est]--> 2993e15a-ff74-52cb-9700-b385e87e79d3
[1724] PONERE_PROPRIETAS    6aea51c9-a114-5b6b-8de7-4248a4f23a82 (LibrumProgressus) pagina_currens=1
[1725] PONERE_PROPRIETAS    6aea51c9-a114-5b6b-8de7-4248a4f23a82 (LibrumProgressus) pagina_currens=2
[1726] PONERE_PROPRIETAS    6aea51c9-a114-5b6b-8de7-4248a4f23a82 (LibrumProgressus) pagina_currens=3
[1727] PONERE_PROPRIETAS    6aea51c9-a114-5b6b-8de7-4248a4f23a82 (LibrumProgressus) pagina_currens=4
[1728] PONERE_PROPRIETAS    f05108f6-592c-50a1-9ef5-f108725d749a (LibroPagina) contentum=  Ctrl+Shift+Right = next page
  Ctrl+Shift+Left  ...
[1729] PONERE_PROPRIETAS    83840a70-7a0a-513b-bb07-4f18aeb7745a (SchirmaStatus) modus=thema
[1730] PONERE_PROPRIETAS    22cd0929-75b4-5372-be01-10f2a2f37d16 (LibrariumStatus) filtrum_quaestio=The Dawn of All
[1731] PONERE_PROPRIETAS    22cd0929-75b4-5372-be01-10f2a2f37d16 (LibrariumStatus) ordo=0
[1732] PONERE_PROPRIETAS    83840a70-7a0a-513b-bb07-4f18aeb7745a (SchirmaStatus) modus=fons
[1733] PONERE_PROPRIETAS    83840a70-7a0a-513b-bb07-4f18aeb7745a (SchirmaStatus) modus=thema
[1734] CREARE_ENTITAS       72af91d4-d365-5a8e-b76d-2ce6eaed707a (ThemaVisusStatus)
[1735] PONERE_PROPRIETAS    72af91d4-d365-5a8e-b76d-2ce6eaed707a (ThemaVisusStatus) titulus=ThemaStatus::2
[1736] CREARE_ENTITAS       af48db84-6390-5e89-beed-69f6b6fd866c (Genus)
[1737] PONERE_PROPRIETAS    af48db84-6390-5e89-beed-69f6b6fd866c (Genus) name=ThemaVisusStatus
[1738] ADDERE_RELATIO       167e9336-d4ab-56fc-b024-bd7fbd18e91c (Genus) --[contains]--> af48db84-6390-5e89-beed-69f6b6fd866c
[1739] ADDERE_RELATIO       72af91d4-d365-5a8e-b76d-2ce6eaed707a (ThemaVisusStatus) --[est]--> af48db84-6390-5e89-beed-69f6b6fd866c
[1740] PONERE_PROPRIETAS    72af91d4-d365-5a8e-b76d-2ce6eaed707a (ThemaVisusStatus) pagina=1
[1741] PONERE_PROPRIETAS    72af91d4-d365-5a8e-b76d-2ce6eaed707a (ThemaVisusStatus) exemplar_fg=7
[1742] PONERE_PROPRIETAS    72af91d4-d365-5a8e-b76d-2ce6eaed707a (ThemaVisusStatus) exemplar_bg=13
[1743] PONERE_PROPRIETAS    72af91d4-d365-5a8e-b76d-2ce6eaed707a (ThemaVisusStatus) modus_fg=0
[1744] PONERE_PROPRIETAS    b86df97e-fe5f-5e8f-836d-33fcbb74d366 (LibroPagina) contentum=


	 	 	 #1

	 	 	 	 TODO
	 	 	 	
	 	 	 	
	 	 	 	 ...
[1745] PONERE_PROPRIETAS    1b7bc72b-2636-56a9-9ecf-8169d54fa1da (LibrariumStatus) modus=2
[1746] PONERE_PROPRIETAS    1b7bc72b-2636-56a9-9ecf-8169d54fa1da (LibrariumStatus) liber_currens=0
[1747] PONERE_PROPRIETAS    1b7bc72b-2636-56a9-9ecf-8169d54fa1da (LibrariumStatus) filtrum_quaestio=A Selection from the Discourses
[1748] PONERE_PROPRIETAS    1b7bc72b-2636-56a9-9ecf-8169d54fa1da (LibrariumStatus) ordo=1
[1749] PONERE_PROPRIETAS    1b7bc72b-2636-56a9-9ecf-8169d54fa1da (LibrariumStatus) index_paginae=1
[1750] PONERE_PROPRIETAS    1b7bc72b-2636-56a9-9ecf-8169d54fa1da (LibrariumStatus) ordo=0
[1751] PONERE_PROPRIETAS    b86df97e-fe5f-5e8f-836d-33fcbb74d366 (LibroPagina) contentum=


	 	 	 #1

	 	 	 	 TODO
	 	 	 	
	 	 	 	
	 	 	 	 ...
[1752] PONERE_PROPRIETAS    f05108f6-592c-50a1-9ef5-f108725d749a (LibroPagina) contentum=  Ctrl+Shift+Right = next page
  Ctrl+Shift+Left  ...
[1753] CREARE_ENTITAS       b9561bf5-a94b-51e4-8979-d5c898b351de (ThemaVisusStatus)
[1754] PONERE_PROPRIETAS    b9561bf5-a94b-51e4-8979-d5c898b351de (ThemaVisusStatus) titulus=ThemaStatus::9
[1755] ADDERE_RELATIO       b9561bf5-a94b-51e4-8979-d5c898b351de (ThemaVisusStatus) --[est]--> af48db84-6390-5e89-beed-69f6b6fd866c
[1756] PONERE_PROPRIETAS    b9561bf5-a94b-51e4-8979-d5c898b351de (ThemaVisusStatus) pagina=1
[1757] PONERE_PROPRIETAS    b9561bf5-a94b-51e4-8979-d5c898b351de (ThemaVisusStatus) exemplar_fg=7
[1758] PONERE_PROPRIETAS    b9561bf5-a94b-51e4-8979-d5c898b351de (ThemaVisusStatus) exemplar_bg=13
[1759] PONERE_PROPRIETAS    b9561bf5-a94b-51e4-8979-d5c898b351de (ThemaVisusStatus) modus_fg=0
[1760] CREARE_ENTITAS       5fe9439f-a9e6-531b-b12b-d9c4d6143d38 (ThemaVisusStatus)
[1761] PONERE_PROPRIETAS    5fe9439f-a9e6-531b-b12b-d9c4d6143d38 (ThemaVisusStatus) titulus=ThemaStatus::4
[1762] ADDERE_RELATIO       5fe9439f-a9e6-531b-b12b-d9c4d6143d38 (ThemaVisusStatus) --[est]--> af48db84-6390-5e89-beed-69f6b6fd866c
[1763] PONERE_PROPRIETAS    5fe9439f-a9e6-531b-b12b-d9c4d6143d38 (ThemaVisusStatus) pagina=0
[1764] PONERE_PROPRIETAS    5fe9439f-a9e6-531b-b12b-d9c4d6143d38 (ThemaVisusStatus) exemplar_fg=7
[1765] PONERE_PROPRIETAS    5fe9439f-a9e6-531b-b12b-d9c4d6143d38 (ThemaVisusStatus) exemplar_bg=13
[1766] PONERE_PROPRIETAS    5fe9439f-a9e6-531b-b12b-d9c4d6143d38 (ThemaVisusStatus) modus_fg=0
[1767] PONERE_PROPRIETAS    83840a70-7a0a-513b-bb07-4f18aeb7745a (SchirmaStatus) modus=calendario
[1768] PONERE_PROPRIETAS    5fe9439f-a9e6-531b-b12b-d9c4d6143d38 (ThemaVisusStatus) exemplar_fg=5
[1769] PONERE_PROPRIETAS    5fe9439f-a9e6-531b-b12b-d9c4d6143d38 (ThemaVisusStatus) exemplar_bg=0
[1770] PONERE_PROPRIETAS    5fe9439f-a9e6-531b-b12b-d9c4d6143d38 (ThemaVisusStatus) modus_fg=1
[1771] PONERE_PROPRIETAS    5fe9439f-a9e6-531b-b12b-d9c4d6143d38 (ThemaVisusStatus) pagina=1
[1772] PONERE_PROPRIETAS    5fe9439f-a9e6-531b-b12b-d9c4d6143d38 (ThemaVisusStatus) exemplar_fg=13
[1773] PONERE_PROPRIETAS    5fe9439f-a9e6-531b-b12b-d9c4d6143d38 (ThemaVisusStatus) exemplar_bg=7
[1774] PONERE_PROPRIETAS    5fe9439f-a9e6-531b-b12b-d9c4d6143d38 (ThemaVisusStatus) pagina=0
[1775] PONERE_PROPRIETAS    5fe9439f-a9e6-531b-b12b-d9c4d6143d38 (ThemaVisusStatus) exemplar_fg=5
[1776] PONERE_PROPRIETAS    5fe9439f-a9e6-531b-b12b-d9c4d6143d38 (ThemaVisusStatus) exemplar_bg=0
[1777] PONERE_PROPRIETAS    5fe9439f-a9e6-531b-b12b-d9c4d6143d38 (ThemaVisusStatus) pagina=1
[1778] PONERE_PROPRIETAS    5fe9439f-a9e6-531b-b12b-d9c4d6143d38 (ThemaVisusStatus) exemplar_fg=11
[1779] PONERE_PROPRIETAS    5fe9439f-a9e6-531b-b12b-d9c4d6143d38 (ThemaVisusStatus) exemplar_bg=10
[1780] PONERE_PROPRIETAS    5fe9439f-a9e6-531b-b12b-d9c4d6143d38 (ThemaVisusStatus) modus_fg=0
[1781] PONERE_PROPRIETAS    5fe9439f-a9e6-531b-b12b-d9c4d6143d38 (ThemaVisusStatus) pagina=0
[1782] PONERE_PROPRIETAS    5fe9439f-a9e6-531b-b12b-d9c4d6143d38 (ThemaVisusStatus) exemplar_fg=5
[1783] PONERE_PROPRIETAS    5fe9439f-a9e6-531b-b12b-d9c4d6143d38 (ThemaVisusStatus) exemplar_bg=0
[1784] PONERE_PROPRIETAS    5fe9439f-a9e6-531b-b12b-d9c4d6143d38 (ThemaVisusStatus) modus_fg=1
[1785] PONERE_PROPRIETAS    5fe9439f-a9e6-531b-b12b-d9c4d6143d38 (ThemaVisusStatus) pagina=1
[1786] PONERE_PROPRIETAS    5fe9439f-a9e6-531b-b12b-d9c4d6143d38 (ThemaVisusStatus) exemplar_fg=10
[1787] PONERE_PROPRIETAS    5fe9439f-a9e6-531b-b12b-d9c4d6143d38 (ThemaVisusStatus) exemplar_bg=8
[1788] PONERE_PROPRIETAS    5fe9439f-a9e6-531b-b12b-d9c4d6143d38 (ThemaVisusStatus) modus_fg=0
[1789] PONERE_PROPRIETAS    b86df97e-fe5f-5e8f-836d-33fcbb74d366 (LibroPagina) contentum=


	 	 	 #1

	 	 	 	 TODO
	 	 	 	
	 	 	 	
	 	 	 	 ...
[1790] PONERE_PROPRIETAS    b86df97e-fe5f-5e8f-836d-33fcbb74d366 (LibroPagina) contentum=


	 	 	 #1

	 	 	 	 TODO
	 	 	 	
	 	 	 	
	 	 	 	 ...
[1791] PONERE_PROPRIETAS    83840a70-7a0a-513b-bb07-4f18aeb7745a (SchirmaStatus) libro_index_paginae=4
[1792] PONERE_PROPRIETAS    cbf56b91-ae14-5a2f-b90c-3701b7df4aa6 (LibroPagina) contentum=

	 	 Well, certainly having a lot of cool ideas h...
[1793] PONERE_PROPRIETAS    cbf56b91-ae14-5a2f-b90c-3701b7df4aa6 (LibroPagina) contentum=

	 	 Well, certainly having a lot of cool ideas h...
[1794] PONERE_PROPRIETAS    019b3e84-8992-7aa1-be98-0e261556aa50 (Carta) z_index=60
[1795] PONERE_PROPRIETAS    cbf56b91-ae14-5a2f-b90c-3701b7df4aa6 (LibroPagina) contentum=

	 	 Well, certainly having a lot of cool ideas h...
[1796] PONERE_PROPRIETAS    019b3e73-03de-7531-9072-9cab21fce934 (Carta) z_index=54
[1797] DELERE_ENTITAS       019b3e73-03de-7531-9072-9cab21fce934 (Carta)
[1798] CREARE_ENTITAS       019b5385-bd45-7122-8656-2338ff728b70 (Carta)
[1799] ADDERE_RELATIO       019b5385-bd45-7122-8656-2338ff728b70 (Carta) --[est]--> 7d1298f2-e383-5d7b-92da-01297c423dda
[1800] ADDERE_RELATIO       900896a7-9909-5493-96bc-9a7fa4e5324c (Schirma) --[continet]--> 019b5385-bd45-7122-8656-2338ff728b70
[1801] PONERE_PROPRIETAS    019b5385-bd45-7122-8656-2338ff728b70 (Carta) textus=Nova carta
[1802] PONERE_PROPRIETAS    019b5385-bd45-7122-8656-2338ff728b70 (Carta) x=25
[1803] PONERE_PROPRIETAS    019b5385-bd45-7122-8656-2338ff728b70 (Carta) y=52
[1804] PONERE_PROPRIETAS    019b5385-bd45-7122-8656-2338ff728b70 (Carta) z_index=3
[1805] PONERE_PROPRIETAS    019b5385-bd45-7122-8656-2338ff728b70 (Carta) textus=Mobile canvas based app
[1806] CREARE_ENTITAS       019b5385-e39d-7340-b7df-b52a0776f601 (Carta)
[1807] ADDERE_RELATIO       019b5385-e39d-7340-b7df-b52a0776f601 (Carta) --[est]--> 7d1298f2-e383-5d7b-92da-01297c423dda
[1808] ADDERE_RELATIO       900896a7-9909-5493-96bc-9a7fa4e5324c (Schirma) --[continet]--> 019b5385-e39d-7340-b7df-b52a0776f601
[1809] PONERE_PROPRIETAS    019b5385-e39d-7340-b7df-b52a0776f601 (Carta) textus=Nova carta
[1810] PONERE_PROPRIETAS    019b5385-e39d-7340-b7df-b52a0776f601 (Carta) x=117
[1811] PONERE_PROPRIETAS    019b5385-e39d-7340-b7df-b52a0776f601 (Carta) y=139
[1812] PONERE_PROPRIETAS    019b5385-e39d-7340-b7df-b52a0776f601 (Carta) z_index=5
[1813] PONERE_PROPRIETAS    019b5385-e39d-7340-b7df-b52a0776f601 (Carta) textus=Double buffered state
[1814] PONERE_PROPRIETAS    019b5385-e39d-7340-b7df-b52a0776f601 (Carta) x=250
[1815] PONERE_PROPRIETAS    019b5385-e39d-7340-b7df-b52a0776f601 (Carta) y=120
[1816] PONERE_PROPRIETAS    019b5385-e39d-7340-b7df-b52a0776f601 (Carta) z_index=7
[1817] CREARE_ENTITAS       019b5386-23ab-7ca8-a20a-e6671f69182d (Carta)
[1818] ADDERE_RELATIO       019b5386-23ab-7ca8-a20a-e6671f69182d (Carta) --[est]--> 7d1298f2-e383-5d7b-92da-01297c423dda
[1819] ADDERE_RELATIO       900896a7-9909-5493-96bc-9a7fa4e5324c (Schirma) --[continet]--> 019b5386-23ab-7ca8-a20a-e6671f69182d
[1820] PONERE_PROPRIETAS    019b5386-23ab-7ca8-a20a-e6671f69182d (Carta) textus=Nova carta
[1821] PONERE_PROPRIETAS    019b5386-23ab-7ca8-a20a-e6671f69182d (Carta) x=31
[1822] PONERE_PROPRIETAS    019b5386-23ab-7ca8-a20a-e6671f69182d (Carta) y=80
[1823] PONERE_PROPRIETAS    019b5386-23ab-7ca8-a20a-e6671f69182d (Carta) z_index=10
[1824] PONERE_PROPRIETAS    019b5386-23ab-7ca8-a20a-e6671f69182d (Carta) textus=Offline mode for mobile app
[1825] CREARE_ENTITAS       c1fa2097-2b45-5f22-8539-e585386d4203 (ArcCaeliStatus)
[1826] PONERE_PROPRIETAS    c1fa2097-2b45-5f22-8539-e585386d4203 (ArcCaeliStatus) titulus=ArcCaeliStatus::3
[1827] ADDERE_RELATIO       c1fa2097-2b45-5f22-8539-e585386d4203 (ArcCaeliStatus) --[est]--> ce2ad380-55ea-58ea-b414-0003af4f3da5
[1828] PONERE_PROPRIETAS    c1fa2097-2b45-5f22-8539-e585386d4203 (ArcCaeliStatus) slug=cool-ideas
[1829] PONERE_PROPRIETAS    b86df97e-fe5f-5e8f-836d-33fcbb74d366 (LibroPagina) contentum=


	 	 	 #1

	 	 	 	 TODO
	 	 	 	
	 	 	 	
	 	 	 	 ...
[1830] PONERE_PROPRIETAS    cbf56b91-ae14-5a2f-b90c-3701b7df4aa6 (LibroPagina) contentum=

	 	 Well, certainly having a lot of cool ideas h...
[1831] PONERE_PROPRIETAS    cbf56b91-ae14-5a2f-b90c-3701b7df4aa6 (LibroPagina) contentum=

	 	 Well, certainly having a lot of cool ideas h...
[1832] PONERE_PROPRIETAS    cbf56b91-ae14-5a2f-b90c-3701b7df4aa6 (LibroPagina) contentum=

	 	 Well, certainly having a lot of cool ideas h...
[1833] PONERE_PROPRIETAS    cbf56b91-ae14-5a2f-b90c-3701b7df4aa6 (LibroPagina) contentum=

	 	 Well, certainly having a lot of cool ideas h...
[1834] PONERE_PROPRIETAS    cbf56b91-ae14-5a2f-b90c-3701b7df4aa6 (LibroPagina) contentum=

	 	 Well, certainly having a lot of cool ideas h...
[1835] PONERE_PROPRIETAS    cbf56b91-ae14-5a2f-b90c-3701b7df4aa6 (LibroPagina) contentum=

	 	 Well, certainly having a lot of cool ideas h...
[1836] PONERE_PROPRIETAS    cbf56b91-ae14-5a2f-b90c-3701b7df4aa6 (LibroPagina) contentum=

	 	 Well, certainly having a lot of cool ideas h...
[1837] PONERE_PROPRIETAS    cbf56b91-ae14-5a2f-b90c-3701b7df4aa6 (LibroPagina) contentum=

	 	 Well, certainly having a lot of cool ideas h...
[1838] PONERE_PROPRIETAS    cbf56b91-ae14-5a2f-b90c-3701b7df4aa6 (LibroPagina) contentum=

	 	 Well, certainly having a lot of cool ideas h...
[1839] PONERE_PROPRIETAS    cbf56b91-ae14-5a2f-b90c-3701b7df4aa6 (LibroPagina) contentum=

	 	 Well, certainly having a lot of cool ideas h...
[1840] CREARE_ENTITAS       019b538d-2c88-79cf-8edb-ad9e99f279fe (Carta)
[1841] ADDERE_RELATIO       019b538d-2c88-79cf-8edb-ad9e99f279fe (Carta) --[est]--> 7d1298f2-e383-5d7b-92da-01297c423dda
[1842] ADDERE_RELATIO       900896a7-9909-5493-96bc-9a7fa4e5324c (Schirma) --[continet]--> 019b538d-2c88-79cf-8edb-ad9e99f279fe
[1843] PONERE_PROPRIETAS    019b538d-2c88-79cf-8edb-ad9e99f279fe (Carta) textus=Nova carta
[1844] PONERE_PROPRIETAS    019b538d-2c88-79cf-8edb-ad9e99f279fe (Carta) x=59
[1845] PONERE_PROPRIETAS    019b538d-2c88-79cf-8edb-ad9e99f279fe (Carta) y=211
[1846] PONERE_PROPRIETAS    019b538d-2c88-79cf-8edb-ad9e99f279fe (Carta) z_index=12
[1847] PONERE_PROPRIETAS    019b538d-2c88-79cf-8edb-ad9e99f279fe (Carta) textus=Timeline widget
[1848] PONERE_PROPRIETAS    019b538d-2c88-79cf-8edb-ad9e99f279fe (Carta) x=29
[1849] PONERE_PROPRIETAS    019b538d-2c88-79cf-8edb-ad9e99f279fe (Carta) y=168
[1850] PONERE_PROPRIETAS    019b538d-2c88-79cf-8edb-ad9e99f279fe (Carta) z_index=13
[1851] CREARE_ENTITAS       019b538d-4ebc-7b89-8736-8589d2bbcb9b (Carta)
[1852] ADDERE_RELATIO       019b538d-4ebc-7b89-8736-8589d2bbcb9b (Carta) --[est]--> 7d1298f2-e383-5d7b-92da-01297c423dda
[1853] ADDERE_RELATIO       900896a7-9909-5493-96bc-9a7fa4e5324c (Schirma) --[continet]--> 019b538d-4ebc-7b89-8736-8589d2bbcb9b
[1854] PONERE_PROPRIETAS    019b538d-4ebc-7b89-8736-8589d2bbcb9b (Carta) textus=Nova carta
[1855] PONERE_PROPRIETAS    019b538d-4ebc-7b89-8736-8589d2bbcb9b (Carta) x=49
[1856] PONERE_PROPRIETAS    019b538d-4ebc-7b89-8736-8589d2bbcb9b (Carta) y=201
[1857] PONERE_PROPRIETAS    019b538d-4ebc-7b89-8736-8589d2bbcb9b (Carta) z_index=17
[1858] PONERE_PROPRIETAS    019b538d-4ebc-7b89-8736-8589d2bbcb9b (Carta) textus=Events
[1859] CREARE_ENTITAS       019b538d-6664-7255-a4de-90d062038ea2 (Carta)
[1860] ADDERE_RELATIO       019b538d-6664-7255-a4de-90d062038ea2 (Carta) --[est]--> 7d1298f2-e383-5d7b-92da-01297c423dda
[1861] ADDERE_RELATIO       900896a7-9909-5493-96bc-9a7fa4e5324c (Schirma) --[continet]--> 019b538d-6664-7255-a4de-90d062038ea2
[1862] PONERE_PROPRIETAS    019b538d-6664-7255-a4de-90d062038ea2 (Carta) textus=Nova carta
[1863] PONERE_PROPRIETAS    019b538d-6664-7255-a4de-90d062038ea2 (Carta) x=105
[1864] PONERE_PROPRIETAS    019b538d-6664-7255-a4de-90d062038ea2 (Carta) y=200
[1865] PONERE_PROPRIETAS    019b538d-6664-7255-a4de-90d062038ea2 (Carta) z_index=20
[1866] PONERE_PROPRIETAS    019b538d-4ebc-7b89-8736-8589d2bbcb9b (Carta) z_index=21
[1867] PONERE_PROPRIETAS    019b538d-6664-7255-a4de-90d062038ea2 (Carta) textus=People
[1868] CREARE_ENTITAS       019b538d-7efc-77d4-9853-39e798606077 (Carta)
[1869] ADDERE_RELATIO       019b538d-7efc-77d4-9853-39e798606077 (Carta) --[est]--> 7d1298f2-e383-5d7b-92da-01297c423dda
[1870] ADDERE_RELATIO       900896a7-9909-5493-96bc-9a7fa4e5324c (Schirma) --[continet]--> 019b538d-7efc-77d4-9853-39e798606077
[1871] PONERE_PROPRIETAS    019b538d-7efc-77d4-9853-39e798606077 (Carta) textus=Nova carta
[1872] PONERE_PROPRIETAS    019b538d-7efc-77d4-9853-39e798606077 (Carta) x=73
[1873] PONERE_PROPRIETAS    019b538d-7efc-77d4-9853-39e798606077 (Carta) y=263
[1874] PONERE_PROPRIETAS    019b538d-7efc-77d4-9853-39e798606077 (Carta) z_index=23
[1875] PONERE_PROPRIETAS    019b538d-7efc-77d4-9853-39e798606077 (Carta) textus=Pictures
[1876] PONERE_PROPRIETAS    019b538d-7efc-77d4-9853-39e798606077 (Carta) x=58
[1877] PONERE_PROPRIETAS    019b538d-7efc-77d4-9853-39e798606077 (Carta) y=234
[1878] PONERE_PROPRIETAS    019b538d-7efc-77d4-9853-39e798606077 (Carta) z_index=24
[1879] CREARE_ENTITAS       019b538d-9f19-714f-8bdb-14b2ce30f459 (Carta)
[1880] ADDERE_RELATIO       019b538d-9f19-714f-8bdb-14b2ce30f459 (Carta) --[est]--> 7d1298f2-e383-5d7b-92da-01297c423dda
[1881] ADDERE_RELATIO       900896a7-9909-5493-96bc-9a7fa4e5324c (Schirma) --[continet]--> 019b538d-9f19-714f-8bdb-14b2ce30f459
[1882] PONERE_PROPRIETAS    019b538d-9f19-714f-8bdb-14b2ce30f459 (Carta) textus=Nova carta
[1883] PONERE_PROPRIETAS    019b538d-9f19-714f-8bdb-14b2ce30f459 (Carta) x=156
[1884] PONERE_PROPRIETAS    019b538d-9f19-714f-8bdb-14b2ce30f459 (Carta) y=298
[1885] PONERE_PROPRIETAS    019b538d-9f19-714f-8bdb-14b2ce30f459 (Carta) z_index=26
[1886] PONERE_PROPRIETAS    019b538d-9f19-714f-8bdb-14b2ce30f459 (Carta) textus=Maps
[1887] PONERE_PROPRIETAS    019b538d-9f19-714f-8bdb-14b2ce30f459 (Carta) x=130
[1888] PONERE_PROPRIETAS    019b538d-9f19-714f-8bdb-14b2ce30f459 (Carta) y=231
[1889] PONERE_PROPRIETAS    019b538d-9f19-714f-8bdb-14b2ce30f459 (Carta) z_index=27
[1890] CREARE_ENTITAS       019b538d-dc2b-7d89-b21d-0188e97c692b (Carta)
[1891] ADDERE_RELATIO       019b538d-dc2b-7d89-b21d-0188e97c692b (Carta) --[est]--> 7d1298f2-e383-5d7b-92da-01297c423dda
[1892] ADDERE_RELATIO       900896a7-9909-5493-96bc-9a7fa4e5324c (Schirma) --[continet]--> 019b538d-dc2b-7d89-b21d-0188e97c692b
[1893] PONERE_PROPRIETAS    019b538d-dc2b-7d89-b21d-0188e97c692b (Carta) textus=Nova carta
[1894] PONERE_PROPRIETAS    019b538d-dc2b-7d89-b21d-0188e97c692b (Carta) x=142
[1895] PONERE_PROPRIETAS    019b538d-dc2b-7d89-b21d-0188e97c692b (Carta) y=351
[1896] PONERE_PROPRIETAS    019b538d-dc2b-7d89-b21d-0188e97c692b (Carta) z_index=29
[1897] PONERE_PROPRIETAS    019b538d-dc2b-7d89-b21d-0188e97c692b (Carta) textus=Places
[1898] PONERE_PROPRIETAS    019b538d-dc2b-7d89-b21d-0188e97c692b (Carta) x=135
[1899] PONERE_PROPRIETAS    019b538d-dc2b-7d89-b21d-0188e97c692b (Carta) y=261
[1900] PONERE_PROPRIETAS    019b538d-dc2b-7d89-b21d-0188e97c692b (Carta) z_index=31
[1901] CREARE_ENTITAS       019b538d-fc7c-7a80-b1ec-dbc6e01d1257 (Carta)
[1902] ADDERE_RELATIO       019b538d-fc7c-7a80-b1ec-dbc6e01d1257 (Carta) --[est]--> 7d1298f2-e383-5d7b-92da-01297c423dda
[1903] ADDERE_RELATIO       900896a7-9909-5493-96bc-9a7fa4e5324c (Schirma) --[continet]--> 019b538d-fc7c-7a80-b1ec-dbc6e01d1257
[1904] PONERE_PROPRIETAS    019b538d-fc7c-7a80-b1ec-dbc6e01d1257 (Carta) textus=Nova carta
[1905] PONERE_PROPRIETAS    019b538d-fc7c-7a80-b1ec-dbc6e01d1257 (Carta) x=152
[1906] PONERE_PROPRIETAS    019b538d-fc7c-7a80-b1ec-dbc6e01d1257 (Carta) y=347
[1907] PONERE_PROPRIETAS    019b538d-fc7c-7a80-b1ec-dbc6e01d1257 (Carta) z_index=33
[1908] PONERE_PROPRIETAS    019b538d-fc7c-7a80-b1ec-dbc6e01d1257 (Carta) textus=Drawing app
[1909] PONERE_PROPRIETAS    019b538d-fc7c-7a80-b1ec-dbc6e01d1257 (Carta) x=271
[1910] PONERE_PROPRIETAS    019b538d-fc7c-7a80-b1ec-dbc6e01d1257 (Carta) y=264
[1911] PONERE_PROPRIETAS    019b538d-fc7c-7a80-b1ec-dbc6e01d1257 (Carta) z_index=34
[1912] CREARE_ENTITAS       019b538e-328a-7179-aaed-cd0188c74bc6 (Carta)
[1913] ADDERE_RELATIO       019b538e-328a-7179-aaed-cd0188c74bc6 (Carta) --[est]--> 7d1298f2-e383-5d7b-92da-01297c423dda
[1914] ADDERE_RELATIO       900896a7-9909-5493-96bc-9a7fa4e5324c (Schirma) --[continet]--> 019b538e-328a-7179-aaed-cd0188c74bc6
[1915] PONERE_PROPRIETAS    019b538e-328a-7179-aaed-cd0188c74bc6 (Carta) textus=Nova carta
[1916] PONERE_PROPRIETAS    019b538e-328a-7179-aaed-cd0188c74bc6 (Carta) x=250
[1917] PONERE_PROPRIETAS    019b538e-328a-7179-aaed-cd0188c74bc6 (Carta) y=312
[1918] PONERE_PROPRIETAS    019b538e-328a-7179-aaed-cd0188c74bc6 (Carta) z_index=36
[1919] PONERE_PROPRIETAS    019b538e-328a-7179-aaed-cd0188c74bc6 (Carta) textus=just extra mode
in pagina?
[1920] PONERE_PROPRIETAS    019b538e-328a-7179-aaed-cd0188c74bc6 (Carta) x=287
[1921] PONERE_PROPRIETAS    019b538e-328a-7179-aaed-cd0188c74bc6 (Carta) y=294
[1922] PONERE_PROPRIETAS    019b538e-328a-7179-aaed-cd0188c74bc6 (Carta) z_index=37
[1923] CREARE_ENTITAS       019b538f-0b19-7f0a-ae14-b4fc4608929a (Carta)
[1924] ADDERE_RELATIO       019b538f-0b19-7f0a-ae14-b4fc4608929a (Carta) --[est]--> 7d1298f2-e383-5d7b-92da-01297c423dda
[1925] ADDERE_RELATIO       900896a7-9909-5493-96bc-9a7fa4e5324c (Schirma) --[continet]--> 019b538f-0b19-7f0a-ae14-b4fc4608929a
[1926] PONERE_PROPRIETAS    019b538f-0b19-7f0a-ae14-b4fc4608929a (Carta) textus=Nova carta
[1927] PONERE_PROPRIETAS    019b538f-0b19-7f0a-ae14-b4fc4608929a (Carta) x=62
[1928] PONERE_PROPRIETAS    019b538f-0b19-7f0a-ae14-b4fc4608929a (Carta) y=368
[1929] PONERE_PROPRIETAS    019b538f-0b19-7f0a-ae14-b4fc4608929a (Carta) z_index=39
[1930] PONERE_PROPRIETAS    019b538f-0b19-7f0a-ae14-b4fc4608929a (Carta) textus=Claude conversations in app somehow?
[1931] PONERE_PROPRIETAS    019b538f-0b19-7f0a-ae14-b4fc4608929a (Carta) x=35
[1932] PONERE_PROPRIETAS    019b538f-0b19-7f0a-ae14-b4fc4608929a (Carta) y=336
[1933] PONERE_PROPRIETAS    019b538f-0b19-7f0a-ae14-b4fc4608929a (Carta) z_index=40
[1934] CREARE_ENTITAS       019b538f-5f56-7432-b611-ecd448a3e250 (Carta)
[1935] ADDERE_RELATIO       019b538f-5f56-7432-b611-ecd448a3e250 (Carta) --[est]--> 7d1298f2-e383-5d7b-92da-01297c423dda
[1936] ADDERE_RELATIO       fd393f4b-4b5d-5a75-b6e6-e2bc73af8184 (Schirma) --[continet]--> 019b538f-5f56-7432-b611-ecd448a3e250
[1937] PONERE_PROPRIETAS    019b538f-5f56-7432-b611-ecd448a3e250 (Carta) textus=Nova carta
[1938] PONERE_PROPRIETAS    019b538f-5f56-7432-b611-ecd448a3e250 (Carta) x=128
[1939] PONERE_PROPRIETAS    019b538f-5f56-7432-b611-ecd448a3e250 (Carta) y=158
[1940] PONERE_PROPRIETAS    019b538f-5f56-7432-b611-ecd448a3e250 (Carta) z_index=62
[1941] PONERE_PROPRIETAS    019b538f-5f56-7432-b611-ecd448a3e250 (Carta) textus=> questions
[1942] PONERE_PROPRIETAS    019b538f-5f56-7432-b611-ecd448a3e250 (Carta) z_index=68
[1943] CREARE_ENTITAS       1d5571b9-b048-59c7-a93d-d748162b891f (Schirma)
[1944] PONERE_PROPRIETAS    1d5571b9-b048-59c7-a93d-d748162b891f (Schirma) titulus=questions
[1945] ADDERE_RELATIO       1d5571b9-b048-59c7-a93d-d748162b891f (Schirma) --[est]--> e36b364e-3a07-5f03-96ae-6168f1051cb3
[1946] PONERE_PROPRIETAS    1d5571b9-b048-59c7-a93d-d748162b891f (Schirma) slug=questions
[1947] ADDERE_RELATIO       019b538f-5f56-7432-b611-ecd448a3e250 (Carta) --[portal_ad]--> 1d5571b9-b048-59c7-a93d-d748162b891f
[1948] PONERE_PROPRIETAS    019b538f-5f56-7432-b611-ecd448a3e250 (Carta) z_index=70
[1949] CREARE_ENTITAS       019b538f-ea49-7b68-a963-7b147660081a (Carta)
[1950] ADDERE_RELATIO       019b538f-ea49-7b68-a963-7b147660081a (Carta) --[est]--> 7d1298f2-e383-5d7b-92da-01297c423dda
[1951] ADDERE_RELATIO       1d5571b9-b048-59c7-a93d-d748162b891f (Schirma) --[continet]--> 019b538f-ea49-7b68-a963-7b147660081a
[1952] PONERE_PROPRIETAS    019b538f-ea49-7b68-a963-7b147660081a (Carta) textus=Nova carta
[1953] PONERE_PROPRIETAS    019b538f-ea49-7b68-a963-7b147660081a (Carta) x=69
[1954] PONERE_PROPRIETAS    019b538f-ea49-7b68-a963-7b147660081a (Carta) y=92
[1955] PONERE_PROPRIETAS    019b538f-ea49-7b68-a963-7b147660081a (Carta) z_index=3
[1956] PONERE_PROPRIETAS    019b538f-ea49-7b68-a963-7b147660081a (Carta) textus=Can progressive web apps
do push notifications 
so...
[1957] PONERE_PROPRIETAS    019b538f-ea49-7b68-a963-7b147660081a (Carta) x=23
[1958] PONERE_PROPRIETAS    019b538f-ea49-7b68-a963-7b147660081a (Carta) y=42
[1959] PONERE_PROPRIETAS    019b538f-ea49-7b68-a963-7b147660081a (Carta) z_index=4
[1960] PONERE_PROPRIETAS    019b3e84-8992-7aa1-be98-0e261556aa50 (Carta) z_index=71
[1961] PONERE_PROPRIETAS    019b538f-5f56-7432-b611-ecd448a3e250 (Carta) z_index=72
[1962] PONERE_PROPRIETAS    019b3e84-8992-7aa1-be98-0e261556aa50 (Carta) z_index=73
[1963] PONERE_PROPRIETAS    cbf56b91-ae14-5a2f-b90c-3701b7df4aa6 (LibroPagina) contentum=

	 	 Well, certainly having a lot of cool ideas h...
[1964] CREARE_ENTITAS       019b5390-a64d-723c-a325-f2ae909bd8d2 (Carta)
[1965] ADDERE_RELATIO       019b5390-a64d-723c-a325-f2ae909bd8d2 (Carta) --[est]--> 7d1298f2-e383-5d7b-92da-01297c423dda
[1966] ADDERE_RELATIO       900896a7-9909-5493-96bc-9a7fa4e5324c (Schirma) --[continet]--> 019b5390-a64d-723c-a325-f2ae909bd8d2
[1967] PONERE_PROPRIETAS    019b5390-a64d-723c-a325-f2ae909bd8d2 (Carta) textus=Nova carta
[1968] PONERE_PROPRIETAS    019b5390-a64d-723c-a325-f2ae909bd8d2 (Carta) x=244
[1969] PONERE_PROPRIETAS    019b5390-a64d-723c-a325-f2ae909bd8d2 (Carta) y=205
[1970] PONERE_PROPRIETAS    019b5390-a64d-723c-a325-f2ae909bd8d2 (Carta) z_index=43
[1971] PONERE_PROPRIETAS    019b5390-a64d-723c-a325-f2ae909bd8d2 (Carta) textus=Spreadsheets
[1972] PONERE_PROPRIETAS    019b5390-a64d-723c-a325-f2ae909bd8d2 (Carta) x=238
[1973] PONERE_PROPRIETAS    019b5390-a64d-723c-a325-f2ae909bd8d2 (Carta) y=188
[1974] PONERE_PROPRIETAS    019b5390-a64d-723c-a325-f2ae909bd8d2 (Carta) z_index=44
[1975] CREARE_ENTITAS       019b5390-c770-7b98-becb-9019b798632f (Carta)
[1976] ADDERE_RELATIO       019b5390-c770-7b98-becb-9019b798632f (Carta) --[est]--> 7d1298f2-e383-5d7b-92da-01297c423dda
[1977] ADDERE_RELATIO       900896a7-9909-5493-96bc-9a7fa4e5324c (Schirma) --[continet]--> 019b5390-c770-7b98-becb-9019b798632f
[1978] PONERE_PROPRIETAS    019b5390-c770-7b98-becb-9019b798632f (Carta) textus=Nova carta
[1979] PONERE_PROPRIETAS    019b5390-c770-7b98-becb-9019b798632f (Carta) x=251
[1980] PONERE_PROPRIETAS    019b5390-c770-7b98-becb-9019b798632f (Carta) y=215
[1981] PONERE_PROPRIETAS    019b5390-c770-7b98-becb-9019b798632f (Carta) z_index=47
[1982] PONERE_PROPRIETAS    019b5390-c770-7b98-becb-9019b798632f (Carta) textus=Accounting/budgeting
[1983] CREARE_ENTITAS       019b5392-7791-7d47-9570-0a3b29d36651 (Carta)
[1984] ADDERE_RELATIO       019b5392-7791-7d47-9570-0a3b29d36651 (Carta) --[est]--> 7d1298f2-e383-5d7b-92da-01297c423dda
[1985] ADDERE_RELATIO       900896a7-9909-5493-96bc-9a7fa4e5324c (Schirma) --[continet]--> 019b5392-7791-7d47-9570-0a3b29d36651
[1986] PONERE_PROPRIETAS    019b5392-7791-7d47-9570-0a3b29d36651 (Carta) textus=Nova carta
[1987] PONERE_PROPRIETAS    019b5392-7791-7d47-9570-0a3b29d36651 (Carta) x=130
[1988] PONERE_PROPRIETAS    019b5392-7791-7d47-9570-0a3b29d36651 (Carta) y=408
[1989] PONERE_PROPRIETAS    019b5392-7791-7d47-9570-0a3b29d36651 (Carta) z_index=49
[1990] PONERE_PROPRIETAS    019b5392-7791-7d47-9570-0a3b29d36651 (Carta) textus=Internet that 
updates on schedule
[1991] PONERE_PROPRIETAS    019b5392-7791-7d47-9570-0a3b29d36651 (Carta) x=43
[1992] PONERE_PROPRIETAS    019b5392-7791-7d47-9570-0a3b29d36651 (Carta) y=393
[1993] PONERE_PROPRIETAS    019b5392-7791-7d47-9570-0a3b29d36651 (Carta) z_index=50
[1994] CREARE_ENTITAS       019b5392-c625-7fa9-a5ed-aae713fc3e37 (Carta)
[1995] ADDERE_RELATIO       019b5392-c625-7fa9-a5ed-aae713fc3e37 (Carta) --[est]--> 7d1298f2-e383-5d7b-92da-01297c423dda
[1996] ADDERE_RELATIO       900896a7-9909-5493-96bc-9a7fa4e5324c (Schirma) --[continet]--> 019b5392-c625-7fa9-a5ed-aae713fc3e37
[1997] PONERE_PROPRIETAS    019b5392-c625-7fa9-a5ed-aae713fc3e37 (Carta) textus=Nova carta
[1998] PONERE_PROPRIETAS    019b5392-c625-7fa9-a5ed-aae713fc3e37 (Carta) x=223
[1999] PONERE_PROPRIETAS    019b5392-c625-7fa9-a5ed-aae713fc3e37 (Carta) y=401
[2000] PONERE_PROPRIETAS    019b5392-c625-7fa9-a5ed-aae713fc3e37 (Carta) z_index=52
[2001] PONERE_PROPRIETAS    019b5392-c625-7fa9-a5ed-aae713fc3e37 (Carta) textus=Owning data entities
[2002] PONERE_PROPRIETAS    019b5392-c625-7fa9-a5ed-aae713fc3e37 (Carta) x=182
[2003] PONERE_PROPRIETAS    019b5392-c625-7fa9-a5ed-aae713fc3e37 (Carta) y=396
[2004] PONERE_PROPRIETAS    019b5392-c625-7fa9-a5ed-aae713fc3e37 (Carta) z_index=53
[2005] PONERE_PROPRIETAS    cbf56b91-ae14-5a2f-b90c-3701b7df4aa6 (LibroPagina) contentum=

	 	 Well, certainly having a lot of cool ideas h...
[2006] PONERE_PROPRIETAS    cbf56b91-ae14-5a2f-b90c-3701b7df4aa6 (LibroPagina) contentum=

	 	 Well, certainly having a lot of cool ideas h...
[2007] PONERE_PROPRIETAS    cbf56b91-ae14-5a2f-b90c-3701b7df4aa6 (LibroPagina) contentum=

	 	 Well, certainly having a lot of cool ideas h...
[2008] PONERE_PROPRIETAS    cbf56b91-ae14-5a2f-b90c-3701b7df4aa6 (LibroPagina) contentum=

	 	 Well, certainly having a lot of cool ideas h...
[2009] CREARE_ENTITAS       019b5394-4b89-7c6e-806e-81d27fada919 (Carta)
[2010] ADDERE_RELATIO       019b5394-4b89-7c6e-806e-81d27fada919 (Carta) --[est]--> 7d1298f2-e383-5d7b-92da-01297c423dda
[2011] ADDERE_RELATIO       900896a7-9909-5493-96bc-9a7fa4e5324c (Schirma) --[continet]--> 019b5394-4b89-7c6e-806e-81d27fada919
[2012] PONERE_PROPRIETAS    019b5394-4b89-7c6e-806e-81d27fada919 (Carta) textus=Nova carta
[2013] PONERE_PROPRIETAS    019b5394-4b89-7c6e-806e-81d27fada919 (Carta) x=285
[2014] PONERE_PROPRIETAS    019b5394-4b89-7c6e-806e-81d27fada919 (Carta) y=40
[2015] PONERE_PROPRIETAS    019b5394-4b89-7c6e-806e-81d27fada919 (Carta) z_index=55
[2016] PONERE_PROPRIETAS    019b5394-4b89-7c6e-806e-81d27fada919 (Carta) textus=OS File Explorer
[2017] PONERE_PROPRIETAS    019b5394-4b89-7c6e-806e-81d27fada919 (Carta) x=230
[2018] PONERE_PROPRIETAS    019b5394-4b89-7c6e-806e-81d27fada919 (Carta) y=38
[2019] PONERE_PROPRIETAS    019b5394-4b89-7c6e-806e-81d27fada919 (Carta) z_index=56
[2020] PONERE_PROPRIETAS    cbf56b91-ae14-5a2f-b90c-3701b7df4aa6 (LibroPagina) contentum=

	 	 Well, certainly having a lot of cool ideas h...
[2021] PONERE_PROPRIETAS    cbf56b91-ae14-5a2f-b90c-3701b7df4aa6 (LibroPagina) contentum=

	 	 Well, certainly having a lot of cool ideas h...
[2022] PONERE_PROPRIETAS    cbf56b91-ae14-5a2f-b90c-3701b7df4aa6 (LibroPagina) contentum=

	 	 Well, certainly having a lot of cool ideas h...
[2023] PONERE_PROPRIETAS    cbf56b91-ae14-5a2f-b90c-3701b7df4aa6 (LibroPagina) contentum=

	 	 Well, certainly having a lot of cool ideas h...
[2024] PONERE_PROPRIETAS    cbf56b91-ae14-5a2f-b90c-3701b7df4aa6 (LibroPagina) contentum=

	 	 Well, certainly having a lot of cool ideas h...
[2025] PONERE_PROPRIETAS    cbf56b91-ae14-5a2f-b90c-3701b7df4aa6 (LibroPagina) contentum=

	 	 Well, certainly having a lot of cool ideas h...
[2026] PONERE_PROPRIETAS    cbf56b91-ae14-5a2f-b90c-3701b7df4aa6 (LibroPagina) contentum=

	 	 Well, certainly having a lot of cool ideas h...
[2027] PONERE_PROPRIETAS    cbf56b91-ae14-5a2f-b90c-3701b7df4aa6 (LibroPagina) contentum=

	 	 Well, certainly having a lot of cool ideas h...
[2028] PONERE_PROPRIETAS    cbf56b91-ae14-5a2f-b90c-3701b7df4aa6 (LibroPagina) contentum=

	 	 Well, certainly having a lot of cool ideas h...
[2029] PONERE_PROPRIETAS    cbf56b91-ae14-5a2f-b90c-3701b7df4aa6 (LibroPagina) contentum=

	 	 Well, certainly having a lot of cool ideas h...
[2030] PONERE_PROPRIETAS    cbf56b91-ae14-5a2f-b90c-3701b7df4aa6 (LibroPagina) contentum=

	 	 Well, certainly having a lot of cool ideas h...
[2031] PONERE_PROPRIETAS    cbf56b91-ae14-5a2f-b90c-3701b7df4aa6 (LibroPagina) contentum=

	 	 Well, certainly having a lot of cool ideas h...
[2032] PONERE_PROPRIETAS    cbf56b91-ae14-5a2f-b90c-3701b7df4aa6 (LibroPagina) contentum=

	 	 Well, certainly having a lot of cool ideas h...
[2033] PONERE_PROPRIETAS    cbf56b91-ae14-5a2f-b90c-3701b7df4aa6 (LibroPagina) contentum=

	 	 Well, certainly having a lot of cool ideas h...
[2034] PONERE_PROPRIETAS    cbf56b91-ae14-5a2f-b90c-3701b7df4aa6 (LibroPagina) contentum=

	 	 Well, certainly having a lot of cool ideas h...
[2035] PONERE_PROPRIETAS    cbf56b91-ae14-5a2f-b90c-3701b7df4aa6 (LibroPagina) contentum=

	 	 Well, certainly having a lot of cool ideas h...
[2036] CREARE_ENTITAS       744c86ee-d42f-5b37-b24c-02c8d01c1a41 (LibroPagina)
[2037] PONERE_PROPRIETAS    744c86ee-d42f-5b37-b24c-02c8d01c1a41 (LibroPagina) titulus=pagina-8
[2038] ADDERE_RELATIO       744c86ee-d42f-5b37-b24c-02c8d01c1a41 (LibroPagina) --[est]--> f5fd3e63-c2cc-5256-a514-4b7764478f6d
[2039] ADDERE_NOTA          744c86ee-d42f-5b37-b24c-02c8d01c1a41 (LibroPagina) ##LibroPagina
[2040] PONERE_PROPRIETAS    744c86ee-d42f-5b37-b24c-02c8d01c1a41 (LibroPagina) ordo=8
[2041] PONERE_PROPRIETAS    744c86ee-d42f-5b37-b24c-02c8d01c1a41 (LibroPagina) name=pagina-8
[2042] PONERE_PROPRIETAS    744c86ee-d42f-5b37-b24c-02c8d01c1a41 (LibroPagina) contentum=

















































...
[2043] PONERE_PROPRIETAS    744c86ee-d42f-5b37-b24c-02c8d01c1a41 (LibroPagina) contentum=  #prev










































...
[2044] PONERE_PROPRIETAS    744c86ee-d42f-5b37-b24c-02c8d01c1a41 (LibroPagina) contentum=  #prev

  This lack of scrolling does remind me s...
[2045] PONERE_PROPRIETAS    744c86ee-d42f-5b37-b24c-02c8d01c1a41 (LibroPagina) contentum=  #prev

  This lack of scrolling does remind me s...
[2046] PONERE_PROPRIETAS    744c86ee-d42f-5b37-b24c-02c8d01c1a41 (LibroPagina) contentum=  #prev

  This lack of scrolling does remind me s...
[2047] CREARE_ENTITAS       019b539e-b90d-7bf2-99ee-1c2c56ee76fe (Carta)
[2048] ADDERE_RELATIO       019b539e-b90d-7bf2-99ee-1c2c56ee76fe (Carta) --[est]--> 7d1298f2-e383-5d7b-92da-01297c423dda
[2049] ADDERE_RELATIO       fd393f4b-4b5d-5a75-b6e6-e2bc73af8184 (Schirma) --[continet]--> 019b539e-b90d-7bf2-99ee-1c2c56ee76fe
[2050] PONERE_PROPRIETAS    019b539e-b90d-7bf2-99ee-1c2c56ee76fe (Carta) textus=Nova carta
[2051] PONERE_PROPRIETAS    019b539e-b90d-7bf2-99ee-1c2c56ee76fe (Carta) x=171
[2052] PONERE_PROPRIETAS    019b539e-b90d-7bf2-99ee-1c2c56ee76fe (Carta) y=64
[2053] PONERE_PROPRIETAS    019b539e-b90d-7bf2-99ee-1c2c56ee76fe (Carta) z_index=75
[2054] PONERE_PROPRIETAS    019b539e-b90d-7bf2-99ee-1c2c56ee76fe (Carta) textus=Lapideus
[2055] PONERE_PROPRIETAS    019b539e-b90d-7bf2-99ee-1c2c56ee76fe (Carta) x=173
[2056] PONERE_PROPRIETAS    019b539e-b90d-7bf2-99ee-1c2c56ee76fe (Carta) y=58
[2057] PONERE_PROPRIETAS    019b539e-b90d-7bf2-99ee-1c2c56ee76fe (Carta) z_index=76
[2058] PONERE_PROPRIETAS    744c86ee-d42f-5b37-b24c-02c8d01c1a41 (LibroPagina) contentum=  #prev

  This lack of scrolling does remind me s...
[2059] PONERE_PROPRIETAS    744c86ee-d42f-5b37-b24c-02c8d01c1a41 (LibroPagina) contentum=  #prev

  This lack of scrolling does remind me s...
[2060] PONERE_PROPRIETAS    744c86ee-d42f-5b37-b24c-02c8d01c1a41 (LibroPagina) contentum=  #prev

  This lack of scrolling does remind me s...
[2061] PONERE_PROPRIETAS    744c86ee-d42f-5b37-b24c-02c8d01c1a41 (LibroPagina) contentum=  #prev

  This lack of scrolling does remind me s...
[2062] PONERE_PROPRIETAS    c1fa2097-2b45-5f22-8539-e585386d4203 (ArcCaeliStatus) slug=root
[2063] PONERE_PROPRIETAS    6b0434b0-8572-58bd-89bd-f47d1f197fb6 (SchirmaStatus) modus=arx_caeli
[2064] PONERE_PROPRIETAS    6b0434b0-8572-58bd-89bd-f47d1f197fb6 (SchirmaStatus) libro_index_paginae=8
[2065] PONERE_PROPRIETAS    6b0434b0-8572-58bd-89bd-f47d1f197fb6 (SchirmaStatus) libro_cursor_linea=10
[2066] PONERE_PROPRIETAS    6b0434b0-8572-58bd-89bd-f47d1f197fb6 (SchirmaStatus) libro_cursor_columna=57
[2067] PONERE_PROPRIETAS    6b0434b0-8572-58bd-89bd-f47d1f197fb6 (SchirmaStatus) libro_modo=1
[2068] PONERE_PROPRIETAS    1d098538-0af7-533b-9d22-515f4af82ec0 (SchirmaStatus) libro_index_paginae=1
[2069] PONERE_PROPRIETAS    1d098538-0af7-533b-9d22-515f4af82ec0 (SchirmaStatus) libro_cursor_linea=33
[2070] PONERE_PROPRIETAS    1d098538-0af7-533b-9d22-515f4af82ec0 (SchirmaStatus) libro_cursor_columna=34
[2071] PONERE_PROPRIETAS    1d098538-0af7-533b-9d22-515f4af82ec0 (SchirmaStatus) libro_modo=1
[2072] PONERE_PROPRIETAS    ccf8b520-2ed9-5278-9f9c-dda0cc7921e6 (SchirmaStatus) libro_index_paginae=1
[2073] PONERE_PROPRIETAS    744c86ee-d42f-5b37-b24c-02c8d01c1a41 (LibroPagina) contentum=  #prev

  This lack of scrolling does remind me s...
[2074] PONERE_PROPRIETAS    744c86ee-d42f-5b37-b24c-02c8d01c1a41 (LibroPagina) contentum=  #prev

  This lack of scrolling does remind me s...
[2075] PONERE_PROPRIETAS    744c86ee-d42f-5b37-b24c-02c8d01c1a41 (LibroPagina) contentum=  #prev

  This lack of scrolling does remind me s...
[2076] PONERE_PROPRIETAS    cbf56b91-ae14-5a2f-b90c-3701b7df4aa6 (LibroPagina) contentum=

	 	 Well, certainly having a lot of cool ideas h...
[2077] PONERE_PROPRIETAS    019b538f-5f56-7432-b611-ecd448a3e250 (Carta) z_index=79
[2078] CREARE_ENTITAS       019b5b0a-ef54-7064-a523-e56a96d4b98c (Carta)
[2079] ADDERE_RELATIO       019b5b0a-ef54-7064-a523-e56a96d4b98c (Carta) --[est]--> 7d1298f2-e383-5d7b-92da-01297c423dda
[2080] ADDERE_RELATIO       1d5571b9-b048-59c7-a93d-d748162b891f (Schirma) --[continet]--> 019b5b0a-ef54-7064-a523-e56a96d4b98c
[2081] PONERE_PROPRIETAS    019b5b0a-ef54-7064-a523-e56a96d4b98c (Carta) textus=Nova carta
[2082] PONERE_PROPRIETAS    019b5b0a-ef54-7064-a523-e56a96d4b98c (Carta) x=87
[2083] PONERE_PROPRIETAS    019b5b0a-ef54-7064-a523-e56a96d4b98c (Carta) y=99
[2084] PONERE_PROPRIETAS    019b5b0a-ef54-7064-a523-e56a96d4b98c (Carta) z_index=6
[2085] PONERE_PROPRIETAS    019b5b0a-ef54-7064-a523-e56a96d4b98c (Carta) textus=Yes, but it is a
dependency on Apple,
etc. servers
[2086] PONERE_PROPRIETAS    019b5b0a-ef54-7064-a523-e56a96d4b98c (Carta) x=35
[2087] PONERE_PROPRIETAS    019b5b0a-ef54-7064-a523-e56a96d4b98c (Carta) y=87
[2088] PONERE_PROPRIETAS    019b5b0a-ef54-7064-a523-e56a96d4b98c (Carta) z_index=7
[2089] PONERE_PROPRIETAS    019b3ccd-82fb-7dfc-8ebf-383231797080 (Carta) x=16
[2090] PONERE_PROPRIETAS    019b3ccd-82fb-7dfc-8ebf-383231797080 (Carta) y=107
[2091] PONERE_PROPRIETAS    019b3ccd-82fb-7dfc-8ebf-383231797080 (Carta) z_index=80
[2092] PONERE_PROPRIETAS    019b3e84-8992-7aa1-be98-0e261556aa50 (Carta) z_index=83
[2093] PONERE_PROPRIETAS    019b538f-5f56-7432-b611-ecd448a3e250 (Carta) z_index=82
[2094] PONERE_PROPRIETAS    c1fa2097-2b45-5f22-8539-e585386d4203 (ArcCaeliStatus) slug=cool-ideas
[2095] PONERE_PROPRIETAS    744c86ee-d42f-5b37-b24c-02c8d01c1a41 (LibroPagina) contentum=  #prev

  This lack of scrolling does remind me s...
[2096] PONERE_PROPRIETAS    744c86ee-d42f-5b37-b24c-02c8d01c1a41 (LibroPagina) contentum=  #prev

  This lack of scrolling does remind me s...
[2097] PONERE_PROPRIETAS    744c86ee-d42f-5b37-b24c-02c8d01c1a41 (LibroPagina) contentum=  #prev

  This lack of scrolling does remind me s...
[2098] PONERE_PROPRIETAS    744c86ee-d42f-5b37-b24c-02c8d01c1a41 (LibroPagina) contentum=  #prev

  This lack of scrolling does remind me s...
[2099] PONERE_PROPRIETAS    744c86ee-d42f-5b37-b24c-02c8d01c1a41 (LibroPagina) contentum=  #prev

  This lack of scrolling does remind me s...
[2100] PONERE_PROPRIETAS    744c86ee-d42f-5b37-b24c-02c8d01c1a41 (LibroPagina) contentum=  #prev

  This lack of scrolling does remind me s...
[2101] PONERE_PROPRIETAS    744c86ee-d42f-5b37-b24c-02c8d01c1a41 (LibroPagina) contentum=  #prev

  This lack of scrolling does remind me s...
[2102] PONERE_PROPRIETAS    744c86ee-d42f-5b37-b24c-02c8d01c1a41 (LibroPagina) contentum=  #prev

  This lack of scrolling does remind me s...
[2103] PONERE_PROPRIETAS    744c86ee-d42f-5b37-b24c-02c8d01c1a41 (LibroPagina) contentum=  #prev

  This lack of scrolling does remind me s...
[2104] PONERE_PROPRIETAS    744c86ee-d42f-5b37-b24c-02c8d01c1a41 (LibroPagina) contentum=  #prev

  This lack of scrolling does remind me s...
[2105] PONERE_PROPRIETAS    744c86ee-d42f-5b37-b24c-02c8d01c1a41 (LibroPagina) contentum=  #prev

  This lack of scrolling does remind me s...
[2106] PONERE_PROPRIETAS    744c86ee-d42f-5b37-b24c-02c8d01c1a41 (LibroPagina) contentum=  #prev

  This lack of scrolling does remind me s...
[2107] PONERE_PROPRIETAS    744c86ee-d42f-5b37-b24c-02c8d01c1a41 (LibroPagina) contentum=  #prev

  This lack of scrolling does remind me s...
[2108] PONERE_PROPRIETAS    744c86ee-d42f-5b37-b24c-02c8d01c1a41 (LibroPagina) contentum=  #prev

  This lack of scrolling does remind me s...
[2109] PONERE_PROPRIETAS    744c86ee-d42f-5b37-b24c-02c8d01c1a41 (LibroPagina) contentum=  #prev

  This lack of scrolling does remind me s...
[2110] PONERE_PROPRIETAS    744c86ee-d42f-5b37-b24c-02c8d01c1a41 (LibroPagina) contentum=  #prev

  This lack of scrolling does remind me s...
[2111] PONERE_PROPRIETAS    744c86ee-d42f-5b37-b24c-02c8d01c1a41 (LibroPagina) contentum=  #prev

  This lack of scrolling does remind me s...
[2112] PONERE_PROPRIETAS    744c86ee-d42f-5b37-b24c-02c8d01c1a41 (LibroPagina) contentum=  #prev

  This lack of scrolling does remind me s...
[2113] PONERE_PROPRIETAS    744c86ee-d42f-5b37-b24c-02c8d01c1a41 (LibroPagina) contentum=  #prev

  This lack of scrolling does remind me s...
[2114] PONERE_PROPRIETAS    744c86ee-d42f-5b37-b24c-02c8d01c1a41 (LibroPagina) contentum=  #prev

  This lack of scrolling does remind me s...
[2115] PONERE_PROPRIETAS    744c86ee-d42f-5b37-b24c-02c8d01c1a41 (LibroPagina) contentum=  #prev

  This lack of scrolling does remind me s...
[2116] PONERE_PROPRIETAS    019b3e84-8992-7aa1-be98-0e261556aa50 (Carta) z_index=838
[2117] CREARE_ENTITAS       019b5b1d-cfcb-7cce-964e-8ca1ad763d01 (Carta)
[2118] ADDERE_RELATIO       019b5b1d-cfcb-7cce-964e-8ca1ad763d01 (Carta) --[est]--> 7d1298f2-e383-5d7b-92da-01297c423dda
[2119] ADDERE_RELATIO       fd393f4b-4b5d-5a75-b6e6-e2bc73af8184 (Schirma) --[continet]--> 019b5b1d-cfcb-7cce-964e-8ca1ad763d01
[2120] PONERE_PROPRIETAS    019b5b1d-cfcb-7cce-964e-8ca1ad763d01 (Carta) textus=Nova carta
[2121] PONERE_PROPRIETAS    019b5b1d-cfcb-7cce-964e-8ca1ad763d01 (Carta) x=138
[2122] PONERE_PROPRIETAS    019b5b1d-cfcb-7cce-964e-8ca1ad763d01 (Carta) y=320
[2123] PONERE_PROPRIETAS    019b5b1d-cfcb-7cce-964e-8ca1ad763d01 (Carta) z_index=841
[2124] PONERE_PROPRIETAS    019b5b1d-cfcb-7cce-964e-8ca1ad763d01 (Carta) textus=> data layer
[2125] CREARE_ENTITAS       9fbe57f3-ce3a-5dc1-ad0b-53c828ec440c (Schirma)
[2126] PONERE_PROPRIETAS    9fbe57f3-ce3a-5dc1-ad0b-53c828ec440c (Schirma) titulus=data-layer
[2127] ADDERE_RELATIO       9fbe57f3-ce3a-5dc1-ad0b-53c828ec440c (Schirma) --[est]--> e36b364e-3a07-5f03-96ae-6168f1051cb3
[2128] PONERE_PROPRIETAS    9fbe57f3-ce3a-5dc1-ad0b-53c828ec440c (Schirma) slug=data-layer
[2129] ADDERE_RELATIO       019b5b1d-cfcb-7cce-964e-8ca1ad763d01 (Carta) --[portal_ad]--> 9fbe57f3-ce3a-5dc1-ad0b-53c828ec440c
[2130] PONERE_PROPRIETAS    019b5b1d-cfcb-7cce-964e-8ca1ad763d01 (Carta) x=140
[2131] PONERE_PROPRIETAS    019b5b1d-cfcb-7cce-964e-8ca1ad763d01 (Carta) y=257
[2132] PONERE_PROPRIETAS    019b5b1d-cfcb-7cce-964e-8ca1ad763d01 (Carta) z_index=843
[2133] CREARE_ENTITAS       019b5b1d-fb80-7e5e-94b6-5f5a3aeb4acd (Carta)
[2134] ADDERE_RELATIO       019b5b1d-fb80-7e5e-94b6-5f5a3aeb4acd (Carta) --[est]--> 7d1298f2-e383-5d7b-92da-01297c423dda
[2135] ADDERE_RELATIO       9fbe57f3-ce3a-5dc1-ad0b-53c828ec440c (Schirma) --[continet]--> 019b5b1d-fb80-7e5e-94b6-5f5a3aeb4acd
[2136] PONERE_PROPRIETAS    019b5b1d-fb80-7e5e-94b6-5f5a3aeb4acd (Carta) textus=Nova carta
[2137] PONERE_PROPRIETAS    019b5b1d-fb80-7e5e-94b6-5f5a3aeb4acd (Carta) x=66
[2138] PONERE_PROPRIETAS    019b5b1d-fb80-7e5e-94b6-5f5a3aeb4acd (Carta) y=71
[2139] PONERE_PROPRIETAS    019b5b1d-fb80-7e5e-94b6-5f5a3aeb4acd (Carta) z_index=1
[2140] PONERE_PROPRIETAS    019b5b1d-fb80-7e5e-94b6-5f5a3aeb4acd (Carta) z_index=2
[2141] PONERE_PROPRIETAS    019b5b1d-fb80-7e5e-94b6-5f5a3aeb4acd (Carta) textus=Don't deserialize data, alread
in format can read ...
[2142] PONERE_PROPRIETAS    019b5b1d-fb80-7e5e-94b6-5f5a3aeb4acd (Carta) x=30
[2143] PONERE_PROPRIETAS    019b5b1d-fb80-7e5e-94b6-5f5a3aeb4acd (Carta) y=48
[2144] PONERE_PROPRIETAS    019b5b1d-fb80-7e5e-94b6-5f5a3aeb4acd (Carta) z_index=3
[2145] CREARE_ENTITAS       019b5b1e-503d-79df-aea4-49dbb67422a0 (Carta)
[2146] ADDERE_RELATIO       019b5b1e-503d-79df-aea4-49dbb67422a0 (Carta) --[est]--> 7d1298f2-e383-5d7b-92da-01297c423dda
[2147] ADDERE_RELATIO       9fbe57f3-ce3a-5dc1-ad0b-53c828ec440c (Schirma) --[continet]--> 019b5b1e-503d-79df-aea4-49dbb67422a0
[2148] PONERE_PROPRIETAS    019b5b1e-503d-79df-aea4-49dbb67422a0 (Carta) textus=Nova carta
[2149] PONERE_PROPRIETAS    019b5b1e-503d-79df-aea4-49dbb67422a0 (Carta) x=71
[2150] PONERE_PROPRIETAS    019b5b1e-503d-79df-aea4-49dbb67422a0 (Carta) y=123
[2151] PONERE_PROPRIETAS    019b5b1e-503d-79df-aea4-49dbb67422a0 (Carta) z_index=5
[2152] PONERE_PROPRIETAS    019b5b1e-503d-79df-aea4-49dbb67422a0 (Carta) textus=Include desired return
structure in query
[2153] PONERE_PROPRIETAS    019b5b1e-503d-79df-aea4-49dbb67422a0 (Carta) x=41
[2154] PONERE_PROPRIETAS    019b5b1e-503d-79df-aea4-49dbb67422a0 (Carta) y=85
[2155] PONERE_PROPRIETAS    019b5b1e-503d-79df-aea4-49dbb67422a0 (Carta) z_index=6
[2156] CREARE_ENTITAS       019b5b1e-9f11-752c-8141-19d7398f1965 (Carta)
[2157] ADDERE_RELATIO       019b5b1e-9f11-752c-8141-19d7398f1965 (Carta) --[est]--> 7d1298f2-e383-5d7b-92da-01297c423dda
[2158] ADDERE_RELATIO       9fbe57f3-ce3a-5dc1-ad0b-53c828ec440c (Schirma) --[continet]--> 019b5b1e-9f11-752c-8141-19d7398f1965
[2159] PONERE_PROPRIETAS    019b5b1e-9f11-752c-8141-19d7398f1965 (Carta) textus=Nova carta
[2160] PONERE_PROPRIETAS    019b5b1e-9f11-752c-8141-19d7398f1965 (Carta) x=95
[2161] PONERE_PROPRIETAS    019b5b1e-9f11-752c-8141-19d7398f1965 (Carta) y=227
[2162] PONERE_PROPRIETAS    019b5b1e-9f11-752c-8141-19d7398f1965 (Carta) z_index=8
[2163] PONERE_PROPRIETAS    019b5b1e-9f11-752c-8141-19d7398f1965 (Carta) textus=Book closing policy
[2164] PONERE_PROPRIETAS    019b5b1e-9f11-752c-8141-19d7398f1965 (Carta) x=24
[2165] PONERE_PROPRIETAS    019b5b1e-9f11-752c-8141-19d7398f1965 (Carta) y=343
[2166] PONERE_PROPRIETAS    019b5b1e-9f11-752c-8141-19d7398f1965 (Carta) z_index=9
[2167] CREARE_ENTITAS       019b5b1e-ceb8-7db0-aab2-b0dd57e24668 (Carta)
[2168] ADDERE_RELATIO       019b5b1e-ceb8-7db0-aab2-b0dd57e24668 (Carta) --[est]--> 7d1298f2-e383-5d7b-92da-01297c423dda
[2169] ADDERE_RELATIO       9fbe57f3-ce3a-5dc1-ad0b-53c828ec440c (Schirma) --[continet]--> 019b5b1e-ceb8-7db0-aab2-b0dd57e24668
[2170] PONERE_PROPRIETAS    019b5b1e-ceb8-7db0-aab2-b0dd57e24668 (Carta) textus=Nova carta
[2171] PONERE_PROPRIETAS    019b5b1e-ceb8-7db0-aab2-b0dd57e24668 (Carta) x=63
[2172] PONERE_PROPRIETAS    019b5b1e-ceb8-7db0-aab2-b0dd57e24668 (Carta) y=394
[2173] PONERE_PROPRIETAS    019b5b1e-ceb8-7db0-aab2-b0dd57e24668 (Carta) z_index=11
[2174] PONERE_PROPRIETAS    019b5b1e-ceb8-7db0-aab2-b0dd57e24668 (Carta) textus=- clock time
[2175] PONERE_PROPRIETAS    019b5b1e-ceb8-7db0-aab2-b0dd57e24668 (Carta) x=37
[2176] PONERE_PROPRIETAS    019b5b1e-ceb8-7db0-aab2-b0dd57e24668 (Carta) y=372
[2177] PONERE_PROPRIETAS    019b5b1e-ceb8-7db0-aab2-b0dd57e24668 (Carta) z_index=12
[2178] CREARE_ENTITAS       019b5b1e-ebe2-747c-baaf-6e6b9a9436a9 (Carta)
[2179] ADDERE_RELATIO       019b5b1e-ebe2-747c-baaf-6e6b9a9436a9 (Carta) --[est]--> 7d1298f2-e383-5d7b-92da-01297c423dda
[2180] ADDERE_RELATIO       9fbe57f3-ce3a-5dc1-ad0b-53c828ec440c (Schirma) --[continet]--> 019b5b1e-ebe2-747c-baaf-6e6b9a9436a9
[2181] PONERE_PROPRIETAS    019b5b1e-ebe2-747c-baaf-6e6b9a9436a9 (Carta) textus=Nova carta
[2182] PONERE_PROPRIETAS    019b5b1e-ebe2-747c-baaf-6e6b9a9436a9 (Carta) x=84
[2183] PONERE_PROPRIETAS    019b5b1e-ebe2-747c-baaf-6e6b9a9436a9 (Carta) y=423
[2184] PONERE_PROPRIETAS    019b5b1e-ebe2-747c-baaf-6e6b9a9436a9 (Carta) z_index=14
[2185] PONERE_PROPRIETAS    019b5b1e-ebe2-747c-baaf-6e6b9a9436a9 (Carta) textus=- session intervals
[2186] PONERE_PROPRIETAS    019b5b1e-ebe2-747c-baaf-6e6b9a9436a9 (Carta) x=38
[2187] PONERE_PROPRIETAS    019b5b1e-ebe2-747c-baaf-6e6b9a9436a9 (Carta) y=398
[2188] PONERE_PROPRIETAS    019b5b1e-ebe2-747c-baaf-6e6b9a9436a9 (Carta) z_index=15
[2189] CREARE_ENTITAS       019b5b1f-1702-7888-b9a4-5263d38fd7cf (Carta)
[2190] ADDERE_RELATIO       019b5b1f-1702-7888-b9a4-5263d38fd7cf (Carta) --[est]--> 7d1298f2-e383-5d7b-92da-01297c423dda
[2191] ADDERE_RELATIO       9fbe57f3-ce3a-5dc1-ad0b-53c828ec440c (Schirma) --[continet]--> 019b5b1f-1702-7888-b9a4-5263d38fd7cf
[2192] PONERE_PROPRIETAS    019b5b1f-1702-7888-b9a4-5263d38fd7cf (Carta) textus=Nova carta
[2193] PONERE_PROPRIETAS    019b5b1f-1702-7888-b9a4-5263d38fd7cf (Carta) x=50
[2194] PONERE_PROPRIETAS    019b5b1f-1702-7888-b9a4-5263d38fd7cf (Carta) y=429
[2195] PONERE_PROPRIETAS    019b5b1f-1702-7888-b9a4-5263d38fd7cf (Carta) z_index=18
[2196] PONERE_PROPRIETAS    019b5b1f-1702-7888-b9a4-5263d38fd7cf (Carta) textus=- event volume
[2197] PONERE_PROPRIETAS    019b5b1f-1702-7888-b9a4-5263d38fd7cf (Carta) x=37
[2198] PONERE_PROPRIETAS    019b5b1f-1702-7888-b9a4-5263d38fd7cf (Carta) y=424
[2199] PONERE_PROPRIETAS    019b5b1f-1702-7888-b9a4-5263d38fd7cf (Carta) z_index=19
[2200] PONERE_PROPRIETAS    019b5b1e-9f11-752c-8141-19d7398f1965 (Carta) y=345
[2201] PONERE_PROPRIETAS    019b5b1e-9f11-752c-8141-19d7398f1965 (Carta) z_index=20
[2202] CREARE_ENTITAS       019b5b21-ffe0-743a-a81e-0d01c0cc7b7a (Carta)
[2203] ADDERE_RELATIO       019b5b21-ffe0-743a-a81e-0d01c0cc7b7a (Carta) --[est]--> 7d1298f2-e383-5d7b-92da-01297c423dda
[2204] ADDERE_RELATIO       9fbe57f3-ce3a-5dc1-ad0b-53c828ec440c (Schirma) --[continet]--> 019b5b21-ffe0-743a-a81e-0d01c0cc7b7a
[2205] PONERE_PROPRIETAS    019b5b21-ffe0-743a-a81e-0d01c0cc7b7a (Carta) textus=Nova carta
[2206] PONERE_PROPRIETAS    019b5b21-ffe0-743a-a81e-0d01c0cc7b7a (Carta) x=153
[2207] PONERE_PROPRIETAS    019b5b21-ffe0-743a-a81e-0d01c0cc7b7a (Carta) y=188
[2208] PONERE_PROPRIETAS    019b5b21-ffe0-743a-a81e-0d01c0cc7b7a (Carta) z_index=22
[2209] PONERE_PROPRIETAS    019b5b21-ffe0-743a-a81e-0d01c0cc7b7a (Carta) textus=What's the best way to get a
a pointer into a 16TB...
[2210] CREARE_ENTITAS       019b5b24-d228-7289-ae42-7c4e942860cd (Carta)
[2211] ADDERE_RELATIO       019b5b24-d228-7289-ae42-7c4e942860cd (Carta) --[est]--> 7d1298f2-e383-5d7b-92da-01297c423dda
[2212] ADDERE_RELATIO       9fbe57f3-ce3a-5dc1-ad0b-53c828ec440c (Schirma) --[continet]--> 019b5b24-d228-7289-ae42-7c4e942860cd
[2213] PONERE_PROPRIETAS    019b5b24-d228-7289-ae42-7c4e942860cd (Carta) textus=Nova carta
[2214] PONERE_PROPRIETAS    019b5b24-d228-7289-ae42-7c4e942860cd (Carta) x=165
[2215] PONERE_PROPRIETAS    019b5b24-d228-7289-ae42-7c4e942860cd (Carta) y=266
[2216] PONERE_PROPRIETAS    019b5b24-d228-7289-ae42-7c4e942860cd (Carta) z_index=26
[2217] PONERE_PROPRIETAS    019b5b24-d228-7289-ae42-7c4e942860cd (Carta) textus=Many key pairs per person for signing
[2218] PONERE_PROPRIETAS    019b5b24-d228-7289-ae42-7c4e942860cd (Carta) x=156
[2219] PONERE_PROPRIETAS    019b5b24-d228-7289-ae42-7c4e942860cd (Carta) y=225
[2220] PONERE_PROPRIETAS    019b5b24-d228-7289-ae42-7c4e942860cd (Carta) z_index=27
[2221] CREARE_ENTITAS       019b5b28-3cff-74a1-9361-b7136e95e16e (Carta)
[2222] ADDERE_RELATIO       019b5b28-3cff-74a1-9361-b7136e95e16e (Carta) --[est]--> 7d1298f2-e383-5d7b-92da-01297c423dda
[2223] ADDERE_RELATIO       9fbe57f3-ce3a-5dc1-ad0b-53c828ec440c (Schirma) --[continet]--> 019b5b28-3cff-74a1-9361-b7136e95e16e
[2224] PONERE_PROPRIETAS    019b5b28-3cff-74a1-9361-b7136e95e16e (Carta) textus=Nova carta
[2225] PONERE_PROPRIETAS    019b5b28-3cff-74a1-9361-b7136e95e16e (Carta) x=188
[2226] PONERE_PROPRIETAS    019b5b28-3cff-74a1-9361-b7136e95e16e (Carta) y=285
[2227] PONERE_PROPRIETAS    019b5b28-3cff-74a1-9361-b7136e95e16e (Carta) z_index=29
[2228] PONERE_PROPRIETAS    019b5b28-3cff-74a1-9361-b7136e95e16e (Carta) textus=256 bye universal pointer
[2229] PONERE_PROPRIETAS    019b5b28-3cff-74a1-9361-b7136e95e16e (Carta) z_index=30
[2230] PONERE_PROPRIETAS    019b5b24-d228-7289-ae42-7c4e942860cd (Carta) z_index=32
[2231] PONERE_PROPRIETAS    019b5b28-3cff-74a1-9361-b7136e95e16e (Carta) textus=256 byte universal pointer
[2232] PONERE_PROPRIETAS    019b5b28-3cff-74a1-9361-b7136e95e16e (Carta) x=189
[2233] PONERE_PROPRIETAS    019b5b28-3cff-74a1-9361-b7136e95e16e (Carta) y=297
[2234] PONERE_PROPRIETAS    019b5b28-3cff-74a1-9361-b7136e95e16e (Carta) z_index=31
[2235] CREARE_ENTITAS       019b5b28-7ec3-7128-90e6-e82fde2854d0 (Carta)
[2236] ADDERE_RELATIO       019b5b28-7ec3-7128-90e6-e82fde2854d0 (Carta) --[est]--> 7d1298f2-e383-5d7b-92da-01297c423dda
[2237] ADDERE_RELATIO       9fbe57f3-ce3a-5dc1-ad0b-53c828ec440c (Schirma) --[continet]--> 019b5b28-7ec3-7128-90e6-e82fde2854d0
[2238] PONERE_PROPRIETAS    019b5b28-7ec3-7128-90e6-e82fde2854d0 (Carta) textus=Nova carta
[2239] PONERE_PROPRIETAS    019b5b28-7ec3-7128-90e6-e82fde2854d0 (Carta) x=89
[2240] PONERE_PROPRIETAS    019b5b28-7ec3-7128-90e6-e82fde2854d0 (Carta) y=295
[2241] PONERE_PROPRIETAS    019b5b28-7ec3-7128-90e6-e82fde2854d0 (Carta) z_index=34
[2242] PONERE_PROPRIETAS    019b5b28-3cff-74a1-9361-b7136e95e16e (Carta) x=192
[2243] PONERE_PROPRIETAS    019b5b28-3cff-74a1-9361-b7136e95e16e (Carta) y=324
[2244] PONERE_PROPRIETAS    019b5b28-3cff-74a1-9361-b7136e95e16e (Carta) z_index=36
[2245] PONERE_PROPRIETAS    019b5b28-7ec3-7128-90e6-e82fde2854d0 (Carta) textus=Signing is part of how you verify
identity of data
[2246] PONERE_PROPRIETAS    019b5b28-7ec3-7128-90e6-e82fde2854d0 (Carta) x=163
[2247] PONERE_PROPRIETAS    019b5b28-7ec3-7128-90e6-e82fde2854d0 (Carta) y=253
[2248] PONERE_PROPRIETAS    019b5b28-7ec3-7128-90e6-e82fde2854d0 (Carta) z_index=37
[2249] CREARE_ENTITAS       019b5b31-199d-721e-9ba3-e1378698abe2 (Carta)
[2250] ADDERE_RELATIO       019b5b31-199d-721e-9ba3-e1378698abe2 (Carta) --[est]--> 7d1298f2-e383-5d7b-92da-01297c423dda
[2251] ADDERE_RELATIO       9fbe57f3-ce3a-5dc1-ad0b-53c828ec440c (Schirma) --[continet]--> 019b5b31-199d-721e-9ba3-e1378698abe2
[2252] PONERE_PROPRIETAS    019b5b31-199d-721e-9ba3-e1378698abe2 (Carta) textus=Nova carta
[2253] PONERE_PROPRIETAS    019b5b31-199d-721e-9ba3-e1378698abe2 (Carta) x=217
[2254] PONERE_PROPRIETAS    019b5b31-199d-721e-9ba3-e1378698abe2 (Carta) y=413
[2255] PONERE_PROPRIETAS    019b5b31-199d-721e-9ba3-e1378698abe2 (Carta) z_index=38
[2256] PONERE_PROPRIETAS    019b5b31-199d-721e-9ba3-e1378698abe2 (Carta) x=23
[2257] PONERE_PROPRIETAS    019b5b31-199d-721e-9ba3-e1378698abe2 (Carta) y=149
[2258] PONERE_PROPRIETAS    019b5b31-199d-721e-9ba3-e1378698abe2 (Carta) z_index=40
[2259] PONERE_PROPRIETAS    019b5b31-199d-721e-9ba3-e1378698abe2 (Carta) textus=I will want to be able to fork
data at any time pr...
[2260] PONERE_PROPRIETAS    019b5b31-199d-721e-9ba3-e1378698abe2 (Carta) z_index=41
[2261] PONERE_PROPRIETAS    019b5b31-199d-721e-9ba3-e1378698abe2 (Carta) x=219
[2262] PONERE_PROPRIETAS    019b5b31-199d-721e-9ba3-e1378698abe2 (Carta) y=91
[2263] PONERE_PROPRIETAS    019b5b31-199d-721e-9ba3-e1378698abe2 (Carta) z_index=43
[2264] CREARE_ENTITAS       019b5b31-7996-7687-a6a7-24a26a6ba265 (Carta)
[2265] ADDERE_RELATIO       019b5b31-7996-7687-a6a7-24a26a6ba265 (Carta) --[est]--> 7d1298f2-e383-5d7b-92da-01297c423dda
[2266] ADDERE_RELATIO       9fbe57f3-ce3a-5dc1-ad0b-53c828ec440c (Schirma) --[continet]--> 019b5b31-7996-7687-a6a7-24a26a6ba265
[2267] PONERE_PROPRIETAS    019b5b31-7996-7687-a6a7-24a26a6ba265 (Carta) textus=Nova carta
[2268] PONERE_PROPRIETAS    019b5b31-7996-7687-a6a7-24a26a6ba265 (Carta) x=267
[2269] PONERE_PROPRIETAS    019b5b31-7996-7687-a6a7-24a26a6ba265 (Carta) y=151
[2270] PONERE_PROPRIETAS    019b5b31-7996-7687-a6a7-24a26a6ba265 (Carta) z_index=46
[2271] PONERE_PROPRIETAS    019b5b31-7996-7687-a6a7-24a26a6ba265 (Carta) textus=That means keeping track
of branches, etc
[2272] PONERE_PROPRIETAS    019b5b31-7996-7687-a6a7-24a26a6ba265 (Carta) x=246
[2273] PONERE_PROPRIETAS    019b5b31-7996-7687-a6a7-24a26a6ba265 (Carta) y=127
[2274] PONERE_PROPRIETAS    019b5b31-7996-7687-a6a7-24a26a6ba265 (Carta) z_index=48
[2275] PONERE_PROPRIETAS    019b5b31-7996-7687-a6a7-24a26a6ba265 (Carta) z_index=49
[2276] CREARE_ENTITAS       019b5b3a-2fea-7051-9279-9642f3dc2985 (Carta)
[2277] ADDERE_RELATIO       019b5b3a-2fea-7051-9279-9642f3dc2985 (Carta) --[est]--> 7d1298f2-e383-5d7b-92da-01297c423dda
[2278] ADDERE_RELATIO       9fbe57f3-ce3a-5dc1-ad0b-53c828ec440c (Schirma) --[continet]--> 019b5b3a-2fea-7051-9279-9642f3dc2985
[2279] PONERE_PROPRIETAS    019b5b3a-2fea-7051-9279-9642f3dc2985 (Carta) textus=Nova carta
[2280] PONERE_PROPRIETAS    019b5b3a-2fea-7051-9279-9642f3dc2985 (Carta) x=21
[2281] PONERE_PROPRIETAS    019b5b3a-2fea-7051-9279-9642f3dc2985 (Carta) y=177
[2282] PONERE_PROPRIETAS    019b5b3a-2fea-7051-9279-9642f3dc2985 (Carta) z_index=52
[2283] PONERE_PROPRIETAS    019b5b3a-2fea-7051-9279-9642f3dc2985 (Carta) textus=read only lock
[2284] CREARE_ENTITAS       019b5b3a-471f-714d-8951-eddbb7aec6fc (Carta)
[2285] ADDERE_RELATIO       019b5b3a-471f-714d-8951-eddbb7aec6fc (Carta) --[est]--> 7d1298f2-e383-5d7b-92da-01297c423dda
[2286] ADDERE_RELATIO       9fbe57f3-ce3a-5dc1-ad0b-53c828ec440c (Schirma) --[continet]--> 019b5b3a-471f-714d-8951-eddbb7aec6fc
[2287] PONERE_PROPRIETAS    019b5b3a-471f-714d-8951-eddbb7aec6fc (Carta) textus=Nova carta
[2288] PONERE_PROPRIETAS    019b5b3a-471f-714d-8951-eddbb7aec6fc (Carta) x=46
[2289] PONERE_PROPRIETAS    019b5b3a-471f-714d-8951-eddbb7aec6fc (Carta) y=230
[2290] PONERE_PROPRIETAS    019b5b3a-471f-714d-8951-eddbb7aec6fc (Carta) z_index=54
[2291] PONERE_PROPRIETAS    019b5b3a-471f-714d-8951-eddbb7aec6fc (Carta) textus=ownership lock
[2292] PONERE_PROPRIETAS    019b5b3a-471f-714d-8951-eddbb7aec6fc (Carta) x=21
[2293] PONERE_PROPRIETAS    019b5b3a-471f-714d-8951-eddbb7aec6fc (Carta) y=205
[2294] PONERE_PROPRIETAS    019b5b3a-471f-714d-8951-eddbb7aec6fc (Carta) z_index=55
[2295] CREARE_ENTITAS       019b5b3a-6ed0-7e5b-86e0-b550f442e979 (Carta)
[2296] ADDERE_RELATIO       019b5b3a-6ed0-7e5b-86e0-b550f442e979 (Carta) --[est]--> 7d1298f2-e383-5d7b-92da-01297c423dda
[2297] ADDERE_RELATIO       9fbe57f3-ce3a-5dc1-ad0b-53c828ec440c (Schirma) --[continet]--> 019b5b3a-6ed0-7e5b-86e0-b550f442e979
[2298] PONERE_PROPRIETAS    019b5b3a-6ed0-7e5b-86e0-b550f442e979 (Carta) textus=Nova carta
[2299] PONERE_PROPRIETAS    019b5b3a-6ed0-7e5b-86e0-b550f442e979 (Carta) x=41
[2300] PONERE_PROPRIETAS    019b5b3a-6ed0-7e5b-86e0-b550f442e979 (Carta) y=260
[2301] PONERE_PROPRIETAS    019b5b3a-6ed0-7e5b-86e0-b550f442e979 (Carta) z_index=58
[2302] PONERE_PROPRIETAS    019b5b3a-6ed0-7e5b-86e0-b550f442e979 (Carta) textus=modify lock
[2303] PONERE_PROPRIETAS    019b5b3a-6ed0-7e5b-86e0-b550f442e979 (Carta) x=28
[2304] PONERE_PROPRIETAS    019b5b3a-6ed0-7e5b-86e0-b550f442e979 (Carta) y=231
[2305] PONERE_PROPRIETAS    019b5b3a-6ed0-7e5b-86e0-b550f442e979 (Carta) z_index=59
[2306] CREARE_ENTITAS       019b5b3a-89a0-7904-94aa-4ffecd0351fd (Carta)
[2307] ADDERE_RELATIO       019b5b3a-89a0-7904-94aa-4ffecd0351fd (Carta) --[est]--> 7d1298f2-e383-5d7b-92da-01297c423dda
[2308] ADDERE_RELATIO       9fbe57f3-ce3a-5dc1-ad0b-53c828ec440c (Schirma) --[continet]--> 019b5b3a-89a0-7904-94aa-4ffecd0351fd
[2309] PONERE_PROPRIETAS    019b5b3a-89a0-7904-94aa-4ffecd0351fd (Carta) textus=Nova carta
[2310] PONERE_PROPRIETAS    019b5b3a-89a0-7904-94aa-4ffecd0351fd (Carta) x=83
[2311] PONERE_PROPRIETAS    019b5b3a-89a0-7904-94aa-4ffecd0351fd (Carta) y=279
[2312] PONERE_PROPRIETAS    019b5b3a-89a0-7904-94aa-4ffecd0351fd (Carta) z_index=61
[2313] PONERE_PROPRIETAS    019b5b3a-89a0-7904-94aa-4ffecd0351fd (Carta) textus=clone lock
[2314] PONERE_PROPRIETAS    019b5b3a-89a0-7904-94aa-4ffecd0351fd (Carta) x=30
[2315] PONERE_PROPRIETAS    019b5b3a-89a0-7904-94aa-4ffecd0351fd (Carta) y=257
[2316] PONERE_PROPRIETAS    019b5b3a-89a0-7904-94aa-4ffecd0351fd (Carta) z_index=62
[2317] PONERE_PROPRIETAS    744c86ee-d42f-5b37-b24c-02c8d01c1a41 (LibroPagina) contentum=  #prev

  This lack of scrolling does remind me s...
[2318] PONERE_PROPRIETAS    744c86ee-d42f-5b37-b24c-02c8d01c1a41 (LibroPagina) contentum=  #prev

  This lack of scrolling does remind me s...
[2319] PONERE_PROPRIETAS    744c86ee-d42f-5b37-b24c-02c8d01c1a41 (LibroPagina) contentum=  #prev

  This lack of scrolling does remind me s...
[2320] PONERE_PROPRIETAS    744c86ee-d42f-5b37-b24c-02c8d01c1a41 (LibroPagina) contentum=  #prev

  This lack of scrolling does remind me s...
[2321] PONERE_PROPRIETAS    744c86ee-d42f-5b37-b24c-02c8d01c1a41 (LibroPagina) contentum=  #prev

  This lack of scrolling does remind me s...
[2322] PONERE_PROPRIETAS    744c86ee-d42f-5b37-b24c-02c8d01c1a41 (LibroPagina) contentum=  #prev

  This lack of scrolling does remind me s...
[2323] PONERE_PROPRIETAS    744c86ee-d42f-5b37-b24c-02c8d01c1a41 (LibroPagina) contentum=  #prev

  This lack of scrolling does remind me s...
[2324] PONERE_PROPRIETAS    744c86ee-d42f-5b37-b24c-02c8d01c1a41 (LibroPagina) contentum=  #prev

  This lack of scrolling does remind me s...
[2325] PONERE_PROPRIETAS    744c86ee-d42f-5b37-b24c-02c8d01c1a41 (LibroPagina) contentum=  #prev

  This lack of scrolling does remind me s...
[2326] PONERE_PROPRIETAS    744c86ee-d42f-5b37-b24c-02c8d01c1a41 (LibroPagina) contentum=  #prev

  This lack of scrolling does remind me s...
[2327] PONERE_PROPRIETAS    744c86ee-d42f-5b37-b24c-02c8d01c1a41 (LibroPagina) contentum=  #prev

  This lack of scrolling does remind me s...
[2328] PONERE_PROPRIETAS    744c86ee-d42f-5b37-b24c-02c8d01c1a41 (LibroPagina) contentum=  #prev

  This lack of scrolling does remind me s...
[2329] PONERE_PROPRIETAS    744c86ee-d42f-5b37-b24c-02c8d01c1a41 (LibroPagina) contentum=  #prev

  This lack of scrolling does remind me s...
[2330] PONERE_PROPRIETAS    744c86ee-d42f-5b37-b24c-02c8d01c1a41 (LibroPagina) contentum=  #prev

  This lack of scrolling does remind me s...
[2331] PONERE_PROPRIETAS    744c86ee-d42f-5b37-b24c-02c8d01c1a41 (LibroPagina) contentum=  #prev

  This lack of scrolling does remind me s...
[2332] PONERE_PROPRIETAS    744c86ee-d42f-5b37-b24c-02c8d01c1a41 (LibroPagina) contentum=  #prev

  This lack of scrolling does remind me s...
[2333] PONERE_PROPRIETAS    744c86ee-d42f-5b37-b24c-02c8d01c1a41 (LibroPagina) contentum=  #prev

  This lack of scrolling does remind me s...
[2334] PONERE_PROPRIETAS    744c86ee-d42f-5b37-b24c-02c8d01c1a41 (LibroPagina) contentum=  #prev

  This lack of scrolling does remind me s...
[2335] PONERE_PROPRIETAS    744c86ee-d42f-5b37-b24c-02c8d01c1a41 (LibroPagina) contentum=  #prev

  This lack of scrolling does remind me s...
[2336] CREARE_ENTITAS       3002682f-bd43-509c-8b4d-8182897f4267 (LibroPagina)
[2337] PONERE_PROPRIETAS    3002682f-bd43-509c-8b4d-8182897f4267 (LibroPagina) titulus=pagina-9
[2338] ADDERE_RELATIO       3002682f-bd43-509c-8b4d-8182897f4267 (LibroPagina) --[est]--> f5fd3e63-c2cc-5256-a514-4b7764478f6d
[2339] ADDERE_NOTA          3002682f-bd43-509c-8b4d-8182897f4267 (LibroPagina) ##LibroPagina
[2340] PONERE_PROPRIETAS    3002682f-bd43-509c-8b4d-8182897f4267 (LibroPagina) ordo=9
[2341] PONERE_PROPRIETAS    3002682f-bd43-509c-8b4d-8182897f4267 (LibroPagina) name=pagina-9
[2342] PONERE_PROPRIETAS    3002682f-bd43-509c-8b4d-8182897f4267 (LibroPagina) contentum=

















































...
[2343] PONERE_PROPRIETAS    3002682f-bd43-509c-8b4d-8182897f4267 (LibroPagina) contentum=
	 #prev









































...
[2344] CREARE_ENTITAS       019b5b53-627a-775a-a386-2fb9681db5ef (Carta)
[2345] ADDERE_RELATIO       019b5b53-627a-775a-a386-2fb9681db5ef (Carta) --[est]--> 7d1298f2-e383-5d7b-92da-01297c423dda
[2346] ADDERE_RELATIO       9fbe57f3-ce3a-5dc1-ad0b-53c828ec440c (Schirma) --[continet]--> 019b5b53-627a-775a-a386-2fb9681db5ef
[2347] PONERE_PROPRIETAS    019b5b53-627a-775a-a386-2fb9681db5ef (Carta) textus=Nova carta
[2348] PONERE_PROPRIETAS    019b5b53-627a-775a-a386-2fb9681db5ef (Carta) x=206
[2349] PONERE_PROPRIETAS    019b5b53-627a-775a-a386-2fb9681db5ef (Carta) y=412
[2350] PONERE_PROPRIETAS    019b5b53-627a-775a-a386-2fb9681db5ef (Carta) z_index=64
[2351] PONERE_PROPRIETAS    019b5b53-627a-775a-a386-2fb9681db5ef (Carta) textus=Does event sourcing give you
atomic changes?
[2352] PONERE_PROPRIETAS    019b5b53-627a-775a-a386-2fb9681db5ef (Carta) x=216
[2353] PONERE_PROPRIETAS    019b5b53-627a-775a-a386-2fb9681db5ef (Carta) y=377
[2354] PONERE_PROPRIETAS    019b5b53-627a-775a-a386-2fb9681db5ef (Carta) z_index=65
[2355] PONERE_PROPRIETAS    3002682f-bd43-509c-8b4d-8182897f4267 (LibroPagina) contentum=
	 #prev
	 
	 
	 	 So it sounds like Eskil's layer...
[2356] PONERE_PROPRIETAS    3002682f-bd43-509c-8b4d-8182897f4267 (LibroPagina) contentum=
	 #prev
	 
	 
	 	 So it sounds like Eskil's layer...
[2357] PONERE_PROPRIETAS    3002682f-bd43-509c-8b4d-8182897f4267 (LibroPagina) contentum=
	 #prev
	 
	 
	 	 So it sounds like Eskil's layer...
[2358] PONERE_PROPRIETAS    3002682f-bd43-509c-8b4d-8182897f4267 (LibroPagina) contentum=
	 #prev
	 
	 
	 	 So it sounds like Eskil's layer...
[2359] PONERE_PROPRIETAS    3002682f-bd43-509c-8b4d-8182897f4267 (LibroPagina) contentum=
	 #prev
	 
	 
	 	 So it sounds like Eskil's layer...
[2360] PONERE_PROPRIETAS    3002682f-bd43-509c-8b4d-8182897f4267 (LibroPagina) contentum=
	 #prev
	 
	 
	 	 So it sounds like Eskil's layer...
[2361] PONERE_PROPRIETAS    3002682f-bd43-509c-8b4d-8182897f4267 (LibroPagina) contentum=
	 #prev
	 
	 
	 	 So it sounds like Eskil's layer...
[2362] PONERE_PROPRIETAS    3002682f-bd43-509c-8b4d-8182897f4267 (LibroPagina) contentum=
	 #prev
	 
	 
	 	 So it sounds like Eskil's layer...
[2363] PONERE_PROPRIETAS    3002682f-bd43-509c-8b4d-8182897f4267 (LibroPagina) contentum=
	 #prev
	 
	 
	 	 So it sounds like Eskil's layer...
[2364] PONERE_PROPRIETAS    3002682f-bd43-509c-8b4d-8182897f4267 (LibroPagina) contentum=
	 #prev
	 
	 
	 	 So it sounds like Eskil's layer...
[2365] PONERE_PROPRIETAS    3002682f-bd43-509c-8b4d-8182897f4267 (LibroPagina) contentum=
	 #prev
	 
	 
	 	 So it sounds like Eskil's layer...
[2366] PONERE_PROPRIETAS    3002682f-bd43-509c-8b4d-8182897f4267 (LibroPagina) contentum=
	 #prev
	 
	 
	 	 So it sounds like Eskil's layer...
[2367] PONERE_PROPRIETAS    3002682f-bd43-509c-8b4d-8182897f4267 (LibroPagina) contentum=
	 #prev
	 
	 
	 	 So it sounds like Eskil's layer...
[2368] PONERE_PROPRIETAS    3002682f-bd43-509c-8b4d-8182897f4267 (LibroPagina) contentum=
	 #prev
	 
	 
	 	 So it sounds like Eskil's layer...
[2369] CREARE_ENTITAS       019b5b62-49a0-7d71-b4c5-c34787517516 (Carta)
[2370] ADDERE_RELATIO       019b5b62-49a0-7d71-b4c5-c34787517516 (Carta) --[est]--> 7d1298f2-e383-5d7b-92da-01297c423dda
[2371] ADDERE_RELATIO       fd393f4b-4b5d-5a75-b6e6-e2bc73af8184 (Schirma) --[continet]--> 019b5b62-49a0-7d71-b4c5-c34787517516
[2372] PONERE_PROPRIETAS    019b5b62-49a0-7d71-b4c5-c34787517516 (Carta) textus=Nova carta
[2373] PONERE_PROPRIETAS    019b5b62-49a0-7d71-b4c5-c34787517516 (Carta) x=26
[2374] PONERE_PROPRIETAS    019b5b62-49a0-7d71-b4c5-c34787517516 (Carta) y=10
[2375] PONERE_PROPRIETAS    019b5b62-49a0-7d71-b4c5-c34787517516 (Carta) z_index=844
[2376] DELERE_ENTITAS       019b5b62-49a0-7d71-b4c5-c34787517516 (Carta)
[2377] PONERE_PROPRIETAS    019b5b1d-cfcb-7cce-964e-8ca1ad763d01 (Carta) z_index=844
[2378] PONERE_PROPRIETAS    c1fa2097-2b45-5f22-8539-e585386d4203 (ArcCaeliStatus) slug=data-layer
[2379] PONERE_PROPRIETAS    3002682f-bd43-509c-8b4d-8182897f4267 (LibroPagina) contentum=
	 #prev
	
	
	 	 So it sounds like Eskil's layers ...
[2380] CREARE_ENTITAS       afa6535c-cf02-50f1-8150-bd766d10809d (LibrumProgressus)
[2381] PONERE_PROPRIETAS    afa6535c-cf02-50f1-8150-bd766d10809d (LibrumProgressus) titulus=12333
[2382] ADDERE_RELATIO       afa6535c-cf02-50f1-8150-bd766d10809d (LibrumProgressus) --[est]--> 2993e15a-ff74-52cb-9700-b385e87e79d3
[2383] PONERE_PROPRIETAS    afa6535c-cf02-50f1-8150-bd766d10809d (LibrumProgressus) pagina_currens=1
[2384] CREARE_ENTITAS       44a6a52f-f0b7-54fd-bbf6-0851f7425bfb (LibrumProgressus)
[2385] PONERE_PROPRIETAS    44a6a52f-f0b7-54fd-bbf6-0851f7425bfb (LibrumProgressus) titulus=11080
[2386] ADDERE_RELATIO       44a6a52f-f0b7-54fd-bbf6-0851f7425bfb (LibrumProgressus) --[est]--> 2993e15a-ff74-52cb-9700-b385e87e79d3
[2387] PONERE_PROPRIETAS    44a6a52f-f0b7-54fd-bbf6-0851f7425bfb (LibrumProgressus) pagina_currens=1
[2388] PONERE_PROPRIETAS    44a6a52f-f0b7-54fd-bbf6-0851f7425bfb (LibrumProgressus) pagina_currens=2
[2389] CREARE_ENTITAS       bea8569f-4876-5432-8bdc-4e21dd39f5d0 (LibrumProgressus)
[2390] PONERE_PROPRIETAS    bea8569f-4876-5432-8bdc-4e21dd39f5d0 (LibrumProgressus) titulus=10430
[2391] ADDERE_RELATIO       bea8569f-4876-5432-8bdc-4e21dd39f5d0 (LibrumProgressus) --[est]--> 2993e15a-ff74-52cb-9700-b385e87e79d3
[2392] CREARE_ENTITAS       33040850-2a7f-58ab-897e-2fe21fac343e (LibrumProgressus)
[2393] PONERE_PROPRIETAS    33040850-2a7f-58ab-897e-2fe21fac343e (LibrumProgressus) titulus=12169
[2394] ADDERE_RELATIO       33040850-2a7f-58ab-897e-2fe21fac343e (LibrumProgressus) --[est]--> 2993e15a-ff74-52cb-9700-b385e87e79d3
[2395] PONERE_PROPRIETAS    33040850-2a7f-58ab-897e-2fe21fac343e (LibrumProgressus) pagina_currens=1
[2396] PONERE_PROPRIETAS    33040850-2a7f-58ab-897e-2fe21fac343e (LibrumProgressus) pagina_currens=2
[2397] PONERE_PROPRIETAS    33040850-2a7f-58ab-897e-2fe21fac343e (LibrumProgressus) pagina_currens=1
[2398] PONERE_PROPRIETAS    33040850-2a7f-58ab-897e-2fe21fac343e (LibrumProgressus) pagina_currens=0
[2399] PONERE_PROPRIETAS    33040850-2a7f-58ab-897e-2fe21fac343e (LibrumProgressus) pagina_currens=1
[2400] PONERE_PROPRIETAS    33040850-2a7f-58ab-897e-2fe21fac343e (LibrumProgressus) pagina_currens=2
[2401] PONERE_PROPRIETAS    33040850-2a7f-58ab-897e-2fe21fac343e (LibrumProgressus) pagina_currens=1
[2402] PONERE_PROPRIETAS    33040850-2a7f-58ab-897e-2fe21fac343e (LibrumProgressus) pagina_currens=0
[2403] CREARE_ENTITAS       43c2002e-18c3-5b0b-b64b-b93bacd68325 (LibrariumStatus)
[2404] PONERE_PROPRIETAS    43c2002e-18c3-5b0b-b64b-b93bacd68325 (LibrariumStatus) titulus=LibrariumStatus::6
[2405] ADDERE_RELATIO       43c2002e-18c3-5b0b-b64b-b93bacd68325 (LibrariumStatus) --[est]--> 3c5d275c-c478-5fa9-8f77-05c55b07039d
[2406] PONERE_PROPRIETAS    43c2002e-18c3-5b0b-b64b-b93bacd68325 (LibrariumStatus) modus=2
[2407] PONERE_PROPRIETAS    43c2002e-18c3-5b0b-b64b-b93bacd68325 (LibrariumStatus) categoria=0
[2408] PONERE_PROPRIETAS    43c2002e-18c3-5b0b-b64b-b93bacd68325 (LibrariumStatus) index_paginae=28
[2409] PONERE_PROPRIETAS    43c2002e-18c3-5b0b-b64b-b93bacd68325 (LibrariumStatus) index_selecta=0
[2410] PONERE_PROPRIETAS    43c2002e-18c3-5b0b-b64b-b93bacd68325 (LibrariumStatus) liber_currens=28
[2411] PONERE_PROPRIETAS    43c2002e-18c3-5b0b-b64b-b93bacd68325 (LibrariumStatus) pagina_lectio=0
[2412] PONERE_PROPRIETAS    43c2002e-18c3-5b0b-b64b-b93bacd68325 (LibrariumStatus) ordo=0
[2413] CREARE_ENTITAS       f8d904f6-efea-5db9-8b0a-e0a035f96066 (LibrumProgressus)
[2414] PONERE_PROPRIETAS    f8d904f6-efea-5db9-8b0a-e0a035f96066 (LibrumProgressus) titulus=12916
[2415] ADDERE_RELATIO       f8d904f6-efea-5db9-8b0a-e0a035f96066 (LibrumProgressus) --[est]--> 2993e15a-ff74-52cb-9700-b385e87e79d3
[2416] PONERE_PROPRIETAS    43c2002e-18c3-5b0b-b64b-b93bacd68325 (LibrariumStatus) modus=4
[2417] PONERE_PROPRIETAS    43c2002e-18c3-5b0b-b64b-b93bacd68325 (LibrariumStatus) index_paginae=29
[2418] PONERE_PROPRIETAS    43c2002e-18c3-5b0b-b64b-b93bacd68325 (LibrariumStatus) liber_currens=29
[2419] PONERE_PROPRIETAS    3002682f-bd43-509c-8b4d-8182897f4267 (LibroPagina) contentum=
	 #prev
	
	
	 	 So it sounds like Eskil's layers ...
[2420] PONERE_PROPRIETAS    3002682f-bd43-509c-8b4d-8182897f4267 (LibroPagina) contentum=
	 #prev
	
	
	 	 So it sounds like Eskil's layers ...
[2421] PONERE_PROPRIETAS    3002682f-bd43-509c-8b4d-8182897f4267 (LibroPagina) contentum=
	 #prev
	
	
	 	 So it sounds like Eskil's layers ...
[2422] PONERE_PROPRIETAS    3002682f-bd43-509c-8b4d-8182897f4267 (LibroPagina) contentum=
	 #prev
	
	
	 	 So it sounds like Eskil's layers ...
[2423] PONERE_PROPRIETAS    3002682f-bd43-509c-8b4d-8182897f4267 (LibroPagina) contentum=
	 #prev
	
	
	 	 So it sounds like Eskil's layers ...
[2424] PONERE_PROPRIETAS    3002682f-bd43-509c-8b4d-8182897f4267 (LibroPagina) contentum=
	 #prev
	
	
	 	 So it sounds like Eskil's layers ...
[2425] PONERE_PROPRIETAS    3002682f-bd43-509c-8b4d-8182897f4267 (LibroPagina) contentum=
	 #prev
	
	
	 	 So it sounds like Eskil's layers ...
[2426] PONERE_PROPRIETAS    78b82cda-6270-568b-ba73-3b546a439107 (LibrumProgressus) pagina_currens=27
[2427] PONERE_PROPRIETAS    78b82cda-6270-568b-ba73-3b546a439107 (LibrumProgressus) pagina_currens=26
[2428] PONERE_PROPRIETAS    78b82cda-6270-568b-ba73-3b546a439107 (LibrumProgressus) pagina_currens=25
[2429] PONERE_PROPRIETAS    78b82cda-6270-568b-ba73-3b546a439107 (LibrumProgressus) pagina_currens=24
[2430] PONERE_PROPRIETAS    78b82cda-6270-568b-ba73-3b546a439107 (LibrumProgressus) pagina_currens=23
[2431] PONERE_PROPRIETAS    78b82cda-6270-568b-ba73-3b546a439107 (LibrumProgressus) pagina_currens=22
[2432] PONERE_PROPRIETAS    78b82cda-6270-568b-ba73-3b546a439107 (LibrumProgressus) pagina_currens=21
[2433] PONERE_PROPRIETAS    78b82cda-6270-568b-ba73-3b546a439107 (LibrumProgressus) pagina_currens=20
[2434] PONERE_PROPRIETAS    78b82cda-6270-568b-ba73-3b546a439107 (LibrumProgressus) pagina_currens=19
[2435] PONERE_PROPRIETAS    78b82cda-6270-568b-ba73-3b546a439107 (LibrumProgressus) pagina_currens=18
[2436] PONERE_PROPRIETAS    78b82cda-6270-568b-ba73-3b546a439107 (LibrumProgressus) pagina_currens=17
[2437] PONERE_PROPRIETAS    78b82cda-6270-568b-ba73-3b546a439107 (LibrumProgressus) pagina_currens=16
[2438] PONERE_PROPRIETAS    78b82cda-6270-568b-ba73-3b546a439107 (LibrumProgressus) pagina_currens=15
[2439] PONERE_PROPRIETAS    78b82cda-6270-568b-ba73-3b546a439107 (LibrumProgressus) pagina_currens=14
[2440] PONERE_PROPRIETAS    78b82cda-6270-568b-ba73-3b546a439107 (LibrumProgressus) pagina_currens=13
[2441] PONERE_PROPRIETAS    78b82cda-6270-568b-ba73-3b546a439107 (LibrumProgressus) pagina_currens=12
[2442] PONERE_PROPRIETAS    78b82cda-6270-568b-ba73-3b546a439107 (LibrumProgressus) pagina_currens=11
[2443] PONERE_PROPRIETAS    78b82cda-6270-568b-ba73-3b546a439107 (LibrumProgressus) pagina_currens=10
[2444] PONERE_PROPRIETAS    78b82cda-6270-568b-ba73-3b546a439107 (LibrumProgressus) pagina_currens=9
[2445] PONERE_PROPRIETAS    78b82cda-6270-568b-ba73-3b546a439107 (LibrumProgressus) pagina_currens=8
[2446] PONERE_PROPRIETAS    78b82cda-6270-568b-ba73-3b546a439107 (LibrumProgressus) pagina_currens=7
[2447] PONERE_PROPRIETAS    78b82cda-6270-568b-ba73-3b546a439107 (LibrumProgressus) pagina_currens=6
[2448] PONERE_PROPRIETAS    78b82cda-6270-568b-ba73-3b546a439107 (LibrumProgressus) pagina_currens=5
[2449] PONERE_PROPRIETAS    78b82cda-6270-568b-ba73-3b546a439107 (LibrumProgressus) pagina_currens=4
[2450] PONERE_PROPRIETAS    78b82cda-6270-568b-ba73-3b546a439107 (LibrumProgressus) pagina_currens=3
[2451] PONERE_PROPRIETAS    78b82cda-6270-568b-ba73-3b546a439107 (LibrumProgressus) pagina_currens=2
[2452] PONERE_PROPRIETAS    78b82cda-6270-568b-ba73-3b546a439107 (LibrumProgressus) pagina_currens=1
[2453] PONERE_PROPRIETAS    78b82cda-6270-568b-ba73-3b546a439107 (LibrumProgressus) pagina_currens=0
[2454] PONERE_PROPRIETAS    78b82cda-6270-568b-ba73-3b546a439107 (LibrumProgressus) pagina_currens=1
[2455] PONERE_PROPRIETAS    78b82cda-6270-568b-ba73-3b546a439107 (LibrumProgressus) pagina_currens=0
[2456] PONERE_PROPRIETAS    78b82cda-6270-568b-ba73-3b546a439107 (LibrumProgressus) pagina_currens=1
[2457] PONERE_PROPRIETAS    78b82cda-6270-568b-ba73-3b546a439107 (LibrumProgressus) pagina_currens=2
[2458] PONERE_PROPRIETAS    78b82cda-6270-568b-ba73-3b546a439107 (LibrumProgressus) pagina_currens=3
[2459] PONERE_PROPRIETAS    78b82cda-6270-568b-ba73-3b546a439107 (LibrumProgressus) pagina_currens=4
[2460] PONERE_PROPRIETAS    78b82cda-6270-568b-ba73-3b546a439107 (LibrumProgressus) pagina_currens=5
[2461] PONERE_PROPRIETAS    78b82cda-6270-568b-ba73-3b546a439107 (LibrumProgressus) pagina_currens=6
[2462] PONERE_PROPRIETAS    78b82cda-6270-568b-ba73-3b546a439107 (LibrumProgressus) pagina_currens=7
[2463] PONERE_PROPRIETAS    78b82cda-6270-568b-ba73-3b546a439107 (LibrumProgressus) pagina_currens=8
[2464] PONERE_PROPRIETAS    78b82cda-6270-568b-ba73-3b546a439107 (LibrumProgressus) pagina_currens=9
[2465] PONERE_PROPRIETAS    78b82cda-6270-568b-ba73-3b546a439107 (LibrumProgressus) pagina_currens=10
[2466] PONERE_PROPRIETAS    78b82cda-6270-568b-ba73-3b546a439107 (LibrumProgressus) pagina_currens=11
[2467] PONERE_PROPRIETAS    78b82cda-6270-568b-ba73-3b546a439107 (LibrumProgressus) pagina_currens=12
[2468] PONERE_PROPRIETAS    78b82cda-6270-568b-ba73-3b546a439107 (LibrumProgressus) pagina_currens=13
[2469] PONERE_PROPRIETAS    78b82cda-6270-568b-ba73-3b546a439107 (LibrumProgressus) pagina_currens=14
[2470] PONERE_PROPRIETAS    78b82cda-6270-568b-ba73-3b546a439107 (LibrumProgressus) pagina_currens=15
[2471] PONERE_PROPRIETAS    78b82cda-6270-568b-ba73-3b546a439107 (LibrumProgressus) pagina_currens=16
[2472] PONERE_PROPRIETAS    78b82cda-6270-568b-ba73-3b546a439107 (LibrumProgressus) pagina_currens=17
[2473] PONERE_PROPRIETAS    78b82cda-6270-568b-ba73-3b546a439107 (LibrumProgressus) pagina_currens=18
[2474] PONERE_PROPRIETAS    78b82cda-6270-568b-ba73-3b546a439107 (LibrumProgressus) pagina_currens=19
[2475] PONERE_PROPRIETAS    78b82cda-6270-568b-ba73-3b546a439107 (LibrumProgressus) pagina_currens=20
[2476] PONERE_PROPRIETAS    78b82cda-6270-568b-ba73-3b546a439107 (LibrumProgressus) pagina_currens=19
[2477] PONERE_PROPRIETAS    78b82cda-6270-568b-ba73-3b546a439107 (LibrumProgressus) pagina_currens=20
[2478] PONERE_PROPRIETAS    78b82cda-6270-568b-ba73-3b546a439107 (LibrumProgressus) pagina_currens=21
[2479] PONERE_PROPRIETAS    78b82cda-6270-568b-ba73-3b546a439107 (LibrumProgressus) pagina_currens=22
[2480] PONERE_PROPRIETAS    78b82cda-6270-568b-ba73-3b546a439107 (LibrumProgressus) pagina_currens=23
[2481] PONERE_PROPRIETAS    78b82cda-6270-568b-ba73-3b546a439107 (LibrumProgressus) pagina_currens=24
[2482] PONERE_PROPRIETAS    78b82cda-6270-568b-ba73-3b546a439107 (LibrumProgressus) pagina_currens=25
[2483] PONERE_PROPRIETAS    78b82cda-6270-568b-ba73-3b546a439107 (LibrumProgressus) pagina_currens=26
[2484] PONERE_PROPRIETAS    78b82cda-6270-568b-ba73-3b546a439107 (LibrumProgressus) pagina_currens=27
[2485] PONERE_PROPRIETAS    78b82cda-6270-568b-ba73-3b546a439107 (LibrumProgressus) pagina_currens=28
[2486] PONERE_PROPRIETAS    78b82cda-6270-568b-ba73-3b546a439107 (LibrumProgressus) pagina_currens=27
[2487] PONERE_PROPRIETAS    78b82cda-6270-568b-ba73-3b546a439107 (LibrumProgressus) pagina_currens=28
[2488] PONERE_PROPRIETAS    78b82cda-6270-568b-ba73-3b546a439107 (LibrumProgressus) pagina_currens=29
[2489] PONERE_PROPRIETAS    78b82cda-6270-568b-ba73-3b546a439107 (LibrumProgressus) pagina_currens=28
[2490] CREARE_ENTITAS       d343e0c8-1b79-5a2f-b045-6d4ff319a945 (LibrumProgressus)
[2491] PONERE_PROPRIETAS    d343e0c8-1b79-5a2f-b045-6d4ff319a945 (LibrumProgressus) titulus=1005
[2492] ADDERE_RELATIO       d343e0c8-1b79-5a2f-b045-6d4ff319a945 (LibrumProgressus) --[est]--> 2993e15a-ff74-52cb-9700-b385e87e79d3
[2493] PONERE_PROPRIETAS    d343e0c8-1b79-5a2f-b045-6d4ff319a945 (LibrumProgressus) pagina_currens=1
[2494] PONERE_PROPRIETAS    d343e0c8-1b79-5a2f-b045-6d4ff319a945 (LibrumProgressus) pagina_currens=2
[2495] PONERE_PROPRIETAS    d343e0c8-1b79-5a2f-b045-6d4ff319a945 (LibrumProgressus) pagina_currens=3
[2496] PONERE_PROPRIETAS    d343e0c8-1b79-5a2f-b045-6d4ff319a945 (LibrumProgressus) pagina_currens=2
[2497] PONERE_PROPRIETAS    d343e0c8-1b79-5a2f-b045-6d4ff319a945 (LibrumProgressus) pagina_currens=1
[2498] PONERE_PROPRIETAS    d343e0c8-1b79-5a2f-b045-6d4ff319a945 (LibrumProgressus) pagina_currens=0
[2499] PONERE_PROPRIETAS    d343e0c8-1b79-5a2f-b045-6d4ff319a945 (LibrumProgressus) pagina_currens=1
[2500] PONERE_PROPRIETAS    d343e0c8-1b79-5a2f-b045-6d4ff319a945 (LibrumProgressus) pagina_currens=0
[2501] PONERE_PROPRIETAS    d343e0c8-1b79-5a2f-b045-6d4ff319a945 (LibrumProgressus) pagina_currens=1
[2502] CREARE_ENTITAS       768e4a2c-cadd-5c4a-9466-de7d54ea2e9e (LibrumProgressus)
[2503] PONERE_PROPRIETAS    768e4a2c-cadd-5c4a-9466-de7d54ea2e9e (LibrumProgressus) titulus=1004
[2504] ADDERE_RELATIO       768e4a2c-cadd-5c4a-9466-de7d54ea2e9e (LibrumProgressus) --[est]--> 2993e15a-ff74-52cb-9700-b385e87e79d3
[2505] PONERE_PROPRIETAS    768e4a2c-cadd-5c4a-9466-de7d54ea2e9e (LibrumProgressus) pagina_currens=1
[2506] PONERE_PROPRIETAS    768e4a2c-cadd-5c4a-9466-de7d54ea2e9e (LibrumProgressus) pagina_currens=2
[2507] PONERE_PROPRIETAS    768e4a2c-cadd-5c4a-9466-de7d54ea2e9e (LibrumProgressus) pagina_currens=3
[2508] PONERE_PROPRIETAS    768e4a2c-cadd-5c4a-9466-de7d54ea2e9e (LibrumProgressus) pagina_currens=4
[2509] CREARE_ENTITAS       3a9529d3-2d17-5290-a25e-c02b8c6deb94 (LibrumProgressus)
[2510] PONERE_PROPRIETAS    3a9529d3-2d17-5290-a25e-c02b8c6deb94 (LibrumProgressus) titulus=10941
[2511] ADDERE_RELATIO       3a9529d3-2d17-5290-a25e-c02b8c6deb94 (LibrumProgressus) --[est]--> 2993e15a-ff74-52cb-9700-b385e87e79d3
[2512] PONERE_PROPRIETAS    3a9529d3-2d17-5290-a25e-c02b8c6deb94 (LibrumProgressus) pagina_currens=1
[2513] CREARE_ENTITAS       ec2495fd-6ba3-5d0a-a774-50de1106658f (LibrumProgressus)
[2514] PONERE_PROPRIETAS    ec2495fd-6ba3-5d0a-a774-50de1106658f (LibrumProgressus) titulus=12812
[2515] ADDERE_RELATIO       ec2495fd-6ba3-5d0a-a774-50de1106658f (LibrumProgressus) --[est]--> 2993e15a-ff74-52cb-9700-b385e87e79d3
[2516] PONERE_PROPRIETAS    ec2495fd-6ba3-5d0a-a774-50de1106658f (LibrumProgressus) pagina_currens=1
[2517] PONERE_PROPRIETAS    ec2495fd-6ba3-5d0a-a774-50de1106658f (LibrumProgressus) pagina_currens=2
[2518] PONERE_PROPRIETAS    ec2495fd-6ba3-5d0a-a774-50de1106658f (LibrumProgressus) pagina_currens=1
[2519] CREARE_ENTITAS       444bf47c-0ec6-58bc-a8db-7e524f5e3e1d (LibrumProgressus)
[2520] PONERE_PROPRIETAS    444bf47c-0ec6-58bc-a8db-7e524f5e3e1d (LibrumProgressus) titulus=1200
[2521] ADDERE_RELATIO       444bf47c-0ec6-58bc-a8db-7e524f5e3e1d (LibrumProgressus) --[est]--> 2993e15a-ff74-52cb-9700-b385e87e79d3
[2522] PONERE_PROPRIETAS    444bf47c-0ec6-58bc-a8db-7e524f5e3e1d (LibrumProgressus) pagina_currens=1
[2523] PONERE_PROPRIETAS    444bf47c-0ec6-58bc-a8db-7e524f5e3e1d (LibrumProgressus) pagina_currens=2
[2524] PONERE_PROPRIETAS    444bf47c-0ec6-58bc-a8db-7e524f5e3e1d (LibrumProgressus) pagina_currens=1
[2525] PONERE_PROPRIETAS    444bf47c-0ec6-58bc-a8db-7e524f5e3e1d (LibrumProgressus) pagina_currens=2
[2526] PONERE_PROPRIETAS    444bf47c-0ec6-58bc-a8db-7e524f5e3e1d (LibrumProgressus) pagina_currens=3
[2527] PONERE_PROPRIETAS    444bf47c-0ec6-58bc-a8db-7e524f5e3e1d (LibrumProgressus) pagina_currens=4
[2528] PONERE_PROPRIETAS    444bf47c-0ec6-58bc-a8db-7e524f5e3e1d (LibrumProgressus) pagina_currens=5
[2529] PONERE_PROPRIETAS    444bf47c-0ec6-58bc-a8db-7e524f5e3e1d (LibrumProgressus) pagina_currens=6
[2530] PONERE_PROPRIETAS    444bf47c-0ec6-58bc-a8db-7e524f5e3e1d (LibrumProgressus) pagina_currens=7
[2531] PONERE_PROPRIETAS    444bf47c-0ec6-58bc-a8db-7e524f5e3e1d (LibrumProgressus) pagina_currens=8
[2532] PONERE_PROPRIETAS    444bf47c-0ec6-58bc-a8db-7e524f5e3e1d (LibrumProgressus) pagina_currens=9
[2533] PONERE_PROPRIETAS    444bf47c-0ec6-58bc-a8db-7e524f5e3e1d (LibrumProgressus) pagina_currens=10
[2534] PONERE_PROPRIETAS    444bf47c-0ec6-58bc-a8db-7e524f5e3e1d (LibrumProgressus) pagina_currens=11
[2535] PONERE_PROPRIETAS    444bf47c-0ec6-58bc-a8db-7e524f5e3e1d (LibrumProgressus) pagina_currens=12
[2536] PONERE_PROPRIETAS    444bf47c-0ec6-58bc-a8db-7e524f5e3e1d (LibrumProgressus) pagina_currens=13
[2537] PONERE_PROPRIETAS    444bf47c-0ec6-58bc-a8db-7e524f5e3e1d (LibrumProgressus) pagina_currens=14
[2538] PONERE_PROPRIETAS    444bf47c-0ec6-58bc-a8db-7e524f5e3e1d (LibrumProgressus) pagina_currens=15
[2539] PONERE_PROPRIETAS    444bf47c-0ec6-58bc-a8db-7e524f5e3e1d (LibrumProgressus) pagina_currens=16
[2540] PONERE_PROPRIETAS    444bf47c-0ec6-58bc-a8db-7e524f5e3e1d (LibrumProgressus) pagina_currens=15
[2541] CREARE_ENTITAS       bd19ce5d-e45a-5148-bb15-d3cefc2d223e (LibrumProgressus)
[2542] PONERE_PROPRIETAS    bd19ce5d-e45a-5148-bb15-d3cefc2d223e (LibrumProgressus) titulus=1094
[2543] ADDERE_RELATIO       bd19ce5d-e45a-5148-bb15-d3cefc2d223e (LibrumProgressus) --[est]--> 2993e15a-ff74-52cb-9700-b385e87e79d3
[2544] PONERE_PROPRIETAS    bd19ce5d-e45a-5148-bb15-d3cefc2d223e (LibrumProgressus) pagina_currens=1
[2545] PONERE_PROPRIETAS    bd19ce5d-e45a-5148-bb15-d3cefc2d223e (LibrumProgressus) pagina_currens=2
[2546] PONERE_PROPRIETAS    bd19ce5d-e45a-5148-bb15-d3cefc2d223e (LibrumProgressus) pagina_currens=3
[2547] PONERE_PROPRIETAS    bd19ce5d-e45a-5148-bb15-d3cefc2d223e (LibrumProgressus) pagina_currens=2
[2548] PONERE_PROPRIETAS    bd19ce5d-e45a-5148-bb15-d3cefc2d223e (LibrumProgressus) pagina_currens=3
[2549] CREARE_ENTITAS       fd26ab80-6ab4-5c14-a42a-482ab694b6a8 (LibrumProgressus)
[2550] PONERE_PROPRIETAS    fd26ab80-6ab4-5c14-a42a-482ab694b6a8 (LibrumProgressus) titulus=12693
[2551] ADDERE_RELATIO       fd26ab80-6ab4-5c14-a42a-482ab694b6a8 (LibrumProgressus) --[est]--> 2993e15a-ff74-52cb-9700-b385e87e79d3
[2552] PONERE_PROPRIETAS    fd26ab80-6ab4-5c14-a42a-482ab694b6a8 (LibrumProgressus) pagina_currens=1
[2553] CREARE_ENTITAS       36f03dd5-5956-54fa-ba7b-d810709f0b4a (LibrariumStatus)
[2554] PONERE_PROPRIETAS    36f03dd5-5956-54fa-ba7b-d810709f0b4a (LibrariumStatus) titulus=LibrariumStatus::5
[2555] ADDERE_RELATIO       36f03dd5-5956-54fa-ba7b-d810709f0b4a (LibrariumStatus) --[est]--> 3c5d275c-c478-5fa9-8f77-05c55b07039d
[2556] PONERE_PROPRIETAS    36f03dd5-5956-54fa-ba7b-d810709f0b4a (LibrariumStatus) modus=4
[2557] PONERE_PROPRIETAS    36f03dd5-5956-54fa-ba7b-d810709f0b4a (LibrariumStatus) categoria=0
[2558] PONERE_PROPRIETAS    36f03dd5-5956-54fa-ba7b-d810709f0b4a (LibrariumStatus) index_paginae=68
[2559] PONERE_PROPRIETAS    36f03dd5-5956-54fa-ba7b-d810709f0b4a (LibrariumStatus) index_selecta=0
[2560] PONERE_PROPRIETAS    36f03dd5-5956-54fa-ba7b-d810709f0b4a (LibrariumStatus) liber_currens=68
[2561] PONERE_PROPRIETAS    36f03dd5-5956-54fa-ba7b-d810709f0b4a (LibrariumStatus) pagina_lectio=1
[2562] PONERE_PROPRIETAS    36f03dd5-5956-54fa-ba7b-d810709f0b4a (LibrariumStatus) ordo=0
[2563] PONERE_PROPRIETAS    5487895b-e26e-51c6-8f43-0b9062e2fb76 (LibrumProgressus) modus_sententiae=1
[2564] PONERE_PROPRIETAS    5487895b-e26e-51c6-8f43-0b9062e2fb76 (LibrumProgressus) sententia_currens=0
[2565] PONERE_PROPRIETAS    5487895b-e26e-51c6-8f43-0b9062e2fb76 (LibrumProgressus) sententia_currens=1
[2566] PONERE_PROPRIETAS    5487895b-e26e-51c6-8f43-0b9062e2fb76 (LibrumProgressus) sententia_currens=2
[2567] PONERE_PROPRIETAS    5487895b-e26e-51c6-8f43-0b9062e2fb76 (LibrumProgressus) sententia_currens=3
[2568] PONERE_PROPRIETAS    5487895b-e26e-51c6-8f43-0b9062e2fb76 (LibrumProgressus) sententia_currens=4
[2569] PONERE_PROPRIETAS    5487895b-e26e-51c6-8f43-0b9062e2fb76 (LibrumProgressus) sententia_currens=5
[2570] PONERE_PROPRIETAS    5487895b-e26e-51c6-8f43-0b9062e2fb76 (LibrumProgressus) sententia_currens=6
[2571] PONERE_PROPRIETAS    5487895b-e26e-51c6-8f43-0b9062e2fb76 (LibrumProgressus) sententia_currens=7
[2572] PONERE_PROPRIETAS    5487895b-e26e-51c6-8f43-0b9062e2fb76 (LibrumProgressus) sententia_currens=8
[2573] PONERE_PROPRIETAS    5487895b-e26e-51c6-8f43-0b9062e2fb76 (LibrumProgressus) sententia_currens=9
[2574] PONERE_PROPRIETAS    5487895b-e26e-51c6-8f43-0b9062e2fb76 (LibrumProgressus) sententia_currens=10
[2575] PONERE_PROPRIETAS    5487895b-e26e-51c6-8f43-0b9062e2fb76 (LibrumProgressus) sententia_currens=11
[2576] PONERE_PROPRIETAS    5487895b-e26e-51c6-8f43-0b9062e2fb76 (LibrumProgressus) sententia_currens=12
[2577] PONERE_PROPRIETAS    5487895b-e26e-51c6-8f43-0b9062e2fb76 (LibrumProgressus) sententia_currens=13
[2578] PONERE_PROPRIETAS    5487895b-e26e-51c6-8f43-0b9062e2fb76 (LibrumProgressus) sententia_currens=14
[2579] PONERE_PROPRIETAS    5487895b-e26e-51c6-8f43-0b9062e2fb76 (LibrumProgressus) sententia_currens=15
[2580] PONERE_PROPRIETAS    5487895b-e26e-51c6-8f43-0b9062e2fb76 (LibrumProgressus) sententia_currens=16
[2581] PONERE_PROPRIETAS    5487895b-e26e-51c6-8f43-0b9062e2fb76 (LibrumProgressus) sententia_currens=17
[2582] PONERE_PROPRIETAS    5487895b-e26e-51c6-8f43-0b9062e2fb76 (LibrumProgressus) sententia_currens=18
[2583] PONERE_PROPRIETAS    5487895b-e26e-51c6-8f43-0b9062e2fb76 (LibrumProgressus) sententia_currens=17
[2584] PONERE_PROPRIETAS    5487895b-e26e-51c6-8f43-0b9062e2fb76 (LibrumProgressus) sententia_currens=16
[2585] PONERE_PROPRIETAS    5487895b-e26e-51c6-8f43-0b9062e2fb76 (LibrumProgressus) sententia_currens=15
[2586] PONERE_PROPRIETAS    5487895b-e26e-51c6-8f43-0b9062e2fb76 (LibrumProgressus) sententia_currens=14
[2587] PONERE_PROPRIETAS    5487895b-e26e-51c6-8f43-0b9062e2fb76 (LibrumProgressus) sententia_currens=13
[2588] PONERE_PROPRIETAS    5487895b-e26e-51c6-8f43-0b9062e2fb76 (LibrumProgressus) sententia_currens=12
[2589] PONERE_PROPRIETAS    5487895b-e26e-51c6-8f43-0b9062e2fb76 (LibrumProgressus) sententia_currens=11
[2590] PONERE_PROPRIETAS    5487895b-e26e-51c6-8f43-0b9062e2fb76 (LibrumProgressus) sententia_currens=10
[2591] PONERE_PROPRIETAS    5487895b-e26e-51c6-8f43-0b9062e2fb76 (LibrumProgressus) sententia_currens=9
[2592] PONERE_PROPRIETAS    5487895b-e26e-51c6-8f43-0b9062e2fb76 (LibrumProgressus) sententia_currens=8
[2593] PONERE_PROPRIETAS    5487895b-e26e-51c6-8f43-0b9062e2fb76 (LibrumProgressus) sententia_currens=7
[2594] PONERE_PROPRIETAS    5487895b-e26e-51c6-8f43-0b9062e2fb76 (LibrumProgressus) sententia_currens=6
[2595] PONERE_PROPRIETAS    5487895b-e26e-51c6-8f43-0b9062e2fb76 (LibrumProgressus) sententia_currens=5
[2596] PONERE_PROPRIETAS    5487895b-e26e-51c6-8f43-0b9062e2fb76 (LibrumProgressus) sententia_currens=4
[2597] PONERE_PROPRIETAS    5487895b-e26e-51c6-8f43-0b9062e2fb76 (LibrumProgressus) sententia_currens=3
[2598] PONERE_PROPRIETAS    5487895b-e26e-51c6-8f43-0b9062e2fb76 (LibrumProgressus) sententia_currens=2
[2599] PONERE_PROPRIETAS    5487895b-e26e-51c6-8f43-0b9062e2fb76 (LibrumProgressus) sententia_currens=1
[2600] PONERE_PROPRIETAS    5487895b-e26e-51c6-8f43-0b9062e2fb76 (LibrumProgressus) sententia_currens=0
[2601] PONERE_PROPRIETAS    5487895b-e26e-51c6-8f43-0b9062e2fb76 (LibrumProgressus) sententia_currens=1
[2602] PONERE_PROPRIETAS    5487895b-e26e-51c6-8f43-0b9062e2fb76 (LibrumProgressus) sententia_currens=2
[2603] PONERE_PROPRIETAS    5487895b-e26e-51c6-8f43-0b9062e2fb76 (LibrumProgressus) sententia_currens=3
[2604] PONERE_PROPRIETAS    5487895b-e26e-51c6-8f43-0b9062e2fb76 (LibrumProgressus) sententia_currens=4
[2605] PONERE_PROPRIETAS    5487895b-e26e-51c6-8f43-0b9062e2fb76 (LibrumProgressus) sententia_currens=5
[2606] PONERE_PROPRIETAS    5487895b-e26e-51c6-8f43-0b9062e2fb76 (LibrumProgressus) sententia_currens=6
[2607] PONERE_PROPRIETAS    5487895b-e26e-51c6-8f43-0b9062e2fb76 (LibrumProgressus) sententia_currens=7
[2608] PONERE_PROPRIETAS    5487895b-e26e-51c6-8f43-0b9062e2fb76 (LibrumProgressus) sententia_currens=8
[2609] PONERE_PROPRIETAS    5487895b-e26e-51c6-8f43-0b9062e2fb76 (LibrumProgressus) sententia_currens=9
[2610] PONERE_PROPRIETAS    5487895b-e26e-51c6-8f43-0b9062e2fb76 (LibrumProgressus) sententia_currens=10
[2611] PONERE_PROPRIETAS    5487895b-e26e-51c6-8f43-0b9062e2fb76 (LibrumProgressus) sententia_currens=11
[2612] PONERE_PROPRIETAS    5487895b-e26e-51c6-8f43-0b9062e2fb76 (LibrumProgressus) sententia_currens=12
[2613] PONERE_PROPRIETAS    5487895b-e26e-51c6-8f43-0b9062e2fb76 (LibrumProgressus) sententia_currens=13
[2614] PONERE_PROPRIETAS    5487895b-e26e-51c6-8f43-0b9062e2fb76 (LibrumProgressus) sententia_currens=14
[2615] PONERE_PROPRIETAS    5487895b-e26e-51c6-8f43-0b9062e2fb76 (LibrumProgressus) sententia_currens=15
[2616] PONERE_PROPRIETAS    5487895b-e26e-51c6-8f43-0b9062e2fb76 (LibrumProgressus) sententia_currens=16
[2617] PONERE_PROPRIETAS    5487895b-e26e-51c6-8f43-0b9062e2fb76 (LibrumProgressus) sententia_currens=17
[2618] PONERE_PROPRIETAS    5487895b-e26e-51c6-8f43-0b9062e2fb76 (LibrumProgressus) sententia_currens=18
[2619] PONERE_PROPRIETAS    5487895b-e26e-51c6-8f43-0b9062e2fb76 (LibrumProgressus) sententia_currens=19
[2620] PONERE_PROPRIETAS    5487895b-e26e-51c6-8f43-0b9062e2fb76 (LibrumProgressus) sententia_currens=18
[2621] PONERE_PROPRIETAS    5487895b-e26e-51c6-8f43-0b9062e2fb76 (LibrumProgressus) sententia_currens=17
[2622] PONERE_PROPRIETAS    5487895b-e26e-51c6-8f43-0b9062e2fb76 (LibrumProgressus) sententia_currens=16
[2623] PONERE_PROPRIETAS    5487895b-e26e-51c6-8f43-0b9062e2fb76 (LibrumProgressus) modus_sententiae=0
[2624] PONERE_PROPRIETAS    5487895b-e26e-51c6-8f43-0b9062e2fb76 (LibrumProgressus) modus_sententiae=1
[2625] PONERE_PROPRIETAS    5487895b-e26e-51c6-8f43-0b9062e2fb76 (LibrumProgressus) sententia_currens=17
[2626] PONERE_PROPRIETAS    5487895b-e26e-51c6-8f43-0b9062e2fb76 (LibrumProgressus) sententia_currens=18
[2627] PONERE_PROPRIETAS    5487895b-e26e-51c6-8f43-0b9062e2fb76 (LibrumProgressus) sententia_currens=19
[2628] PONERE_PROPRIETAS    5487895b-e26e-51c6-8f43-0b9062e2fb76 (LibrumProgressus) sententia_currens=20
[2629] PONERE_PROPRIETAS    5487895b-e26e-51c6-8f43-0b9062e2fb76 (LibrumProgressus) sententia_currens=21
[2630] PONERE_PROPRIETAS    5487895b-e26e-51c6-8f43-0b9062e2fb76 (LibrumProgressus) sententia_currens=22
[2631] PONERE_PROPRIETAS    5487895b-e26e-51c6-8f43-0b9062e2fb76 (LibrumProgressus) sententia_currens=23
[2632] PONERE_PROPRIETAS    5487895b-e26e-51c6-8f43-0b9062e2fb76 (LibrumProgressus) sententia_currens=24
[2633] PONERE_PROPRIETAS    5487895b-e26e-51c6-8f43-0b9062e2fb76 (LibrumProgressus) sententia_currens=25
[2634] PONERE_PROPRIETAS    5487895b-e26e-51c6-8f43-0b9062e2fb76 (LibrumProgressus) sententia_currens=26
[2635] PONERE_PROPRIETAS    5487895b-e26e-51c6-8f43-0b9062e2fb76 (LibrumProgressus) sententia_currens=27
[2636] PONERE_PROPRIETAS    5487895b-e26e-51c6-8f43-0b9062e2fb76 (LibrumProgressus) sententia_currens=28
[2637] PONERE_PROPRIETAS    5487895b-e26e-51c6-8f43-0b9062e2fb76 (LibrumProgressus) sententia_currens=29
[2638] PONERE_PROPRIETAS    5487895b-e26e-51c6-8f43-0b9062e2fb76 (LibrumProgressus) sententia_currens=30
[2639] PONERE_PROPRIETAS    5487895b-e26e-51c6-8f43-0b9062e2fb76 (LibrumProgressus) sententia_currens=29
[2640] PONERE_PROPRIETAS    5487895b-e26e-51c6-8f43-0b9062e2fb76 (LibrumProgressus) sententia_currens=30
[2641] PONERE_PROPRIETAS    5487895b-e26e-51c6-8f43-0b9062e2fb76 (LibrumProgressus) sententia_currens=29
[2642] PONERE_PROPRIETAS    5487895b-e26e-51c6-8f43-0b9062e2fb76 (LibrumProgressus) sententia_currens=30
[2643] PONERE_PROPRIETAS    5487895b-e26e-51c6-8f43-0b9062e2fb76 (LibrumProgressus) sententia_currens=29
[2644] PONERE_PROPRIETAS    5487895b-e26e-51c6-8f43-0b9062e2fb76 (LibrumProgressus) sententia_currens=28
[2645] PONERE_PROPRIETAS    5487895b-e26e-51c6-8f43-0b9062e2fb76 (LibrumProgressus) sententia_currens=29
[2646] PONERE_PROPRIETAS    5487895b-e26e-51c6-8f43-0b9062e2fb76 (LibrumProgressus) sententia_currens=28
[2647] PONERE_PROPRIETAS    5487895b-e26e-51c6-8f43-0b9062e2fb76 (LibrumProgressus) sententia_currens=29
[2648] PONERE_PROPRIETAS    5487895b-e26e-51c6-8f43-0b9062e2fb76 (LibrumProgressus) sententia_currens=30
[2649] PONERE_PROPRIETAS    5487895b-e26e-51c6-8f43-0b9062e2fb76 (LibrumProgressus) sententia_currens=31
[2650] PONERE_PROPRIETAS    5487895b-e26e-51c6-8f43-0b9062e2fb76 (LibrumProgressus) sententia_currens=32
[2651] PONERE_PROPRIETAS    5487895b-e26e-51c6-8f43-0b9062e2fb76 (LibrumProgressus) sententia_currens=33
[2652] PONERE_PROPRIETAS    5487895b-e26e-51c6-8f43-0b9062e2fb76 (LibrumProgressus) sententia_currens=34
[2653] PONERE_PROPRIETAS    5487895b-e26e-51c6-8f43-0b9062e2fb76 (LibrumProgressus) sententia_currens=35
[2654] PONERE_PROPRIETAS    5487895b-e26e-51c6-8f43-0b9062e2fb76 (LibrumProgressus) sententia_currens=36
[2655] PONERE_PROPRIETAS    5487895b-e26e-51c6-8f43-0b9062e2fb76 (LibrumProgressus) sententia_currens=37
[2656] PONERE_PROPRIETAS    5487895b-e26e-51c6-8f43-0b9062e2fb76 (LibrumProgressus) sententia_currens=38
[2657] PONERE_PROPRIETAS    5487895b-e26e-51c6-8f43-0b9062e2fb76 (LibrumProgressus) sententia_currens=39
[2658] PONERE_PROPRIETAS    5487895b-e26e-51c6-8f43-0b9062e2fb76 (LibrumProgressus) sententia_currens=40
[2659] PONERE_PROPRIETAS    5487895b-e26e-51c6-8f43-0b9062e2fb76 (LibrumProgressus) sententia_currens=41
[2660] PONERE_PROPRIETAS    5487895b-e26e-51c6-8f43-0b9062e2fb76 (LibrumProgressus) sententia_currens=42
[2661] PONERE_PROPRIETAS    5487895b-e26e-51c6-8f43-0b9062e2fb76 (LibrumProgressus) sententia_currens=43
[2662] PONERE_PROPRIETAS    5487895b-e26e-51c6-8f43-0b9062e2fb76 (LibrumProgressus) sententia_currens=44
[2663] PONERE_PROPRIETAS    5487895b-e26e-51c6-8f43-0b9062e2fb76 (LibrumProgressus) sententia_currens=45
[2664] PONERE_PROPRIETAS    5487895b-e26e-51c6-8f43-0b9062e2fb76 (LibrumProgressus) sententia_currens=46
[2665] PONERE_PROPRIETAS    5487895b-e26e-51c6-8f43-0b9062e2fb76 (LibrumProgressus) sententia_currens=47
[2666] PONERE_PROPRIETAS    5487895b-e26e-51c6-8f43-0b9062e2fb76 (LibrumProgressus) sententia_currens=48
[2667] PONERE_PROPRIETAS    5487895b-e26e-51c6-8f43-0b9062e2fb76 (LibrumProgressus) sententia_currens=49
[2668] PONERE_PROPRIETAS    5487895b-e26e-51c6-8f43-0b9062e2fb76 (LibrumProgressus) sententia_currens=50
[2669] PONERE_PROPRIETAS    5487895b-e26e-51c6-8f43-0b9062e2fb76 (LibrumProgressus) sententia_currens=51
[2670] PONERE_PROPRIETAS    5487895b-e26e-51c6-8f43-0b9062e2fb76 (LibrumProgressus) sententia_currens=52
[2671] PONERE_PROPRIETAS    5487895b-e26e-51c6-8f43-0b9062e2fb76 (LibrumProgressus) sententia_currens=53
[2672] PONERE_PROPRIETAS    5487895b-e26e-51c6-8f43-0b9062e2fb76 (LibrumProgressus) sententia_currens=54
[2673] PONERE_PROPRIETAS    5487895b-e26e-51c6-8f43-0b9062e2fb76 (LibrumProgressus) sententia_currens=55
[2674] PONERE_PROPRIETAS    5487895b-e26e-51c6-8f43-0b9062e2fb76 (LibrumProgressus) sententia_currens=56
[2675] PONERE_PROPRIETAS    5487895b-e26e-51c6-8f43-0b9062e2fb76 (LibrumProgressus) sententia_currens=57
[2676] PONERE_PROPRIETAS    5487895b-e26e-51c6-8f43-0b9062e2fb76 (LibrumProgressus) sententia_currens=58
[2677] PONERE_PROPRIETAS    5487895b-e26e-51c6-8f43-0b9062e2fb76 (LibrumProgressus) sententia_currens=59
[2678] PONERE_PROPRIETAS    5487895b-e26e-51c6-8f43-0b9062e2fb76 (LibrumProgressus) sententia_currens=58
[2679] PONERE_PROPRIETAS    5487895b-e26e-51c6-8f43-0b9062e2fb76 (LibrumProgressus) sententia_currens=59
[2680] PONERE_PROPRIETAS    5487895b-e26e-51c6-8f43-0b9062e2fb76 (LibrumProgressus) sententia_currens=60
[2681] PONERE_PROPRIETAS    5487895b-e26e-51c6-8f43-0b9062e2fb76 (LibrumProgressus) sententia_currens=61
[2682] PONERE_PROPRIETAS    5487895b-e26e-51c6-8f43-0b9062e2fb76 (LibrumProgressus) sententia_currens=62
[2683] PONERE_PROPRIETAS    5487895b-e26e-51c6-8f43-0b9062e2fb76 (LibrumProgressus) sententia_currens=63
[2684] PONERE_PROPRIETAS    5487895b-e26e-51c6-8f43-0b9062e2fb76 (LibrumProgressus) sententia_currens=64
[2685] PONERE_PROPRIETAS    5487895b-e26e-51c6-8f43-0b9062e2fb76 (LibrumProgressus) sententia_currens=65
[2686] PONERE_PROPRIETAS    5487895b-e26e-51c6-8f43-0b9062e2fb76 (LibrumProgressus) sententia_currens=66
[2687] PONERE_PROPRIETAS    5487895b-e26e-51c6-8f43-0b9062e2fb76 (LibrumProgressus) sententia_currens=67
[2688] PONERE_PROPRIETAS    5487895b-e26e-51c6-8f43-0b9062e2fb76 (LibrumProgressus) sententia_currens=68
[2689] PONERE_PROPRIETAS    5487895b-e26e-51c6-8f43-0b9062e2fb76 (LibrumProgressus) sententia_currens=69
[2690] PONERE_PROPRIETAS    36f03dd5-5956-54fa-ba7b-d810709f0b4a (LibrariumStatus) index_paginae=0
[2691] PONERE_PROPRIETAS    36f03dd5-5956-54fa-ba7b-d810709f0b4a (LibrariumStatus) liber_currens=0
[2692] PONERE_PROPRIETAS    36f03dd5-5956-54fa-ba7b-d810709f0b4a (LibrariumStatus) pagina_lectio=0
[2693] PONERE_PROPRIETAS    019b3e84-8992-7aa1-be98-0e261556aa50 (Carta) z_index=845
[2694] CREARE_ENTITAS       019b5cb5-69a3-77fa-82b9-d2730c9f6ed4 (Carta)
[2695] ADDERE_RELATIO       019b5cb5-69a3-77fa-82b9-d2730c9f6ed4 (Carta) --[est]--> 7d1298f2-e383-5d7b-92da-01297c423dda
[2696] ADDERE_RELATIO       900896a7-9909-5493-96bc-9a7fa4e5324c (Schirma) --[continet]--> 019b5cb5-69a3-77fa-82b9-d2730c9f6ed4
[2697] PONERE_PROPRIETAS    019b5cb5-69a3-77fa-82b9-d2730c9f6ed4 (Carta) textus=Nova carta
[2698] PONERE_PROPRIETAS    019b5cb5-69a3-77fa-82b9-d2730c9f6ed4 (Carta) x=94
[2699] PONERE_PROPRIETAS    019b5cb5-69a3-77fa-82b9-d2730c9f6ed4 (Carta) y=139
[2700] PONERE_PROPRIETAS    019b5cb5-69a3-77fa-82b9-d2730c9f6ed4 (Carta) z_index=58
[2701] PONERE_PROPRIETAS    019b5cb5-69a3-77fa-82b9-d2730c9f6ed4 (Carta) textus=snapshot testing with screenshots
[2702] PONERE_PROPRIETAS    019b5cb5-69a3-77fa-82b9-d2730c9f6ed4 (Carta) x=8
[2703] PONERE_PROPRIETAS    019b5cb5-69a3-77fa-82b9-d2730c9f6ed4 (Carta) y=124
[2704] PONERE_PROPRIETAS    019b5cb5-69a3-77fa-82b9-d2730c9f6ed4 (Carta) z_index=60
[2705] PONERE_PROPRIETAS    c1fa2097-2b45-5f22-8539-e585386d4203 (ArcCaeliStatus) slug=cool-ideas
[2706] PONERE_PROPRIETAS    5487895b-e26e-51c6-8f43-0b9062e2fb76 (LibrumProgressus) sententia_currens=70
[2707] PONERE_PROPRIETAS    5487895b-e26e-51c6-8f43-0b9062e2fb76 (LibrumProgressus) sententia_currens=71
[2708] PONERE_PROPRIETAS    5487895b-e26e-51c6-8f43-0b9062e2fb76 (LibrumProgressus) sententia_currens=72
[2709] PONERE_PROPRIETAS    5487895b-e26e-51c6-8f43-0b9062e2fb76 (LibrumProgressus) sententia_currens=73
[2710] PONERE_PROPRIETAS    5487895b-e26e-51c6-8f43-0b9062e2fb76 (LibrumProgressus) sententia_currens=74
[2711] PONERE_PROPRIETAS    5487895b-e26e-51c6-8f43-0b9062e2fb76 (LibrumProgressus) sententia_currens=75
[2712] PONERE_PROPRIETAS    5487895b-e26e-51c6-8f43-0b9062e2fb76 (LibrumProgressus) sententia_currens=76
[2713] PONERE_PROPRIETAS    5487895b-e26e-51c6-8f43-0b9062e2fb76 (LibrumProgressus) sententia_currens=77
[2714] PONERE_PROPRIETAS    5487895b-e26e-51c6-8f43-0b9062e2fb76 (LibrumProgressus) sententia_currens=78
[2715] PONERE_PROPRIETAS    5487895b-e26e-51c6-8f43-0b9062e2fb76 (LibrumProgressus) sententia_currens=79
[2716] PONERE_PROPRIETAS    5487895b-e26e-51c6-8f43-0b9062e2fb76 (LibrumProgressus) sententia_currens=80
[2717] PONERE_PROPRIETAS    5487895b-e26e-51c6-8f43-0b9062e2fb76 (LibrumProgressus) sententia_currens=81
[2718] PONERE_PROPRIETAS    5487895b-e26e-51c6-8f43-0b9062e2fb76 (LibrumProgressus) sententia_currens=82
[2719] PONERE_PROPRIETAS    5487895b-e26e-51c6-8f43-0b9062e2fb76 (LibrumProgressus) sententia_currens=83
[2720] PONERE_PROPRIETAS    5487895b-e26e-51c6-8f43-0b9062e2fb76 (LibrumProgressus) sententia_currens=84
[2721] PONERE_PROPRIETAS    5487895b-e26e-51c6-8f43-0b9062e2fb76 (LibrumProgressus) sententia_currens=85
[2722] PONERE_PROPRIETAS    5487895b-e26e-51c6-8f43-0b9062e2fb76 (LibrumProgressus) sententia_currens=86
[2723] PONERE_PROPRIETAS    5487895b-e26e-51c6-8f43-0b9062e2fb76 (LibrumProgressus) sententia_currens=87
[2724] PONERE_PROPRIETAS    5487895b-e26e-51c6-8f43-0b9062e2fb76 (LibrumProgressus) sententia_currens=88
[2725] PONERE_PROPRIETAS    5487895b-e26e-51c6-8f43-0b9062e2fb76 (LibrumProgressus) sententia_currens=89
[2726] PONERE_PROPRIETAS    5487895b-e26e-51c6-8f43-0b9062e2fb76 (LibrumProgressus) sententia_currens=90
[2727] PONERE_PROPRIETAS    5487895b-e26e-51c6-8f43-0b9062e2fb76 (LibrumProgressus) sententia_currens=91
[2728] PONERE_PROPRIETAS    5487895b-e26e-51c6-8f43-0b9062e2fb76 (LibrumProgressus) sententia_currens=92
[2729] PONERE_PROPRIETAS    5487895b-e26e-51c6-8f43-0b9062e2fb76 (LibrumProgressus) sententia_currens=93
[2730] PONERE_PROPRIETAS    5487895b-e26e-51c6-8f43-0b9062e2fb76 (LibrumProgressus) sententia_currens=94
[2731] PONERE_PROPRIETAS    5487895b-e26e-51c6-8f43-0b9062e2fb76 (LibrumProgressus) sententia_currens=95
[2732] PONERE_PROPRIETAS    5487895b-e26e-51c6-8f43-0b9062e2fb76 (LibrumProgressus) sententia_currens=96
[2733] PONERE_PROPRIETAS    5487895b-e26e-51c6-8f43-0b9062e2fb76 (LibrumProgressus) sententia_currens=97
[2734] PONERE_PROPRIETAS    5487895b-e26e-51c6-8f43-0b9062e2fb76 (LibrumProgressus) sententia_currens=98
[2735] PONERE_PROPRIETAS    5487895b-e26e-51c6-8f43-0b9062e2fb76 (LibrumProgressus) sententia_currens=99
[2736] PONERE_PROPRIETAS    5487895b-e26e-51c6-8f43-0b9062e2fb76 (LibrumProgressus) sententia_currens=100
[2737] PONERE_PROPRIETAS    5487895b-e26e-51c6-8f43-0b9062e2fb76 (LibrumProgressus) sententia_currens=101
[2738] PONERE_PROPRIETAS    5487895b-e26e-51c6-8f43-0b9062e2fb76 (LibrumProgressus) sententia_currens=102
[2739] PONERE_PROPRIETAS    5487895b-e26e-51c6-8f43-0b9062e2fb76 (LibrumProgressus) sententia_currens=103
[2740] PONERE_PROPRIETAS    5487895b-e26e-51c6-8f43-0b9062e2fb76 (LibrumProgressus) sententia_currens=104
[2741] PONERE_PROPRIETAS    5487895b-e26e-51c6-8f43-0b9062e2fb76 (LibrumProgressus) sententia_currens=105
[2742] PONERE_PROPRIETAS    5487895b-e26e-51c6-8f43-0b9062e2fb76 (LibrumProgressus) sententia_currens=106
[2743] PONERE_PROPRIETAS    5487895b-e26e-51c6-8f43-0b9062e2fb76 (LibrumProgressus) sententia_currens=107
[2744] PONERE_PROPRIETAS    5487895b-e26e-51c6-8f43-0b9062e2fb76 (LibrumProgressus) sententia_currens=108
[2745] PONERE_PROPRIETAS    5487895b-e26e-51c6-8f43-0b9062e2fb76 (LibrumProgressus) sententia_currens=109
[2746] PONERE_PROPRIETAS    5487895b-e26e-51c6-8f43-0b9062e2fb76 (LibrumProgressus) sententia_currens=110
[2747] PONERE_PROPRIETAS    5487895b-e26e-51c6-8f43-0b9062e2fb76 (LibrumProgressus) sententia_currens=111
[2748] PONERE_PROPRIETAS    5487895b-e26e-51c6-8f43-0b9062e2fb76 (LibrumProgressus) sententia_currens=112
[2749] PONERE_PROPRIETAS    5487895b-e26e-51c6-8f43-0b9062e2fb76 (LibrumProgressus) sententia_currens=113
[2750] PONERE_PROPRIETAS    5487895b-e26e-51c6-8f43-0b9062e2fb76 (LibrumProgressus) sententia_currens=114
[2751] PONERE_PROPRIETAS    5487895b-e26e-51c6-8f43-0b9062e2fb76 (LibrumProgressus) sententia_currens=115
[2752] PONERE_PROPRIETAS    5487895b-e26e-51c6-8f43-0b9062e2fb76 (LibrumProgressus) sententia_currens=116
[2753] PONERE_PROPRIETAS    5487895b-e26e-51c6-8f43-0b9062e2fb76 (LibrumProgressus) sententia_currens=117
[2754] PONERE_PROPRIETAS    5487895b-e26e-51c6-8f43-0b9062e2fb76 (LibrumProgressus) sententia_currens=118
[2755] PONERE_PROPRIETAS    5487895b-e26e-51c6-8f43-0b9062e2fb76 (LibrumProgressus) sententia_currens=119
[2756] PONERE_PROPRIETAS    5487895b-e26e-51c6-8f43-0b9062e2fb76 (LibrumProgressus) sententia_currens=120
[2757] PONERE_PROPRIETAS    5487895b-e26e-51c6-8f43-0b9062e2fb76 (LibrumProgressus) sententia_currens=121
[2758] PONERE_PROPRIETAS    5487895b-e26e-51c6-8f43-0b9062e2fb76 (LibrumProgressus) sententia_currens=122
[2759] PONERE_PROPRIETAS    5487895b-e26e-51c6-8f43-0b9062e2fb76 (LibrumProgressus) sententia_currens=123
[2760] PONERE_PROPRIETAS    5487895b-e26e-51c6-8f43-0b9062e2fb76 (LibrumProgressus) sententia_currens=124
[2761] PONERE_PROPRIETAS    5487895b-e26e-51c6-8f43-0b9062e2fb76 (LibrumProgressus) sententia_currens=125
[2762] PONERE_PROPRIETAS    5487895b-e26e-51c6-8f43-0b9062e2fb76 (LibrumProgressus) sententia_currens=126
[2763] PONERE_PROPRIETAS    5487895b-e26e-51c6-8f43-0b9062e2fb76 (LibrumProgressus) sententia_currens=127
[2764] PONERE_PROPRIETAS    5487895b-e26e-51c6-8f43-0b9062e2fb76 (LibrumProgressus) sententia_currens=128
[2765] PONERE_PROPRIETAS    5487895b-e26e-51c6-8f43-0b9062e2fb76 (LibrumProgressus) sententia_currens=129
[2766] PONERE_PROPRIETAS    5487895b-e26e-51c6-8f43-0b9062e2fb76 (LibrumProgressus) sententia_currens=130
[2767] PONERE_PROPRIETAS    5487895b-e26e-51c6-8f43-0b9062e2fb76 (LibrumProgressus) sententia_currens=131
[2768] PONERE_PROPRIETAS    5487895b-e26e-51c6-8f43-0b9062e2fb76 (LibrumProgressus) sententia_currens=132
[2769] PONERE_PROPRIETAS    5487895b-e26e-51c6-8f43-0b9062e2fb76 (LibrumProgressus) sententia_currens=133
[2770] PONERE_PROPRIETAS    5487895b-e26e-51c6-8f43-0b9062e2fb76 (LibrumProgressus) sententia_currens=134
[2771] PONERE_PROPRIETAS    5487895b-e26e-51c6-8f43-0b9062e2fb76 (LibrumProgressus) sententia_currens=135
[2772] PONERE_PROPRIETAS    5487895b-e26e-51c6-8f43-0b9062e2fb76 (LibrumProgressus) sententia_currens=136
[2773] PONERE_PROPRIETAS    5487895b-e26e-51c6-8f43-0b9062e2fb76 (LibrumProgressus) sententia_currens=137
[2774] PONERE_PROPRIETAS    5487895b-e26e-51c6-8f43-0b9062e2fb76 (LibrumProgressus) sententia_currens=138
[2775] PONERE_PROPRIETAS    5487895b-e26e-51c6-8f43-0b9062e2fb76 (LibrumProgressus) sententia_currens=139
[2776] PONERE_PROPRIETAS    5487895b-e26e-51c6-8f43-0b9062e2fb76 (LibrumProgressus) sententia_currens=140
[2777] PONERE_PROPRIETAS    5487895b-e26e-51c6-8f43-0b9062e2fb76 (LibrumProgressus) sententia_currens=141
[2778] PONERE_PROPRIETAS    5487895b-e26e-51c6-8f43-0b9062e2fb76 (LibrumProgressus) sententia_currens=142
[2779] PONERE_PROPRIETAS    5487895b-e26e-51c6-8f43-0b9062e2fb76 (LibrumProgressus) sententia_currens=143
[2780] PONERE_PROPRIETAS    5487895b-e26e-51c6-8f43-0b9062e2fb76 (LibrumProgressus) sententia_currens=144
[2781] PONERE_PROPRIETAS    5487895b-e26e-51c6-8f43-0b9062e2fb76 (LibrumProgressus) sententia_currens=145
[2782] PONERE_PROPRIETAS    5487895b-e26e-51c6-8f43-0b9062e2fb76 (LibrumProgressus) sententia_currens=146
[2783] PONERE_PROPRIETAS    5487895b-e26e-51c6-8f43-0b9062e2fb76 (LibrumProgressus) sententia_currens=147
[2784] PONERE_PROPRIETAS    5487895b-e26e-51c6-8f43-0b9062e2fb76 (LibrumProgressus) sententia_currens=148
[2785] PONERE_PROPRIETAS    5487895b-e26e-51c6-8f43-0b9062e2fb76 (LibrumProgressus) sententia_currens=149
[2786] PONERE_PROPRIETAS    5487895b-e26e-51c6-8f43-0b9062e2fb76 (LibrumProgressus) sententia_currens=150
[2787] PONERE_PROPRIETAS    5487895b-e26e-51c6-8f43-0b9062e2fb76 (LibrumProgressus) sententia_currens=151
[2788] PONERE_PROPRIETAS    5487895b-e26e-51c6-8f43-0b9062e2fb76 (LibrumProgressus) sententia_currens=152
[2789] PONERE_PROPRIETAS    5487895b-e26e-51c6-8f43-0b9062e2fb76 (LibrumProgressus) sententia_currens=153
[2790] PONERE_PROPRIETAS    5487895b-e26e-51c6-8f43-0b9062e2fb76 (LibrumProgressus) sententia_currens=154
[2791] PONERE_PROPRIETAS    5487895b-e26e-51c6-8f43-0b9062e2fb76 (LibrumProgressus) sententia_currens=155
[2792] PONERE_PROPRIETAS    5487895b-e26e-51c6-8f43-0b9062e2fb76 (LibrumProgressus) sententia_currens=156
[2793] PONERE_PROPRIETAS    5487895b-e26e-51c6-8f43-0b9062e2fb76 (LibrumProgressus) sententia_currens=157
[2794] PONERE_PROPRIETAS    5487895b-e26e-51c6-8f43-0b9062e2fb76 (LibrumProgressus) sententia_currens=158
[2795] PONERE_PROPRIETAS    5487895b-e26e-51c6-8f43-0b9062e2fb76 (LibrumProgressus) sententia_currens=159
[2796] PONERE_PROPRIETAS    5487895b-e26e-51c6-8f43-0b9062e2fb76 (LibrumProgressus) sententia_currens=160
[2797] PONERE_PROPRIETAS    5487895b-e26e-51c6-8f43-0b9062e2fb76 (LibrumProgressus) sententia_currens=161
[2798] PONERE_PROPRIETAS    5487895b-e26e-51c6-8f43-0b9062e2fb76 (LibrumProgressus) sententia_currens=162
[2799] PONERE_PROPRIETAS    5487895b-e26e-51c6-8f43-0b9062e2fb76 (LibrumProgressus) sententia_currens=163
[2800] PONERE_PROPRIETAS    5487895b-e26e-51c6-8f43-0b9062e2fb76 (LibrumProgressus) sententia_currens=164
[2801] PONERE_PROPRIETAS    5487895b-e26e-51c6-8f43-0b9062e2fb76 (LibrumProgressus) sententia_currens=165
[2802] PONERE_PROPRIETAS    5487895b-e26e-51c6-8f43-0b9062e2fb76 (LibrumProgressus) sententia_currens=166
[2803] PONERE_PROPRIETAS    5487895b-e26e-51c6-8f43-0b9062e2fb76 (LibrumProgressus) sententia_currens=167
[2804] PONERE_PROPRIETAS    5487895b-e26e-51c6-8f43-0b9062e2fb76 (LibrumProgressus) sententia_currens=168
[2805] PONERE_PROPRIETAS    5487895b-e26e-51c6-8f43-0b9062e2fb76 (LibrumProgressus) sententia_currens=169
[2806] PONERE_PROPRIETAS    5487895b-e26e-51c6-8f43-0b9062e2fb76 (LibrumProgressus) sententia_currens=170
[2807] PONERE_PROPRIETAS    5487895b-e26e-51c6-8f43-0b9062e2fb76 (LibrumProgressus) sententia_currens=171
[2808] PONERE_PROPRIETAS    5487895b-e26e-51c6-8f43-0b9062e2fb76 (LibrumProgressus) sententia_currens=172
[2809] PONERE_PROPRIETAS    5487895b-e26e-51c6-8f43-0b9062e2fb76 (LibrumProgressus) sententia_currens=173
[2810] PONERE_PROPRIETAS    5487895b-e26e-51c6-8f43-0b9062e2fb76 (LibrumProgressus) sententia_currens=174
[2811] PONERE_PROPRIETAS    5487895b-e26e-51c6-8f43-0b9062e2fb76 (LibrumProgressus) sententia_currens=175
[2812] PONERE_PROPRIETAS    5487895b-e26e-51c6-8f43-0b9062e2fb76 (LibrumProgressus) sententia_currens=176
[2813] PONERE_PROPRIETAS    5487895b-e26e-51c6-8f43-0b9062e2fb76 (LibrumProgressus) sententia_currens=177
[2814] PONERE_PROPRIETAS    5487895b-e26e-51c6-8f43-0b9062e2fb76 (LibrumProgressus) sententia_currens=178
[2815] PONERE_PROPRIETAS    5487895b-e26e-51c6-8f43-0b9062e2fb76 (LibrumProgressus) sententia_currens=179
[2816] PONERE_PROPRIETAS    5487895b-e26e-51c6-8f43-0b9062e2fb76 (LibrumProgressus) sententia_currens=180
[2817] PONERE_PROPRIETAS    5487895b-e26e-51c6-8f43-0b9062e2fb76 (LibrumProgressus) sententia_currens=181
[2818] PONERE_PROPRIETAS    5487895b-e26e-51c6-8f43-0b9062e2fb76 (LibrumProgressus) sententia_currens=182
[2819] PONERE_PROPRIETAS    5487895b-e26e-51c6-8f43-0b9062e2fb76 (LibrumProgressus) sententia_currens=183
[2820] PONERE_PROPRIETAS    5487895b-e26e-51c6-8f43-0b9062e2fb76 (LibrumProgressus) sententia_currens=184
[2821] PONERE_PROPRIETAS    5487895b-e26e-51c6-8f43-0b9062e2fb76 (LibrumProgressus) sententia_currens=185
[2822] PONERE_PROPRIETAS    5487895b-e26e-51c6-8f43-0b9062e2fb76 (LibrumProgressus) sententia_currens=186
[2823] PONERE_PROPRIETAS    5487895b-e26e-51c6-8f43-0b9062e2fb76 (LibrumProgressus) sententia_currens=187
[2824] PONERE_PROPRIETAS    5487895b-e26e-51c6-8f43-0b9062e2fb76 (LibrumProgressus) sententia_currens=188
[2825] PONERE_PROPRIETAS    5487895b-e26e-51c6-8f43-0b9062e2fb76 (LibrumProgressus) sententia_currens=189
[2826] PONERE_PROPRIETAS    5487895b-e26e-51c6-8f43-0b9062e2fb76 (LibrumProgressus) sententia_currens=190
[2827] PONERE_PROPRIETAS    5487895b-e26e-51c6-8f43-0b9062e2fb76 (LibrumProgressus) sententia_currens=191
[2828] PONERE_PROPRIETAS    5487895b-e26e-51c6-8f43-0b9062e2fb76 (LibrumProgressus) sententia_currens=192
[2829] PONERE_PROPRIETAS    5487895b-e26e-51c6-8f43-0b9062e2fb76 (LibrumProgressus) sententia_currens=193
[2830] PONERE_PROPRIETAS    5487895b-e26e-51c6-8f43-0b9062e2fb76 (LibrumProgressus) sententia_currens=194
[2831] PONERE_PROPRIETAS    5487895b-e26e-51c6-8f43-0b9062e2fb76 (LibrumProgressus) sententia_currens=195
[2832] PONERE_PROPRIETAS    5487895b-e26e-51c6-8f43-0b9062e2fb76 (LibrumProgressus) sententia_currens=196
[2833] PONERE_PROPRIETAS    5487895b-e26e-51c6-8f43-0b9062e2fb76 (LibrumProgressus) sententia_currens=197
[2834] PONERE_PROPRIETAS    5487895b-e26e-51c6-8f43-0b9062e2fb76 (LibrumProgressus) sententia_currens=198
[2835] PONERE_PROPRIETAS    5487895b-e26e-51c6-8f43-0b9062e2fb76 (LibrumProgressus) sententia_currens=199
[2836] PONERE_PROPRIETAS    5487895b-e26e-51c6-8f43-0b9062e2fb76 (LibrumProgressus) sententia_currens=200
[2837] PONERE_PROPRIETAS    5487895b-e26e-51c6-8f43-0b9062e2fb76 (LibrumProgressus) sententia_currens=201
[2838] PONERE_PROPRIETAS    5487895b-e26e-51c6-8f43-0b9062e2fb76 (LibrumProgressus) sententia_currens=202
[2839] PONERE_PROPRIETAS    5487895b-e26e-51c6-8f43-0b9062e2fb76 (LibrumProgressus) sententia_currens=203
[2840] PONERE_PROPRIETAS    5487895b-e26e-51c6-8f43-0b9062e2fb76 (LibrumProgressus) sententia_currens=204
[2841] PONERE_PROPRIETAS    5487895b-e26e-51c6-8f43-0b9062e2fb76 (LibrumProgressus) sententia_currens=205
[2842] PONERE_PROPRIETAS    5487895b-e26e-51c6-8f43-0b9062e2fb76 (LibrumProgressus) sententia_currens=206
[2843] PONERE_PROPRIETAS    5487895b-e26e-51c6-8f43-0b9062e2fb76 (LibrumProgressus) sententia_currens=207
[2844] PONERE_PROPRIETAS    5487895b-e26e-51c6-8f43-0b9062e2fb76 (LibrumProgressus) sententia_currens=208
[2845] PONERE_PROPRIETAS    5487895b-e26e-51c6-8f43-0b9062e2fb76 (LibrumProgressus) sententia_currens=209
[2846] PONERE_PROPRIETAS    5487895b-e26e-51c6-8f43-0b9062e2fb76 (LibrumProgressus) sententia_currens=210
[2847] PONERE_PROPRIETAS    5487895b-e26e-51c6-8f43-0b9062e2fb76 (LibrumProgressus) sententia_currens=211
[2848] PONERE_PROPRIETAS    5487895b-e26e-51c6-8f43-0b9062e2fb76 (LibrumProgressus) sententia_currens=212
[2849] PONERE_PROPRIETAS    5487895b-e26e-51c6-8f43-0b9062e2fb76 (LibrumProgressus) sententia_currens=213
[2850] PONERE_PROPRIETAS    5487895b-e26e-51c6-8f43-0b9062e2fb76 (LibrumProgressus) sententia_currens=214
[2851] PONERE_PROPRIETAS    5487895b-e26e-51c6-8f43-0b9062e2fb76 (LibrumProgressus) sententia_currens=215
[2852] PONERE_PROPRIETAS    5487895b-e26e-51c6-8f43-0b9062e2fb76 (LibrumProgressus) sententia_currens=216
[2853] PONERE_PROPRIETAS    5487895b-e26e-51c6-8f43-0b9062e2fb76 (LibrumProgressus) sententia_currens=217
[2854] PONERE_PROPRIETAS    5487895b-e26e-51c6-8f43-0b9062e2fb76 (LibrumProgressus) sententia_currens=218
[2855] PONERE_PROPRIETAS    5487895b-e26e-51c6-8f43-0b9062e2fb76 (LibrumProgressus) sententia_currens=219
[2856] PONERE_PROPRIETAS    5487895b-e26e-51c6-8f43-0b9062e2fb76 (LibrumProgressus) sententia_currens=220
[2857] PONERE_PROPRIETAS    5487895b-e26e-51c6-8f43-0b9062e2fb76 (LibrumProgressus) sententia_currens=221
[2858] PONERE_PROPRIETAS    5487895b-e26e-51c6-8f43-0b9062e2fb76 (LibrumProgressus) sententia_currens=222
[2859] PONERE_PROPRIETAS    5487895b-e26e-51c6-8f43-0b9062e2fb76 (LibrumProgressus) sententia_currens=223
[2860] PONERE_PROPRIETAS    5487895b-e26e-51c6-8f43-0b9062e2fb76 (LibrumProgressus) sententia_currens=224
[2861] PONERE_PROPRIETAS    5487895b-e26e-51c6-8f43-0b9062e2fb76 (LibrumProgressus) sententia_currens=225
[2862] PONERE_PROPRIETAS    5487895b-e26e-51c6-8f43-0b9062e2fb76 (LibrumProgressus) sententia_currens=226
[2863] PONERE_PROPRIETAS    5487895b-e26e-51c6-8f43-0b9062e2fb76 (LibrumProgressus) sententia_currens=227
[2864] PONERE_PROPRIETAS    5487895b-e26e-51c6-8f43-0b9062e2fb76 (LibrumProgressus) sententia_currens=228
[2865] PONERE_PROPRIETAS    5487895b-e26e-51c6-8f43-0b9062e2fb76 (LibrumProgressus) sententia_currens=229
[2866] PONERE_PROPRIETAS    5487895b-e26e-51c6-8f43-0b9062e2fb76 (LibrumProgressus) sententia_currens=230
[2867] PONERE_PROPRIETAS    5487895b-e26e-51c6-8f43-0b9062e2fb76 (LibrumProgressus) sententia_currens=231
[2868] PONERE_PROPRIETAS    5487895b-e26e-51c6-8f43-0b9062e2fb76 (LibrumProgressus) sententia_currens=232
[2869] PONERE_PROPRIETAS    5487895b-e26e-51c6-8f43-0b9062e2fb76 (LibrumProgressus) sententia_currens=233
[2870] PONERE_PROPRIETAS    5487895b-e26e-51c6-8f43-0b9062e2fb76 (LibrumProgressus) sententia_currens=234
[2871] PONERE_PROPRIETAS    5487895b-e26e-51c6-8f43-0b9062e2fb76 (LibrumProgressus) sententia_currens=235
[2872] PONERE_PROPRIETAS    5487895b-e26e-51c6-8f43-0b9062e2fb76 (LibrumProgressus) sententia_currens=236
[2873] PONERE_PROPRIETAS    5487895b-e26e-51c6-8f43-0b9062e2fb76 (LibrumProgressus) sententia_currens=237
[2874] PONERE_PROPRIETAS    5487895b-e26e-51c6-8f43-0b9062e2fb76 (LibrumProgressus) sententia_currens=238
[2875] PONERE_PROPRIETAS    5487895b-e26e-51c6-8f43-0b9062e2fb76 (LibrumProgressus) sententia_currens=239
[2876] PONERE_PROPRIETAS    5487895b-e26e-51c6-8f43-0b9062e2fb76 (LibrumProgressus) sententia_currens=240
[2877] PONERE_PROPRIETAS    5487895b-e26e-51c6-8f43-0b9062e2fb76 (LibrumProgressus) sententia_currens=241
[2878] PONERE_PROPRIETAS    5487895b-e26e-51c6-8f43-0b9062e2fb76 (LibrumProgressus) sententia_currens=242
[2879] PONERE_PROPRIETAS    5487895b-e26e-51c6-8f43-0b9062e2fb76 (LibrumProgressus) sententia_currens=243
[2880] PONERE_PROPRIETAS    5487895b-e26e-51c6-8f43-0b9062e2fb76 (LibrumProgressus) sententia_currens=244
[2881] PONERE_PROPRIETAS    5487895b-e26e-51c6-8f43-0b9062e2fb76 (LibrumProgressus) sententia_currens=245
[2882] PONERE_PROPRIETAS    5487895b-e26e-51c6-8f43-0b9062e2fb76 (LibrumProgressus) sententia_currens=246
[2883] PONERE_PROPRIETAS    5487895b-e26e-51c6-8f43-0b9062e2fb76 (LibrumProgressus) sententia_currens=247
[2884] PONERE_PROPRIETAS    5487895b-e26e-51c6-8f43-0b9062e2fb76 (LibrumProgressus) sententia_currens=248
[2885] PONERE_PROPRIETAS    5487895b-e26e-51c6-8f43-0b9062e2fb76 (LibrumProgressus) sententia_currens=249
[2886] PONERE_PROPRIETAS    5487895b-e26e-51c6-8f43-0b9062e2fb76 (LibrumProgressus) sententia_currens=250
[2887] PONERE_PROPRIETAS    5487895b-e26e-51c6-8f43-0b9062e2fb76 (LibrumProgressus) sententia_currens=251
[2888] PONERE_PROPRIETAS    5487895b-e26e-51c6-8f43-0b9062e2fb76 (LibrumProgressus) sententia_currens=252
[2889] PONERE_PROPRIETAS    5487895b-e26e-51c6-8f43-0b9062e2fb76 (LibrumProgressus) sententia_currens=253
[2890] PONERE_PROPRIETAS    5487895b-e26e-51c6-8f43-0b9062e2fb76 (LibrumProgressus) sententia_currens=254
[2891] PONERE_PROPRIETAS    5487895b-e26e-51c6-8f43-0b9062e2fb76 (LibrumProgressus) sententia_currens=255
[2892] PONERE_PROPRIETAS    5487895b-e26e-51c6-8f43-0b9062e2fb76 (LibrumProgressus) sententia_currens=256
[2893] PONERE_PROPRIETAS    5487895b-e26e-51c6-8f43-0b9062e2fb76 (LibrumProgressus) sententia_currens=257
[2894] PONERE_PROPRIETAS    5487895b-e26e-51c6-8f43-0b9062e2fb76 (LibrumProgressus) sententia_currens=258
[2895] PONERE_PROPRIETAS    5487895b-e26e-51c6-8f43-0b9062e2fb76 (LibrumProgressus) sententia_currens=259
[2896] PONERE_PROPRIETAS    5487895b-e26e-51c6-8f43-0b9062e2fb76 (LibrumProgressus) sententia_currens=260
[2897] PONERE_PROPRIETAS    5487895b-e26e-51c6-8f43-0b9062e2fb76 (LibrumProgressus) sententia_currens=261
[2898] PONERE_PROPRIETAS    5487895b-e26e-51c6-8f43-0b9062e2fb76 (LibrumProgressus) sententia_currens=262
[2899] PONERE_PROPRIETAS    5487895b-e26e-51c6-8f43-0b9062e2fb76 (LibrumProgressus) sententia_currens=263
[2900] PONERE_PROPRIETAS    5487895b-e26e-51c6-8f43-0b9062e2fb76 (LibrumProgressus) sententia_currens=264
[2901] PONERE_PROPRIETAS    5487895b-e26e-51c6-8f43-0b9062e2fb76 (LibrumProgressus) sententia_currens=265
[2902] PONERE_PROPRIETAS    5487895b-e26e-51c6-8f43-0b9062e2fb76 (LibrumProgressus) sententia_currens=266
[2903] PONERE_PROPRIETAS    5487895b-e26e-51c6-8f43-0b9062e2fb76 (LibrumProgressus) sententia_currens=267
[2904] PONERE_PROPRIETAS    5487895b-e26e-51c6-8f43-0b9062e2fb76 (LibrumProgressus) sententia_currens=268
[2905] PONERE_PROPRIETAS    5487895b-e26e-51c6-8f43-0b9062e2fb76 (LibrumProgressus) sententia_currens=269
[2906] PONERE_PROPRIETAS    5487895b-e26e-51c6-8f43-0b9062e2fb76 (LibrumProgressus) sententia_currens=270
[2907] PONERE_PROPRIETAS    5487895b-e26e-51c6-8f43-0b9062e2fb76 (LibrumProgressus) sententia_currens=271
[2908] PONERE_PROPRIETAS    5487895b-e26e-51c6-8f43-0b9062e2fb76 (LibrumProgressus) sententia_currens=272
[2909] PONERE_PROPRIETAS    5487895b-e26e-51c6-8f43-0b9062e2fb76 (LibrumProgressus) sententia_currens=273
[2910] PONERE_PROPRIETAS    5487895b-e26e-51c6-8f43-0b9062e2fb76 (LibrumProgressus) sententia_currens=274
[2911] PONERE_PROPRIETAS    5487895b-e26e-51c6-8f43-0b9062e2fb76 (LibrumProgressus) sententia_currens=275
[2912] PONERE_PROPRIETAS    5487895b-e26e-51c6-8f43-0b9062e2fb76 (LibrumProgressus) sententia_currens=276
[2913] PONERE_PROPRIETAS    5487895b-e26e-51c6-8f43-0b9062e2fb76 (LibrumProgressus) sententia_currens=277
[2914] PONERE_PROPRIETAS    5487895b-e26e-51c6-8f43-0b9062e2fb76 (LibrumProgressus) sententia_currens=278
[2915] PONERE_PROPRIETAS    5487895b-e26e-51c6-8f43-0b9062e2fb76 (LibrumProgressus) sententia_currens=279
[2916] PONERE_PROPRIETAS    5487895b-e26e-51c6-8f43-0b9062e2fb76 (LibrumProgressus) sententia_currens=280
[2917] PONERE_PROPRIETAS    5487895b-e26e-51c6-8f43-0b9062e2fb76 (LibrumProgressus) sententia_currens=281
[2918] PONERE_PROPRIETAS    5487895b-e26e-51c6-8f43-0b9062e2fb76 (LibrumProgressus) sententia_currens=282
[2919] PONERE_PROPRIETAS    5487895b-e26e-51c6-8f43-0b9062e2fb76 (LibrumProgressus) sententia_currens=283
[2920] PONERE_PROPRIETAS    5487895b-e26e-51c6-8f43-0b9062e2fb76 (LibrumProgressus) sententia_currens=284
[2921] PONERE_PROPRIETAS    5487895b-e26e-51c6-8f43-0b9062e2fb76 (LibrumProgressus) sententia_currens=285
[2922] PONERE_PROPRIETAS    5487895b-e26e-51c6-8f43-0b9062e2fb76 (LibrumProgressus) sententia_currens=286
[2923] PONERE_PROPRIETAS    5487895b-e26e-51c6-8f43-0b9062e2fb76 (LibrumProgressus) sententia_currens=287
[2924] PONERE_PROPRIETAS    5487895b-e26e-51c6-8f43-0b9062e2fb76 (LibrumProgressus) sententia_currens=288
[2925] PONERE_PROPRIETAS    5487895b-e26e-51c6-8f43-0b9062e2fb76 (LibrumProgressus) sententia_currens=289
[2926] PONERE_PROPRIETAS    5487895b-e26e-51c6-8f43-0b9062e2fb76 (LibrumProgressus) sententia_currens=290
[2927] PONERE_PROPRIETAS    5487895b-e26e-51c6-8f43-0b9062e2fb76 (LibrumProgressus) sententia_currens=291
[2928] PONERE_PROPRIETAS    5487895b-e26e-51c6-8f43-0b9062e2fb76 (LibrumProgressus) sententia_currens=292
[2929] PONERE_PROPRIETAS    5487895b-e26e-51c6-8f43-0b9062e2fb76 (LibrumProgressus) sententia_currens=293
[2930] PONERE_PROPRIETAS    5487895b-e26e-51c6-8f43-0b9062e2fb76 (LibrumProgressus) sententia_currens=294
[2931] PONERE_PROPRIETAS    5487895b-e26e-51c6-8f43-0b9062e2fb76 (LibrumProgressus) sententia_currens=295
[2932] PONERE_PROPRIETAS    5487895b-e26e-51c6-8f43-0b9062e2fb76 (LibrumProgressus) sententia_currens=296
[2933] PONERE_PROPRIETAS    5487895b-e26e-51c6-8f43-0b9062e2fb76 (LibrumProgressus) sententia_currens=297
[2934] PONERE_PROPRIETAS    5487895b-e26e-51c6-8f43-0b9062e2fb76 (LibrumProgressus) sententia_currens=298
[2935] PONERE_PROPRIETAS    5487895b-e26e-51c6-8f43-0b9062e2fb76 (LibrumProgressus) sententia_currens=299
[2936] PONERE_PROPRIETAS    5487895b-e26e-51c6-8f43-0b9062e2fb76 (LibrumProgressus) sententia_currens=300
[2937] PONERE_PROPRIETAS    5487895b-e26e-51c6-8f43-0b9062e2fb76 (LibrumProgressus) sententia_currens=301
[2938] PONERE_PROPRIETAS    5487895b-e26e-51c6-8f43-0b9062e2fb76 (LibrumProgressus) sententia_currens=302
[2939] PONERE_PROPRIETAS    5487895b-e26e-51c6-8f43-0b9062e2fb76 (LibrumProgressus) sententia_currens=303
[2940] PONERE_PROPRIETAS    5487895b-e26e-51c6-8f43-0b9062e2fb76 (LibrumProgressus) sententia_currens=304
[2941] PONERE_PROPRIETAS    5487895b-e26e-51c6-8f43-0b9062e2fb76 (LibrumProgressus) sententia_currens=305
[2942] PONERE_PROPRIETAS    5487895b-e26e-51c6-8f43-0b9062e2fb76 (LibrumProgressus) sententia_currens=306
[2943] PONERE_PROPRIETAS    5487895b-e26e-51c6-8f43-0b9062e2fb76 (LibrumProgressus) sententia_currens=307
[2944] PONERE_PROPRIETAS    5487895b-e26e-51c6-8f43-0b9062e2fb76 (LibrumProgressus) sententia_currens=308
[2945] PONERE_PROPRIETAS    5487895b-e26e-51c6-8f43-0b9062e2fb76 (LibrumProgressus) sententia_currens=309
[2946] PONERE_PROPRIETAS    5487895b-e26e-51c6-8f43-0b9062e2fb76 (LibrumProgressus) sententia_currens=310
[2947] PONERE_PROPRIETAS    5487895b-e26e-51c6-8f43-0b9062e2fb76 (LibrumProgressus) sententia_currens=311
[2948] PONERE_PROPRIETAS    5487895b-e26e-51c6-8f43-0b9062e2fb76 (LibrumProgressus) sententia_currens=312
[2949] PONERE_PROPRIETAS    5487895b-e26e-51c6-8f43-0b9062e2fb76 (LibrumProgressus) sententia_currens=313
[2950] PONERE_PROPRIETAS    5487895b-e26e-51c6-8f43-0b9062e2fb76 (LibrumProgressus) sententia_currens=314
[2951] PONERE_PROPRIETAS    5487895b-e26e-51c6-8f43-0b9062e2fb76 (LibrumProgressus) sententia_currens=315
[2952] PONERE_PROPRIETAS    5487895b-e26e-51c6-8f43-0b9062e2fb76 (LibrumProgressus) sententia_currens=316
[2953] PONERE_PROPRIETAS    5487895b-e26e-51c6-8f43-0b9062e2fb76 (LibrumProgressus) sententia_currens=317
[2954] PONERE_PROPRIETAS    5487895b-e26e-51c6-8f43-0b9062e2fb76 (LibrumProgressus) sententia_currens=318
[2955] PONERE_PROPRIETAS    5487895b-e26e-51c6-8f43-0b9062e2fb76 (LibrumProgressus) sententia_currens=319
[2956] PONERE_PROPRIETAS    5487895b-e26e-51c6-8f43-0b9062e2fb76 (LibrumProgressus) sententia_currens=320
[2957] PONERE_PROPRIETAS    5487895b-e26e-51c6-8f43-0b9062e2fb76 (LibrumProgressus) sententia_currens=321
[2958] PONERE_PROPRIETAS    5487895b-e26e-51c6-8f43-0b9062e2fb76 (LibrumProgressus) sententia_currens=322
[2959] PONERE_PROPRIETAS    5487895b-e26e-51c6-8f43-0b9062e2fb76 (LibrumProgressus) sententia_currens=323
[2960] PONERE_PROPRIETAS    5487895b-e26e-51c6-8f43-0b9062e2fb76 (LibrumProgressus) sententia_currens=324
[2961] PONERE_PROPRIETAS    5487895b-e26e-51c6-8f43-0b9062e2fb76 (LibrumProgressus) sententia_currens=325
[2962] PONERE_PROPRIETAS    5487895b-e26e-51c6-8f43-0b9062e2fb76 (LibrumProgressus) sententia_currens=326
[2963] PONERE_PROPRIETAS    5487895b-e26e-51c6-8f43-0b9062e2fb76 (LibrumProgressus) sententia_currens=327
[2964] PONERE_PROPRIETAS    5487895b-e26e-51c6-8f43-0b9062e2fb76 (LibrumProgressus) sententia_currens=328
[2965] PONERE_PROPRIETAS    5487895b-e26e-51c6-8f43-0b9062e2fb76 (LibrumProgressus) sententia_currens=329
[2966] PONERE_PROPRIETAS    5487895b-e26e-51c6-8f43-0b9062e2fb76 (LibrumProgressus) sententia_currens=330
[2967] PONERE_PROPRIETAS    5487895b-e26e-51c6-8f43-0b9062e2fb76 (LibrumProgressus) sententia_currens=331
[2968] PONERE_PROPRIETAS    5487895b-e26e-51c6-8f43-0b9062e2fb76 (LibrumProgressus) sententia_currens=332
[2969] PONERE_PROPRIETAS    5487895b-e26e-51c6-8f43-0b9062e2fb76 (LibrumProgressus) sententia_currens=333
[2970] PONERE_PROPRIETAS    5487895b-e26e-51c6-8f43-0b9062e2fb76 (LibrumProgressus) sententia_currens=334
[2971] PONERE_PROPRIETAS    5487895b-e26e-51c6-8f43-0b9062e2fb76 (LibrumProgressus) sententia_currens=335
[2972] PONERE_PROPRIETAS    5487895b-e26e-51c6-8f43-0b9062e2fb76 (LibrumProgressus) sententia_currens=336
[2973] PONERE_PROPRIETAS    5487895b-e26e-51c6-8f43-0b9062e2fb76 (LibrumProgressus) sententia_currens=337
[2974] PONERE_PROPRIETAS    5487895b-e26e-51c6-8f43-0b9062e2fb76 (LibrumProgressus) sententia_currens=338
[2975] PONERE_PROPRIETAS    5487895b-e26e-51c6-8f43-0b9062e2fb76 (LibrumProgressus) sententia_currens=339
[2976] PONERE_PROPRIETAS    5487895b-e26e-51c6-8f43-0b9062e2fb76 (LibrumProgressus) sententia_currens=340
[2977] PONERE_PROPRIETAS    5487895b-e26e-51c6-8f43-0b9062e2fb76 (LibrumProgressus) sententia_currens=341
[2978] PONERE_PROPRIETAS    5487895b-e26e-51c6-8f43-0b9062e2fb76 (LibrumProgressus) sententia_currens=342
[2979] PONERE_PROPRIETAS    5487895b-e26e-51c6-8f43-0b9062e2fb76 (LibrumProgressus) sententia_currens=343
[2980] PONERE_PROPRIETAS    5487895b-e26e-51c6-8f43-0b9062e2fb76 (LibrumProgressus) sententia_currens=344
[2981] PONERE_PROPRIETAS    5487895b-e26e-51c6-8f43-0b9062e2fb76 (LibrumProgressus) sententia_currens=345
[2982] PONERE_PROPRIETAS    5487895b-e26e-51c6-8f43-0b9062e2fb76 (LibrumProgressus) sententia_currens=346
[2983] PONERE_PROPRIETAS    5487895b-e26e-51c6-8f43-0b9062e2fb76 (LibrumProgressus) sententia_currens=347
[2984] PONERE_PROPRIETAS    5487895b-e26e-51c6-8f43-0b9062e2fb76 (LibrumProgressus) sententia_currens=348
[2985] PONERE_PROPRIETAS    5487895b-e26e-51c6-8f43-0b9062e2fb76 (LibrumProgressus) sententia_currens=349
[2986] PONERE_PROPRIETAS    5487895b-e26e-51c6-8f43-0b9062e2fb76 (LibrumProgressus) sententia_currens=348
[2987] PONERE_PROPRIETAS    5487895b-e26e-51c6-8f43-0b9062e2fb76 (LibrumProgressus) sententia_currens=349
[2988] PONERE_PROPRIETAS    5487895b-e26e-51c6-8f43-0b9062e2fb76 (LibrumProgressus) sententia_currens=350
[2989] PONERE_PROPRIETAS    5487895b-e26e-51c6-8f43-0b9062e2fb76 (LibrumProgressus) sententia_currens=351
[2990] PONERE_PROPRIETAS    5487895b-e26e-51c6-8f43-0b9062e2fb76 (LibrumProgressus) sententia_currens=352
[2991] PONERE_PROPRIETAS    5487895b-e26e-51c6-8f43-0b9062e2fb76 (LibrumProgressus) sententia_currens=353
[2992] PONERE_PROPRIETAS    5487895b-e26e-51c6-8f43-0b9062e2fb76 (LibrumProgressus) sententia_currens=354
[2993] PONERE_PROPRIETAS    5487895b-e26e-51c6-8f43-0b9062e2fb76 (LibrumProgressus) sententia_currens=355
[2994] PONERE_PROPRIETAS    5487895b-e26e-51c6-8f43-0b9062e2fb76 (LibrumProgressus) sententia_currens=356
[2995] PONERE_PROPRIETAS    5487895b-e26e-51c6-8f43-0b9062e2fb76 (LibrumProgressus) sententia_currens=357
[2996] PONERE_PROPRIETAS    5487895b-e26e-51c6-8f43-0b9062e2fb76 (LibrumProgressus) sententia_currens=358
[2997] PONERE_PROPRIETAS    5487895b-e26e-51c6-8f43-0b9062e2fb76 (LibrumProgressus) sententia_currens=359
[2998] PONERE_PROPRIETAS    5487895b-e26e-51c6-8f43-0b9062e2fb76 (LibrumProgressus) sententia_currens=360
[2999] PONERE_PROPRIETAS    5487895b-e26e-51c6-8f43-0b9062e2fb76 (LibrumProgressus) sententia_currens=361
[3000] PONERE_PROPRIETAS    5487895b-e26e-51c6-8f43-0b9062e2fb76 (LibrumProgressus) sententia_currens=362
[3001] PONERE_PROPRIETAS    5487895b-e26e-51c6-8f43-0b9062e2fb76 (LibrumProgressus) sententia_currens=363
[3002] PONERE_PROPRIETAS    5487895b-e26e-51c6-8f43-0b9062e2fb76 (LibrumProgressus) sententia_currens=364
[3003] PONERE_PROPRIETAS    5487895b-e26e-51c6-8f43-0b9062e2fb76 (LibrumProgressus) sententia_currens=365
[3004] PONERE_PROPRIETAS    5487895b-e26e-51c6-8f43-0b9062e2fb76 (LibrumProgressus) sententia_currens=366
[3005] PONERE_PROPRIETAS    5487895b-e26e-51c6-8f43-0b9062e2fb76 (LibrumProgressus) sententia_currens=367
[3006] PONERE_PROPRIETAS    5487895b-e26e-51c6-8f43-0b9062e2fb76 (LibrumProgressus) sententia_currens=368
[3007] PONERE_PROPRIETAS    5487895b-e26e-51c6-8f43-0b9062e2fb76 (LibrumProgressus) sententia_currens=369
[3008] PONERE_PROPRIETAS    5487895b-e26e-51c6-8f43-0b9062e2fb76 (LibrumProgressus) sententia_currens=370
[3009] PONERE_PROPRIETAS    5487895b-e26e-51c6-8f43-0b9062e2fb76 (LibrumProgressus) sententia_currens=371
[3010] PONERE_PROPRIETAS    5487895b-e26e-51c6-8f43-0b9062e2fb76 (LibrumProgressus) sententia_currens=372
[3011] PONERE_PROPRIETAS    5487895b-e26e-51c6-8f43-0b9062e2fb76 (LibrumProgressus) sententia_currens=373
[3012] PONERE_PROPRIETAS    5487895b-e26e-51c6-8f43-0b9062e2fb76 (LibrumProgressus) sententia_currens=374
[3013] PONERE_PROPRIETAS    5487895b-e26e-51c6-8f43-0b9062e2fb76 (LibrumProgressus) sententia_currens=375
[3014] PONERE_PROPRIETAS    5487895b-e26e-51c6-8f43-0b9062e2fb76 (LibrumProgressus) sententia_currens=376
[3015] PONERE_PROPRIETAS    5487895b-e26e-51c6-8f43-0b9062e2fb76 (LibrumProgressus) sententia_currens=377
[3016] PONERE_PROPRIETAS    5487895b-e26e-51c6-8f43-0b9062e2fb76 (LibrumProgressus) sententia_currens=378
[3017] PONERE_PROPRIETAS    5487895b-e26e-51c6-8f43-0b9062e2fb76 (LibrumProgressus) sententia_currens=377
[3018] PONERE_PROPRIETAS    5487895b-e26e-51c6-8f43-0b9062e2fb76 (LibrumProgressus) sententia_currens=376
[3019] PONERE_PROPRIETAS    5487895b-e26e-51c6-8f43-0b9062e2fb76 (LibrumProgressus) sententia_currens=375
[3020] PONERE_PROPRIETAS    5487895b-e26e-51c6-8f43-0b9062e2fb76 (LibrumProgressus) sententia_currens=374
[3021] PONERE_PROPRIETAS    5487895b-e26e-51c6-8f43-0b9062e2fb76 (LibrumProgressus) sententia_currens=373
[3022] PONERE_PROPRIETAS    5487895b-e26e-51c6-8f43-0b9062e2fb76 (LibrumProgressus) sententia_currens=372
[3023] PONERE_PROPRIETAS    5487895b-e26e-51c6-8f43-0b9062e2fb76 (LibrumProgressus) sententia_currens=373
[3024] PONERE_PROPRIETAS    5487895b-e26e-51c6-8f43-0b9062e2fb76 (LibrumProgressus) sententia_currens=374
[3025] PONERE_PROPRIETAS    5487895b-e26e-51c6-8f43-0b9062e2fb76 (LibrumProgressus) sententia_currens=375
[3026] PONERE_PROPRIETAS    5487895b-e26e-51c6-8f43-0b9062e2fb76 (LibrumProgressus) sententia_currens=376
[3027] PONERE_PROPRIETAS    5487895b-e26e-51c6-8f43-0b9062e2fb76 (LibrumProgressus) sententia_currens=377
[3028] PONERE_PROPRIETAS    5487895b-e26e-51c6-8f43-0b9062e2fb76 (LibrumProgressus) sententia_currens=378
[3029] PONERE_PROPRIETAS    5487895b-e26e-51c6-8f43-0b9062e2fb76 (LibrumProgressus) sententia_currens=379
[3030] PONERE_PROPRIETAS    5487895b-e26e-51c6-8f43-0b9062e2fb76 (LibrumProgressus) sententia_currens=380
[3031] PONERE_PROPRIETAS    5487895b-e26e-51c6-8f43-0b9062e2fb76 (LibrumProgressus) sententia_currens=381
[3032] PONERE_PROPRIETAS    5487895b-e26e-51c6-8f43-0b9062e2fb76 (LibrumProgressus) sententia_currens=382
[3033] PONERE_PROPRIETAS    5487895b-e26e-51c6-8f43-0b9062e2fb76 (LibrumProgressus) sententia_currens=383
[3034] PONERE_PROPRIETAS    5487895b-e26e-51c6-8f43-0b9062e2fb76 (LibrumProgressus) sententia_currens=384
[3035] PONERE_PROPRIETAS    5487895b-e26e-51c6-8f43-0b9062e2fb76 (LibrumProgressus) sententia_currens=385
[3036] PONERE_PROPRIETAS    5487895b-e26e-51c6-8f43-0b9062e2fb76 (LibrumProgressus) sententia_currens=386
[3037] PONERE_PROPRIETAS    5487895b-e26e-51c6-8f43-0b9062e2fb76 (LibrumProgressus) sententia_currens=387
[3038] PONERE_PROPRIETAS    5487895b-e26e-51c6-8f43-0b9062e2fb76 (LibrumProgressus) sententia_currens=388
[3039] PONERE_PROPRIETAS    5487895b-e26e-51c6-8f43-0b9062e2fb76 (LibrumProgressus) sententia_currens=389
[3040] PONERE_PROPRIETAS    5487895b-e26e-51c6-8f43-0b9062e2fb76 (LibrumProgressus) sententia_currens=390
[3041] PONERE_PROPRIETAS    5487895b-e26e-51c6-8f43-0b9062e2fb76 (LibrumProgressus) sententia_currens=391
[3042] PONERE_PROPRIETAS    5487895b-e26e-51c6-8f43-0b9062e2fb76 (LibrumProgressus) sententia_currens=392
[3043] PONERE_PROPRIETAS    5487895b-e26e-51c6-8f43-0b9062e2fb76 (LibrumProgressus) sententia_currens=393
[3044] PONERE_PROPRIETAS    5487895b-e26e-51c6-8f43-0b9062e2fb76 (LibrumProgressus) sententia_currens=394
[3045] PONERE_PROPRIETAS    5487895b-e26e-51c6-8f43-0b9062e2fb76 (LibrumProgressus) sententia_currens=395
[3046] PONERE_PROPRIETAS    5487895b-e26e-51c6-8f43-0b9062e2fb76 (LibrumProgressus) sententia_currens=396
[3047] PONERE_PROPRIETAS    5487895b-e26e-51c6-8f43-0b9062e2fb76 (LibrumProgressus) sententia_currens=397
[3048] PONERE_PROPRIETAS    5487895b-e26e-51c6-8f43-0b9062e2fb76 (LibrumProgressus) sententia_currens=398
[3049] PONERE_PROPRIETAS    5487895b-e26e-51c6-8f43-0b9062e2fb76 (LibrumProgressus) sententia_currens=399
[3050] PONERE_PROPRIETAS    5487895b-e26e-51c6-8f43-0b9062e2fb76 (LibrumProgressus) sententia_currens=400
[3051] PONERE_PROPRIETAS    5487895b-e26e-51c6-8f43-0b9062e2fb76 (LibrumProgressus) sententia_currens=401
[3052] PONERE_PROPRIETAS    5487895b-e26e-51c6-8f43-0b9062e2fb76 (LibrumProgressus) sententia_currens=402
[3053] PONERE_PROPRIETAS    5487895b-e26e-51c6-8f43-0b9062e2fb76 (LibrumProgressus) sententia_currens=403
[3054] PONERE_PROPRIETAS    5487895b-e26e-51c6-8f43-0b9062e2fb76 (LibrumProgressus) sententia_currens=404
[3055] PONERE_PROPRIETAS    5487895b-e26e-51c6-8f43-0b9062e2fb76 (LibrumProgressus) sententia_currens=405
[3056] PONERE_PROPRIETAS    5487895b-e26e-51c6-8f43-0b9062e2fb76 (LibrumProgressus) sententia_currens=406
[3057] PONERE_PROPRIETAS    5487895b-e26e-51c6-8f43-0b9062e2fb76 (LibrumProgressus) sententia_currens=407
[3058] PONERE_PROPRIETAS    5487895b-e26e-51c6-8f43-0b9062e2fb76 (LibrumProgressus) sententia_currens=408
[3059] PONERE_PROPRIETAS    5487895b-e26e-51c6-8f43-0b9062e2fb76 (LibrumProgressus) sententia_currens=409
[3060] PONERE_PROPRIETAS    5487895b-e26e-51c6-8f43-0b9062e2fb76 (LibrumProgressus) sententia_currens=410
[3061] PONERE_PROPRIETAS    5487895b-e26e-51c6-8f43-0b9062e2fb76 (LibrumProgressus) sententia_currens=411
[3062] PONERE_PROPRIETAS    5487895b-e26e-51c6-8f43-0b9062e2fb76 (LibrumProgressus) sententia_currens=412
[3063] PONERE_PROPRIETAS    5487895b-e26e-51c6-8f43-0b9062e2fb76 (LibrumProgressus) sententia_currens=413
[3064] PONERE_PROPRIETAS    5487895b-e26e-51c6-8f43-0b9062e2fb76 (LibrumProgressus) sententia_currens=414
[3065] PONERE_PROPRIETAS    5487895b-e26e-51c6-8f43-0b9062e2fb76 (LibrumProgressus) sententia_currens=415
[3066] PONERE_PROPRIETAS    5487895b-e26e-51c6-8f43-0b9062e2fb76 (LibrumProgressus) sententia_currens=416
[3067] PONERE_PROPRIETAS    5487895b-e26e-51c6-8f43-0b9062e2fb76 (LibrumProgressus) sententia_currens=417
[3068] PONERE_PROPRIETAS    5487895b-e26e-51c6-8f43-0b9062e2fb76 (LibrumProgressus) sententia_currens=418
[3069] PONERE_PROPRIETAS    5487895b-e26e-51c6-8f43-0b9062e2fb76 (LibrumProgressus) sententia_currens=419
[3070] PONERE_PROPRIETAS    5487895b-e26e-51c6-8f43-0b9062e2fb76 (LibrumProgressus) sententia_currens=420
[3071] PONERE_PROPRIETAS    5487895b-e26e-51c6-8f43-0b9062e2fb76 (LibrumProgressus) sententia_currens=421
[3072] PONERE_PROPRIETAS    5487895b-e26e-51c6-8f43-0b9062e2fb76 (LibrumProgressus) sententia_currens=422
[3073] PONERE_PROPRIETAS    5487895b-e26e-51c6-8f43-0b9062e2fb76 (LibrumProgressus) sententia_currens=423
[3074] PONERE_PROPRIETAS    5487895b-e26e-51c6-8f43-0b9062e2fb76 (LibrumProgressus) sententia_currens=424
[3075] PONERE_PROPRIETAS    5487895b-e26e-51c6-8f43-0b9062e2fb76 (LibrumProgressus) sententia_currens=425
[3076] PONERE_PROPRIETAS    5487895b-e26e-51c6-8f43-0b9062e2fb76 (LibrumProgressus) sententia_currens=426
[3077] PONERE_PROPRIETAS    5487895b-e26e-51c6-8f43-0b9062e2fb76 (LibrumProgressus) sententia_currens=427
[3078] PONERE_PROPRIETAS    5487895b-e26e-51c6-8f43-0b9062e2fb76 (LibrumProgressus) sententia_currens=428
[3079] PONERE_PROPRIETAS    5487895b-e26e-51c6-8f43-0b9062e2fb76 (LibrumProgressus) sententia_currens=429
[3080] PONERE_PROPRIETAS    5487895b-e26e-51c6-8f43-0b9062e2fb76 (LibrumProgressus) sententia_currens=428
[3081] PONERE_PROPRIETAS    5487895b-e26e-51c6-8f43-0b9062e2fb76 (LibrumProgressus) sententia_currens=427
[3082] PONERE_PROPRIETAS    5487895b-e26e-51c6-8f43-0b9062e2fb76 (LibrumProgressus) sententia_currens=426
[3083] PONERE_PROPRIETAS    5487895b-e26e-51c6-8f43-0b9062e2fb76 (LibrumProgressus) sententia_currens=425
[3084] PONERE_PROPRIETAS    5487895b-e26e-51c6-8f43-0b9062e2fb76 (LibrumProgressus) sententia_currens=424
[3085] PONERE_PROPRIETAS    5487895b-e26e-51c6-8f43-0b9062e2fb76 (LibrumProgressus) sententia_currens=423
[3086] PONERE_PROPRIETAS    5487895b-e26e-51c6-8f43-0b9062e2fb76 (LibrumProgressus) sententia_currens=424
[3087] PONERE_PROPRIETAS    5487895b-e26e-51c6-8f43-0b9062e2fb76 (LibrumProgressus) sententia_currens=425
[3088] PONERE_PROPRIETAS    5487895b-e26e-51c6-8f43-0b9062e2fb76 (LibrumProgressus) sententia_currens=426
[3089] PONERE_PROPRIETAS    5487895b-e26e-51c6-8f43-0b9062e2fb76 (LibrumProgressus) sententia_currens=427
[3090] PONERE_PROPRIETAS    5487895b-e26e-51c6-8f43-0b9062e2fb76 (LibrumProgressus) sententia_currens=428
[3091] PONERE_PROPRIETAS    5487895b-e26e-51c6-8f43-0b9062e2fb76 (LibrumProgressus) sententia_currens=427
[3092] PONERE_PROPRIETAS    5487895b-e26e-51c6-8f43-0b9062e2fb76 (LibrumProgressus) sententia_currens=428
[3093] PONERE_PROPRIETAS    5487895b-e26e-51c6-8f43-0b9062e2fb76 (LibrumProgressus) sententia_currens=429
[3094] PONERE_PROPRIETAS    5487895b-e26e-51c6-8f43-0b9062e2fb76 (LibrumProgressus) sententia_currens=430
[3095] PONERE_PROPRIETAS    5487895b-e26e-51c6-8f43-0b9062e2fb76 (LibrumProgressus) sententia_currens=431
[3096] PONERE_PROPRIETAS    5487895b-e26e-51c6-8f43-0b9062e2fb76 (LibrumProgressus) sententia_currens=432
[3097] PONERE_PROPRIETAS    5487895b-e26e-51c6-8f43-0b9062e2fb76 (LibrumProgressus) sententia_currens=433
[3098] PONERE_PROPRIETAS    5487895b-e26e-51c6-8f43-0b9062e2fb76 (LibrumProgressus) sententia_currens=434
[3099] PONERE_PROPRIETAS    5487895b-e26e-51c6-8f43-0b9062e2fb76 (LibrumProgressus) sententia_currens=435
[3100] PONERE_PROPRIETAS    5487895b-e26e-51c6-8f43-0b9062e2fb76 (LibrumProgressus) sententia_currens=436
[3101] PONERE_PROPRIETAS    5487895b-e26e-51c6-8f43-0b9062e2fb76 (LibrumProgressus) sententia_currens=437
[3102] PONERE_PROPRIETAS    5487895b-e26e-51c6-8f43-0b9062e2fb76 (LibrumProgressus) sententia_currens=438
[3103] PONERE_PROPRIETAS    5487895b-e26e-51c6-8f43-0b9062e2fb76 (LibrumProgressus) sententia_currens=439
[3104] PONERE_PROPRIETAS    5487895b-e26e-51c6-8f43-0b9062e2fb76 (LibrumProgressus) sententia_currens=440
[3105] PONERE_PROPRIETAS    5487895b-e26e-51c6-8f43-0b9062e2fb76 (LibrumProgressus) sententia_currens=441
[3106] PONERE_PROPRIETAS    5487895b-e26e-51c6-8f43-0b9062e2fb76 (LibrumProgressus) sententia_currens=442
[3107] PONERE_PROPRIETAS    5487895b-e26e-51c6-8f43-0b9062e2fb76 (LibrumProgressus) sententia_currens=441
[3108] PONERE_PROPRIETAS    5487895b-e26e-51c6-8f43-0b9062e2fb76 (LibrumProgressus) sententia_currens=442
[3109] PONERE_PROPRIETAS    5487895b-e26e-51c6-8f43-0b9062e2fb76 (LibrumProgressus) sententia_currens=441
[3110] PONERE_PROPRIETAS    5487895b-e26e-51c6-8f43-0b9062e2fb76 (LibrumProgressus) sententia_currens=442
[3111] PONERE_PROPRIETAS    5487895b-e26e-51c6-8f43-0b9062e2fb76 (LibrumProgressus) sententia_currens=443
[3112] PONERE_PROPRIETAS    5487895b-e26e-51c6-8f43-0b9062e2fb76 (LibrumProgressus) sententia_currens=444
[3113] PONERE_PROPRIETAS    5487895b-e26e-51c6-8f43-0b9062e2fb76 (LibrumProgressus) sententia_currens=443
[3114] PONERE_PROPRIETAS    5487895b-e26e-51c6-8f43-0b9062e2fb76 (LibrumProgressus) sententia_currens=442
[3115] PONERE_PROPRIETAS    5487895b-e26e-51c6-8f43-0b9062e2fb76 (LibrumProgressus) sententia_currens=441
[3116] PONERE_PROPRIETAS    5487895b-e26e-51c6-8f43-0b9062e2fb76 (LibrumProgressus) sententia_currens=440
[3117] PONERE_PROPRIETAS    5487895b-e26e-51c6-8f43-0b9062e2fb76 (LibrumProgressus) sententia_currens=439
[3118] PONERE_PROPRIETAS    5487895b-e26e-51c6-8f43-0b9062e2fb76 (LibrumProgressus) sententia_currens=438
[3119] PONERE_PROPRIETAS    5487895b-e26e-51c6-8f43-0b9062e2fb76 (LibrumProgressus) sententia_currens=437
[3120] PONERE_PROPRIETAS    5487895b-e26e-51c6-8f43-0b9062e2fb76 (LibrumProgressus) sententia_currens=436
[3121] PONERE_PROPRIETAS    5487895b-e26e-51c6-8f43-0b9062e2fb76 (LibrumProgressus) sententia_currens=435
[3122] PONERE_PROPRIETAS    5487895b-e26e-51c6-8f43-0b9062e2fb76 (LibrumProgressus) sententia_currens=434
[3123] PONERE_PROPRIETAS    5487895b-e26e-51c6-8f43-0b9062e2fb76 (LibrumProgressus) sententia_currens=435
[3124] PONERE_PROPRIETAS    5487895b-e26e-51c6-8f43-0b9062e2fb76 (LibrumProgressus) sententia_currens=436
[3125] PONERE_PROPRIETAS    5487895b-e26e-51c6-8f43-0b9062e2fb76 (LibrumProgressus) sententia_currens=437
[3126] PONERE_PROPRIETAS    5487895b-e26e-51c6-8f43-0b9062e2fb76 (LibrumProgressus) sententia_currens=438
[3127] PONERE_PROPRIETAS    5487895b-e26e-51c6-8f43-0b9062e2fb76 (LibrumProgressus) sententia_currens=439
[3128] PONERE_PROPRIETAS    5487895b-e26e-51c6-8f43-0b9062e2fb76 (LibrumProgressus) sententia_currens=440
[3129] PONERE_PROPRIETAS    5487895b-e26e-51c6-8f43-0b9062e2fb76 (LibrumProgressus) sententia_currens=441
[3130] PONERE_PROPRIETAS    5487895b-e26e-51c6-8f43-0b9062e2fb76 (LibrumProgressus) sententia_currens=440
[3131] PONERE_PROPRIETAS    5487895b-e26e-51c6-8f43-0b9062e2fb76 (LibrumProgressus) sententia_currens=439
[3132] PONERE_PROPRIETAS    5487895b-e26e-51c6-8f43-0b9062e2fb76 (LibrumProgressus) sententia_currens=438
[3133] PONERE_PROPRIETAS    5487895b-e26e-51c6-8f43-0b9062e2fb76 (LibrumProgressus) sententia_currens=437
[3134] PONERE_PROPRIETAS    5487895b-e26e-51c6-8f43-0b9062e2fb76 (LibrumProgressus) sententia_currens=436
[3135] PONERE_PROPRIETAS    5487895b-e26e-51c6-8f43-0b9062e2fb76 (LibrumProgressus) sententia_currens=435
[3136] PONERE_PROPRIETAS    5487895b-e26e-51c6-8f43-0b9062e2fb76 (LibrumProgressus) sententia_currens=434
[3137] PONERE_PROPRIETAS    5487895b-e26e-51c6-8f43-0b9062e2fb76 (LibrumProgressus) sententia_currens=433
[3138] PONERE_PROPRIETAS    5487895b-e26e-51c6-8f43-0b9062e2fb76 (LibrumProgressus) sententia_currens=432
[3139] PONERE_PROPRIETAS    5487895b-e26e-51c6-8f43-0b9062e2fb76 (LibrumProgressus) sententia_currens=433
[3140] PONERE_PROPRIETAS    5487895b-e26e-51c6-8f43-0b9062e2fb76 (LibrumProgressus) sententia_currens=434
[3141] PONERE_PROPRIETAS    5487895b-e26e-51c6-8f43-0b9062e2fb76 (LibrumProgressus) sententia_currens=435
[3142] PONERE_PROPRIETAS    5487895b-e26e-51c6-8f43-0b9062e2fb76 (LibrumProgressus) sententia_currens=436
[3143] PONERE_PROPRIETAS    5487895b-e26e-51c6-8f43-0b9062e2fb76 (LibrumProgressus) sententia_currens=437
[3144] PONERE_PROPRIETAS    5487895b-e26e-51c6-8f43-0b9062e2fb76 (LibrumProgressus) sententia_currens=438
[3145] PONERE_PROPRIETAS    5487895b-e26e-51c6-8f43-0b9062e2fb76 (LibrumProgressus) sententia_currens=439
[3146] PONERE_PROPRIETAS    5487895b-e26e-51c6-8f43-0b9062e2fb76 (LibrumProgressus) sententia_currens=440
[3147] PONERE_PROPRIETAS    5487895b-e26e-51c6-8f43-0b9062e2fb76 (LibrumProgressus) sententia_currens=441
[3148] PONERE_PROPRIETAS    5487895b-e26e-51c6-8f43-0b9062e2fb76 (LibrumProgressus) sententia_currens=442
[3149] PONERE_PROPRIETAS    5487895b-e26e-51c6-8f43-0b9062e2fb76 (LibrumProgressus) sententia_currens=443
[3150] PONERE_PROPRIETAS    5487895b-e26e-51c6-8f43-0b9062e2fb76 (LibrumProgressus) sententia_currens=444
[3151] PONERE_PROPRIETAS    5487895b-e26e-51c6-8f43-0b9062e2fb76 (LibrumProgressus) sententia_currens=445
[3152] PONERE_PROPRIETAS    5487895b-e26e-51c6-8f43-0b9062e2fb76 (LibrumProgressus) sententia_currens=446
[3153] PONERE_PROPRIETAS    5487895b-e26e-51c6-8f43-0b9062e2fb76 (LibrumProgressus) sententia_currens=447
[3154] PONERE_PROPRIETAS    5487895b-e26e-51c6-8f43-0b9062e2fb76 (LibrumProgressus) sententia_currens=448
[3155] PONERE_PROPRIETAS    5487895b-e26e-51c6-8f43-0b9062e2fb76 (LibrumProgressus) sententia_currens=449
[3156] PONERE_PROPRIETAS    5487895b-e26e-51c6-8f43-0b9062e2fb76 (LibrumProgressus) sententia_currens=450
[3157] PONERE_PROPRIETAS    5487895b-e26e-51c6-8f43-0b9062e2fb76 (LibrumProgressus) sententia_currens=451
[3158] PONERE_PROPRIETAS    5487895b-e26e-51c6-8f43-0b9062e2fb76 (LibrumProgressus) sententia_currens=450
[3159] PONERE_PROPRIETAS    5487895b-e26e-51c6-8f43-0b9062e2fb76 (LibrumProgressus) sententia_currens=451
[3160] PONERE_PROPRIETAS    5487895b-e26e-51c6-8f43-0b9062e2fb76 (LibrumProgressus) sententia_currens=452
[3161] PONERE_PROPRIETAS    5487895b-e26e-51c6-8f43-0b9062e2fb76 (LibrumProgressus) sententia_currens=453
[3162] PONERE_PROPRIETAS    5487895b-e26e-51c6-8f43-0b9062e2fb76 (LibrumProgressus) sententia_currens=454
[3163] PONERE_PROPRIETAS    5487895b-e26e-51c6-8f43-0b9062e2fb76 (LibrumProgressus) sententia_currens=455
[3164] PONERE_PROPRIETAS    5487895b-e26e-51c6-8f43-0b9062e2fb76 (LibrumProgressus) sententia_currens=454
[3165] PONERE_PROPRIETAS    5487895b-e26e-51c6-8f43-0b9062e2fb76 (LibrumProgressus) sententia_currens=455
[3166] PONERE_PROPRIETAS    5487895b-e26e-51c6-8f43-0b9062e2fb76 (LibrumProgressus) sententia_currens=456
[3167] PONERE_PROPRIETAS    5487895b-e26e-51c6-8f43-0b9062e2fb76 (LibrumProgressus) sententia_currens=455
[3168] PONERE_PROPRIETAS    5487895b-e26e-51c6-8f43-0b9062e2fb76 (LibrumProgressus) sententia_currens=456
[3169] PONERE_PROPRIETAS    5487895b-e26e-51c6-8f43-0b9062e2fb76 (LibrumProgressus) sententia_currens=457
[3170] PONERE_PROPRIETAS    5487895b-e26e-51c6-8f43-0b9062e2fb76 (LibrumProgressus) sententia_currens=458
[3171] PONERE_PROPRIETAS    5487895b-e26e-51c6-8f43-0b9062e2fb76 (LibrumProgressus) sententia_currens=459
[3172] PONERE_PROPRIETAS    5487895b-e26e-51c6-8f43-0b9062e2fb76 (LibrumProgressus) sententia_currens=458
[3173] PONERE_PROPRIETAS    5487895b-e26e-51c6-8f43-0b9062e2fb76 (LibrumProgressus) sententia_currens=459
[3174] PONERE_PROPRIETAS    5487895b-e26e-51c6-8f43-0b9062e2fb76 (LibrumProgressus) sententia_currens=460
[3175] PONERE_PROPRIETAS    5487895b-e26e-51c6-8f43-0b9062e2fb76 (LibrumProgressus) sententia_currens=459
[3176] PONERE_PROPRIETAS    5487895b-e26e-51c6-8f43-0b9062e2fb76 (LibrumProgressus) sententia_currens=460
[3177] PONERE_PROPRIETAS    5487895b-e26e-51c6-8f43-0b9062e2fb76 (LibrumProgressus) sententia_currens=459
[3178] PONERE_PROPRIETAS    5487895b-e26e-51c6-8f43-0b9062e2fb76 (LibrumProgressus) sententia_currens=460
[3179] PONERE_PROPRIETAS    5487895b-e26e-51c6-8f43-0b9062e2fb76 (LibrumProgressus) sententia_currens=461
[3180] PONERE_PROPRIETAS    5487895b-e26e-51c6-8f43-0b9062e2fb76 (LibrumProgressus) sententia_currens=460
[3181] PONERE_PROPRIETAS    5487895b-e26e-51c6-8f43-0b9062e2fb76 (LibrumProgressus) sententia_currens=461
[3182] PONERE_PROPRIETAS    5487895b-e26e-51c6-8f43-0b9062e2fb76 (LibrumProgressus) sententia_currens=462
[3183] PONERE_PROPRIETAS    5487895b-e26e-51c6-8f43-0b9062e2fb76 (LibrumProgressus) sententia_currens=463
[3184] PONERE_PROPRIETAS    5487895b-e26e-51c6-8f43-0b9062e2fb76 (LibrumProgressus) sententia_currens=464
[3185] PONERE_PROPRIETAS    5487895b-e26e-51c6-8f43-0b9062e2fb76 (LibrumProgressus) sententia_currens=465
[3186] PONERE_PROPRIETAS    5487895b-e26e-51c6-8f43-0b9062e2fb76 (LibrumProgressus) sententia_currens=466
[3187] PONERE_PROPRIETAS    5487895b-e26e-51c6-8f43-0b9062e2fb76 (LibrumProgressus) sententia_currens=467
[3188] PONERE_PROPRIETAS    5487895b-e26e-51c6-8f43-0b9062e2fb76 (LibrumProgressus) sententia_currens=468
[3189] PONERE_PROPRIETAS    5487895b-e26e-51c6-8f43-0b9062e2fb76 (LibrumProgressus) sententia_currens=469
[3190] PONERE_PROPRIETAS    5487895b-e26e-51c6-8f43-0b9062e2fb76 (LibrumProgressus) sententia_currens=470
[3191] PONERE_PROPRIETAS    5487895b-e26e-51c6-8f43-0b9062e2fb76 (LibrumProgressus) sententia_currens=471
[3192] PONERE_PROPRIETAS    5487895b-e26e-51c6-8f43-0b9062e2fb76 (LibrumProgressus) sententia_currens=472
[3193] PONERE_PROPRIETAS    5487895b-e26e-51c6-8f43-0b9062e2fb76 (LibrumProgressus) sententia_currens=473
[3194] PONERE_PROPRIETAS    5487895b-e26e-51c6-8f43-0b9062e2fb76 (LibrumProgressus) sententia_currens=472
[3195] PONERE_PROPRIETAS    5487895b-e26e-51c6-8f43-0b9062e2fb76 (LibrumProgressus) sententia_currens=473
[3196] PONERE_PROPRIETAS    5487895b-e26e-51c6-8f43-0b9062e2fb76 (LibrumProgressus) sententia_currens=472
[3197] PONERE_PROPRIETAS    5487895b-e26e-51c6-8f43-0b9062e2fb76 (LibrumProgressus) sententia_currens=471
[3198] PONERE_PROPRIETAS    5487895b-e26e-51c6-8f43-0b9062e2fb76 (LibrumProgressus) sententia_currens=472
[3199] PONERE_PROPRIETAS    5487895b-e26e-51c6-8f43-0b9062e2fb76 (LibrumProgressus) sententia_currens=471
[3200] PONERE_PROPRIETAS    5487895b-e26e-51c6-8f43-0b9062e2fb76 (LibrumProgressus) sententia_currens=472
[3201] PONERE_PROPRIETAS    5487895b-e26e-51c6-8f43-0b9062e2fb76 (LibrumProgressus) sententia_currens=471
[3202] PONERE_PROPRIETAS    5487895b-e26e-51c6-8f43-0b9062e2fb76 (LibrumProgressus) sententia_currens=470
[3203] PONERE_PROPRIETAS    5487895b-e26e-51c6-8f43-0b9062e2fb76 (LibrumProgressus) sententia_currens=471
[3204] PONERE_PROPRIETAS    5487895b-e26e-51c6-8f43-0b9062e2fb76 (LibrumProgressus) modus_sententiae=0
[3205] PONERE_PROPRIETAS    5487895b-e26e-51c6-8f43-0b9062e2fb76 (LibrumProgressus) modus_sententiae=1
[3206] CREARE_ENTITAS       e7620bbe-4eca-5c33-b9b7-bf41e07e1439 (LibrumProgressus)
[3207] PONERE_PROPRIETAS    e7620bbe-4eca-5c33-b9b7-bf41e07e1439 (LibrumProgressus) titulus=14286
[3208] ADDERE_RELATIO       e7620bbe-4eca-5c33-b9b7-bf41e07e1439 (LibrumProgressus) --[est]--> 2993e15a-ff74-52cb-9700-b385e87e79d3
[3209] PONERE_PROPRIETAS    e7620bbe-4eca-5c33-b9b7-bf41e07e1439 (LibrumProgressus) pagina_currens=1
[3210] PONERE_PROPRIETAS    e7620bbe-4eca-5c33-b9b7-bf41e07e1439 (LibrumProgressus) modus_sententiae=0
[3211] PONERE_PROPRIETAS    e7620bbe-4eca-5c33-b9b7-bf41e07e1439 (LibrumProgressus) sententia_currens=0
[3212] PONERE_PROPRIETAS    e7620bbe-4eca-5c33-b9b7-bf41e07e1439 (LibrumProgressus) pagina_currens=2
[3213] PONERE_PROPRIETAS    e7620bbe-4eca-5c33-b9b7-bf41e07e1439 (LibrumProgressus) pagina_currens=3
[3214] PONERE_PROPRIETAS    e7620bbe-4eca-5c33-b9b7-bf41e07e1439 (LibrumProgressus) pagina_currens=4
[3215] PONERE_PROPRIETAS    e7620bbe-4eca-5c33-b9b7-bf41e07e1439 (LibrumProgressus) pagina_currens=5
[3216] PONERE_PROPRIETAS    e7620bbe-4eca-5c33-b9b7-bf41e07e1439 (LibrumProgressus) pagina_currens=6
[3217] PONERE_PROPRIETAS    e7620bbe-4eca-5c33-b9b7-bf41e07e1439 (LibrumProgressus) pagina_currens=7
[3218] PONERE_PROPRIETAS    e7620bbe-4eca-5c33-b9b7-bf41e07e1439 (LibrumProgressus) pagina_currens=8
[3219] PONERE_PROPRIETAS    e7620bbe-4eca-5c33-b9b7-bf41e07e1439 (LibrumProgressus) pagina_currens=9
[3220] PONERE_PROPRIETAS    e7620bbe-4eca-5c33-b9b7-bf41e07e1439 (LibrumProgressus) pagina_currens=10
[3221] PONERE_PROPRIETAS    e7620bbe-4eca-5c33-b9b7-bf41e07e1439 (LibrumProgressus) pagina_currens=11
[3222] PONERE_PROPRIETAS    e7620bbe-4eca-5c33-b9b7-bf41e07e1439 (LibrumProgressus) pagina_currens=12
[3223] CREARE_ENTITAS       e359e9a4-80ef-579d-a8b0-b8fcd0db4426 (LibrumProgressus)
[3224] PONERE_PROPRIETAS    e359e9a4-80ef-579d-a8b0-b8fcd0db4426 (LibrumProgressus) titulus=14391
[3225] ADDERE_RELATIO       e359e9a4-80ef-579d-a8b0-b8fcd0db4426 (LibrumProgressus) --[est]--> 2993e15a-ff74-52cb-9700-b385e87e79d3
[3226] PONERE_PROPRIETAS    e359e9a4-80ef-579d-a8b0-b8fcd0db4426 (LibrumProgressus) pagina_currens=1
[3227] PONERE_PROPRIETAS    e359e9a4-80ef-579d-a8b0-b8fcd0db4426 (LibrumProgressus) modus_sententiae=0
[3228] PONERE_PROPRIETAS    e359e9a4-80ef-579d-a8b0-b8fcd0db4426 (LibrumProgressus) sententia_currens=0
[3229] PONERE_PROPRIETAS    e359e9a4-80ef-579d-a8b0-b8fcd0db4426 (LibrumProgressus) pagina_currens=0
[3230] PONERE_PROPRIETAS    e359e9a4-80ef-579d-a8b0-b8fcd0db4426 (LibrumProgressus) modus_sententiae=1
[3231] PONERE_PROPRIETAS    e359e9a4-80ef-579d-a8b0-b8fcd0db4426 (LibrumProgressus) sententia_currens=1
[3232] PONERE_PROPRIETAS    e359e9a4-80ef-579d-a8b0-b8fcd0db4426 (LibrumProgressus) sententia_currens=2
[3233] PONERE_PROPRIETAS    e359e9a4-80ef-579d-a8b0-b8fcd0db4426 (LibrumProgressus) sententia_currens=3
[3234] PONERE_PROPRIETAS    e359e9a4-80ef-579d-a8b0-b8fcd0db4426 (LibrumProgressus) sententia_currens=4
[3235] PONERE_PROPRIETAS    e359e9a4-80ef-579d-a8b0-b8fcd0db4426 (LibrumProgressus) sententia_currens=3
[3236] PONERE_PROPRIETAS    e359e9a4-80ef-579d-a8b0-b8fcd0db4426 (LibrumProgressus) sententia_currens=4
[3237] PONERE_PROPRIETAS    e359e9a4-80ef-579d-a8b0-b8fcd0db4426 (LibrumProgressus) sententia_currens=5
[3238] PONERE_PROPRIETAS    e359e9a4-80ef-579d-a8b0-b8fcd0db4426 (LibrumProgressus) sententia_currens=6
[3239] PONERE_PROPRIETAS    e359e9a4-80ef-579d-a8b0-b8fcd0db4426 (LibrumProgressus) sententia_currens=7
[3240] PONERE_PROPRIETAS    e359e9a4-80ef-579d-a8b0-b8fcd0db4426 (LibrumProgressus) sententia_currens=8
[3241] PONERE_PROPRIETAS    e359e9a4-80ef-579d-a8b0-b8fcd0db4426 (LibrumProgressus) sententia_currens=9
[3242] PONERE_PROPRIETAS    e359e9a4-80ef-579d-a8b0-b8fcd0db4426 (LibrumProgressus) sententia_currens=10
[3243] PONERE_PROPRIETAS    e359e9a4-80ef-579d-a8b0-b8fcd0db4426 (LibrumProgressus) sententia_currens=11
[3244] PONERE_PROPRIETAS    e359e9a4-80ef-579d-a8b0-b8fcd0db4426 (LibrumProgressus) sententia_currens=12
[3245] PONERE_PROPRIETAS    e359e9a4-80ef-579d-a8b0-b8fcd0db4426 (LibrumProgressus) sententia_currens=13
[3246] PONERE_PROPRIETAS    e359e9a4-80ef-579d-a8b0-b8fcd0db4426 (LibrumProgressus) sententia_currens=14
[3247] PONERE_PROPRIETAS    e359e9a4-80ef-579d-a8b0-b8fcd0db4426 (LibrumProgressus) sententia_currens=15
[3248] PONERE_PROPRIETAS    e359e9a4-80ef-579d-a8b0-b8fcd0db4426 (LibrumProgressus) sententia_currens=16
[3249] PONERE_PROPRIETAS    e359e9a4-80ef-579d-a8b0-b8fcd0db4426 (LibrumProgressus) sententia_currens=17
[3250] PONERE_PROPRIETAS    e359e9a4-80ef-579d-a8b0-b8fcd0db4426 (LibrumProgressus) sententia_currens=18
[3251] PONERE_PROPRIETAS    e359e9a4-80ef-579d-a8b0-b8fcd0db4426 (LibrumProgressus) sententia_currens=19
[3252] PONERE_PROPRIETAS    e359e9a4-80ef-579d-a8b0-b8fcd0db4426 (LibrumProgressus) sententia_currens=20
[3253] PONERE_PROPRIETAS    e359e9a4-80ef-579d-a8b0-b8fcd0db4426 (LibrumProgressus) sententia_currens=21
[3254] PONERE_PROPRIETAS    e359e9a4-80ef-579d-a8b0-b8fcd0db4426 (LibrumProgressus) sententia_currens=22
[3255] PONERE_PROPRIETAS    e359e9a4-80ef-579d-a8b0-b8fcd0db4426 (LibrumProgressus) sententia_currens=23
[3256] PONERE_PROPRIETAS    e359e9a4-80ef-579d-a8b0-b8fcd0db4426 (LibrumProgressus) sententia_currens=24
[3257] PONERE_PROPRIETAS    e359e9a4-80ef-579d-a8b0-b8fcd0db4426 (LibrumProgressus) sententia_currens=25
[3258] PONERE_PROPRIETAS    e359e9a4-80ef-579d-a8b0-b8fcd0db4426 (LibrumProgressus) sententia_currens=26
[3259] PONERE_PROPRIETAS    e359e9a4-80ef-579d-a8b0-b8fcd0db4426 (LibrumProgressus) sententia_currens=27
[3260] PONERE_PROPRIETAS    e359e9a4-80ef-579d-a8b0-b8fcd0db4426 (LibrumProgressus) sententia_currens=28
[3261] PONERE_PROPRIETAS    e359e9a4-80ef-579d-a8b0-b8fcd0db4426 (LibrumProgressus) sententia_currens=29
[3262] PONERE_PROPRIETAS    e359e9a4-80ef-579d-a8b0-b8fcd0db4426 (LibrumProgressus) sententia_currens=30
[3263] PONERE_PROPRIETAS    e359e9a4-80ef-579d-a8b0-b8fcd0db4426 (LibrumProgressus) sententia_currens=31
[3264] PONERE_PROPRIETAS    e359e9a4-80ef-579d-a8b0-b8fcd0db4426 (LibrumProgressus) sententia_currens=32
[3265] PONERE_PROPRIETAS    e359e9a4-80ef-579d-a8b0-b8fcd0db4426 (LibrumProgressus) sententia_currens=33
[3266] PONERE_PROPRIETAS    e359e9a4-80ef-579d-a8b0-b8fcd0db4426 (LibrumProgressus) sententia_currens=34
[3267] PONERE_PROPRIETAS    e359e9a4-80ef-579d-a8b0-b8fcd0db4426 (LibrumProgressus) sententia_currens=35
[3268] PONERE_PROPRIETAS    e359e9a4-80ef-579d-a8b0-b8fcd0db4426 (LibrumProgressus) sententia_currens=36
[3269] PONERE_PROPRIETAS    e359e9a4-80ef-579d-a8b0-b8fcd0db4426 (LibrumProgressus) sententia_currens=37
[3270] PONERE_PROPRIETAS    e359e9a4-80ef-579d-a8b0-b8fcd0db4426 (LibrumProgressus) sententia_currens=38
[3271] PONERE_PROPRIETAS    e359e9a4-80ef-579d-a8b0-b8fcd0db4426 (LibrumProgressus) sententia_currens=39
[3272] PONERE_PROPRIETAS    e359e9a4-80ef-579d-a8b0-b8fcd0db4426 (LibrumProgressus) sententia_currens=40
[3273] PONERE_PROPRIETAS    e359e9a4-80ef-579d-a8b0-b8fcd0db4426 (LibrumProgressus) sententia_currens=41
[3274] PONERE_PROPRIETAS    e359e9a4-80ef-579d-a8b0-b8fcd0db4426 (LibrumProgressus) sententia_currens=42
[3275] PONERE_PROPRIETAS    e359e9a4-80ef-579d-a8b0-b8fcd0db4426 (LibrumProgressus) sententia_currens=43
[3276] PONERE_PROPRIETAS    e359e9a4-80ef-579d-a8b0-b8fcd0db4426 (LibrumProgressus) sententia_currens=44
[3277] PONERE_PROPRIETAS    e359e9a4-80ef-579d-a8b0-b8fcd0db4426 (LibrumProgressus) sententia_currens=45
[3278] PONERE_PROPRIETAS    e359e9a4-80ef-579d-a8b0-b8fcd0db4426 (LibrumProgressus) sententia_currens=46
[3279] PONERE_PROPRIETAS    e359e9a4-80ef-579d-a8b0-b8fcd0db4426 (LibrumProgressus) sententia_currens=47
[3280] PONERE_PROPRIETAS    e359e9a4-80ef-579d-a8b0-b8fcd0db4426 (LibrumProgressus) sententia_currens=48
[3281] PONERE_PROPRIETAS    e359e9a4-80ef-579d-a8b0-b8fcd0db4426 (LibrumProgressus) sententia_currens=49
[3282] PONERE_PROPRIETAS    e359e9a4-80ef-579d-a8b0-b8fcd0db4426 (LibrumProgressus) sententia_currens=50
[3283] PONERE_PROPRIETAS    e359e9a4-80ef-579d-a8b0-b8fcd0db4426 (LibrumProgressus) sententia_currens=51
[3284] PONERE_PROPRIETAS    e359e9a4-80ef-579d-a8b0-b8fcd0db4426 (LibrumProgressus) sententia_currens=52
[3285] PONERE_PROPRIETAS    e359e9a4-80ef-579d-a8b0-b8fcd0db4426 (LibrumProgressus) sententia_currens=53
[3286] PONERE_PROPRIETAS    e359e9a4-80ef-579d-a8b0-b8fcd0db4426 (LibrumProgressus) sententia_currens=54
[3287] PONERE_PROPRIETAS    e359e9a4-80ef-579d-a8b0-b8fcd0db4426 (LibrumProgressus) sententia_currens=55
[3288] PONERE_PROPRIETAS    e359e9a4-80ef-579d-a8b0-b8fcd0db4426 (LibrumProgressus) sententia_currens=56
[3289] PONERE_PROPRIETAS    e359e9a4-80ef-579d-a8b0-b8fcd0db4426 (LibrumProgressus) sententia_currens=57
[3290] PONERE_PROPRIETAS    e359e9a4-80ef-579d-a8b0-b8fcd0db4426 (LibrumProgressus) sententia_currens=58
[3291] PONERE_PROPRIETAS    e359e9a4-80ef-579d-a8b0-b8fcd0db4426 (LibrumProgressus) sententia_currens=59
[3292] PONERE_PROPRIETAS    e359e9a4-80ef-579d-a8b0-b8fcd0db4426 (LibrumProgressus) sententia_currens=60
[3293] PONERE_PROPRIETAS    e359e9a4-80ef-579d-a8b0-b8fcd0db4426 (LibrumProgressus) sententia_currens=61
[3294] PONERE_PROPRIETAS    e359e9a4-80ef-579d-a8b0-b8fcd0db4426 (LibrumProgressus) sententia_currens=62
[3295] PONERE_PROPRIETAS    e359e9a4-80ef-579d-a8b0-b8fcd0db4426 (LibrumProgressus) sententia_currens=63
[3296] PONERE_PROPRIETAS    e359e9a4-80ef-579d-a8b0-b8fcd0db4426 (LibrumProgressus) sententia_currens=64
[3297] PONERE_PROPRIETAS    e359e9a4-80ef-579d-a8b0-b8fcd0db4426 (LibrumProgressus) sententia_currens=65
[3298] PONERE_PROPRIETAS    e359e9a4-80ef-579d-a8b0-b8fcd0db4426 (LibrumProgressus) sententia_currens=66
[3299] PONERE_PROPRIETAS    e359e9a4-80ef-579d-a8b0-b8fcd0db4426 (LibrumProgressus) sententia_currens=67
[3300] PONERE_PROPRIETAS    e359e9a4-80ef-579d-a8b0-b8fcd0db4426 (LibrumProgressus) sententia_currens=68
[3301] PONERE_PROPRIETAS    e359e9a4-80ef-579d-a8b0-b8fcd0db4426 (LibrumProgressus) sententia_currens=69
[3302] PONERE_PROPRIETAS    e359e9a4-80ef-579d-a8b0-b8fcd0db4426 (LibrumProgressus) sententia_currens=70
[3303] PONERE_PROPRIETAS    e359e9a4-80ef-579d-a8b0-b8fcd0db4426 (LibrumProgressus) sententia_currens=71
[3304] PONERE_PROPRIETAS    e359e9a4-80ef-579d-a8b0-b8fcd0db4426 (LibrumProgressus) sententia_currens=72
[3305] CREARE_ENTITAS       8eba05aa-63d1-51dc-a3a6-e10a3e703a21 (LibrumProgressus)
[3306] PONERE_PROPRIETAS    8eba05aa-63d1-51dc-a3a6-e10a3e703a21 (LibrumProgressus) titulus=14568
[3307] ADDERE_RELATIO       8eba05aa-63d1-51dc-a3a6-e10a3e703a21 (LibrumProgressus) --[est]--> 2993e15a-ff74-52cb-9700-b385e87e79d3
[3308] PONERE_PROPRIETAS    8eba05aa-63d1-51dc-a3a6-e10a3e703a21 (LibrumProgressus) pagina_currens=1
[3309] PONERE_PROPRIETAS    8eba05aa-63d1-51dc-a3a6-e10a3e703a21 (LibrumProgressus) modus_sententiae=0
[3310] PONERE_PROPRIETAS    8eba05aa-63d1-51dc-a3a6-e10a3e703a21 (LibrumProgressus) sententia_currens=0
[3311] PONERE_PROPRIETAS    8eba05aa-63d1-51dc-a3a6-e10a3e703a21 (LibrumProgressus) pagina_currens=2
[3312] PONERE_PROPRIETAS    8eba05aa-63d1-51dc-a3a6-e10a3e703a21 (LibrumProgressus) pagina_currens=3
[3313] PONERE_PROPRIETAS    8eba05aa-63d1-51dc-a3a6-e10a3e703a21 (LibrumProgressus) pagina_currens=4
[3314] PONERE_PROPRIETAS    8eba05aa-63d1-51dc-a3a6-e10a3e703a21 (LibrumProgressus) pagina_currens=5
[3315] PONERE_PROPRIETAS    8eba05aa-63d1-51dc-a3a6-e10a3e703a21 (LibrumProgressus) pagina_currens=6
[3316] PONERE_PROPRIETAS    8eba05aa-63d1-51dc-a3a6-e10a3e703a21 (LibrumProgressus) pagina_currens=7
[3317] PONERE_PROPRIETAS    8eba05aa-63d1-51dc-a3a6-e10a3e703a21 (LibrumProgressus) pagina_currens=8
[3318] PONERE_PROPRIETAS    8eba05aa-63d1-51dc-a3a6-e10a3e703a21 (LibrumProgressus) pagina_currens=9
[3319] PONERE_PROPRIETAS    8eba05aa-63d1-51dc-a3a6-e10a3e703a21 (LibrumProgressus) pagina_currens=10
[3320] PONERE_PROPRIETAS    8eba05aa-63d1-51dc-a3a6-e10a3e703a21 (LibrumProgressus) pagina_currens=11
[3321] PONERE_PROPRIETAS    8eba05aa-63d1-51dc-a3a6-e10a3e703a21 (LibrumProgressus) pagina_currens=12
[3322] PONERE_PROPRIETAS    8eba05aa-63d1-51dc-a3a6-e10a3e703a21 (LibrumProgressus) pagina_currens=13
[3323] PONERE_PROPRIETAS    8eba05aa-63d1-51dc-a3a6-e10a3e703a21 (LibrumProgressus) pagina_currens=14
[3324] PONERE_PROPRIETAS    8eba05aa-63d1-51dc-a3a6-e10a3e703a21 (LibrumProgressus) pagina_currens=15
[3325] PONERE_PROPRIETAS    8eba05aa-63d1-51dc-a3a6-e10a3e703a21 (LibrumProgressus) pagina_currens=16
[3326] PONERE_PROPRIETAS    8eba05aa-63d1-51dc-a3a6-e10a3e703a21 (LibrumProgressus) pagina_currens=17
[3327] CREARE_ENTITAS       eee825a7-bb3e-5c29-b4a3-2e6cb458186d (LibrumProgressus)
[3328] PONERE_PROPRIETAS    eee825a7-bb3e-5c29-b4a3-2e6cb458186d (LibrumProgressus) titulus=14346
[3329] ADDERE_RELATIO       eee825a7-bb3e-5c29-b4a3-2e6cb458186d (LibrumProgressus) --[est]--> 2993e15a-ff74-52cb-9700-b385e87e79d3
[3330] PONERE_PROPRIETAS    eee825a7-bb3e-5c29-b4a3-2e6cb458186d (LibrumProgressus) pagina_currens=1
[3331] PONERE_PROPRIETAS    eee825a7-bb3e-5c29-b4a3-2e6cb458186d (LibrumProgressus) modus_sententiae=0
[3332] PONERE_PROPRIETAS    eee825a7-bb3e-5c29-b4a3-2e6cb458186d (LibrumProgressus) sententia_currens=0
[3333] PONERE_PROPRIETAS    eee825a7-bb3e-5c29-b4a3-2e6cb458186d (LibrumProgressus) pagina_currens=2
[3334] PONERE_PROPRIETAS    eee825a7-bb3e-5c29-b4a3-2e6cb458186d (LibrumProgressus) pagina_currens=1
[3335] PONERE_PROPRIETAS    eee825a7-bb3e-5c29-b4a3-2e6cb458186d (LibrumProgressus) pagina_currens=0
[3336] PONERE_PROPRIETAS    eee825a7-bb3e-5c29-b4a3-2e6cb458186d (LibrumProgressus) modus_sententiae=1
[3337] PONERE_PROPRIETAS    eee825a7-bb3e-5c29-b4a3-2e6cb458186d (LibrumProgressus) sententia_currens=1
[3338] PONERE_PROPRIETAS    eee825a7-bb3e-5c29-b4a3-2e6cb458186d (LibrumProgressus) sententia_currens=2
[3339] PONERE_PROPRIETAS    eee825a7-bb3e-5c29-b4a3-2e6cb458186d (LibrumProgressus) sententia_currens=3
[3340] PONERE_PROPRIETAS    eee825a7-bb3e-5c29-b4a3-2e6cb458186d (LibrumProgressus) sententia_currens=4
[3341] PONERE_PROPRIETAS    eee825a7-bb3e-5c29-b4a3-2e6cb458186d (LibrumProgressus) sententia_currens=5
[3342] PONERE_PROPRIETAS    eee825a7-bb3e-5c29-b4a3-2e6cb458186d (LibrumProgressus) sententia_currens=6
[3343] PONERE_PROPRIETAS    eee825a7-bb3e-5c29-b4a3-2e6cb458186d (LibrumProgressus) sententia_currens=7
[3344] PONERE_PROPRIETAS    eee825a7-bb3e-5c29-b4a3-2e6cb458186d (LibrumProgressus) sententia_currens=8
[3345] PONERE_PROPRIETAS    eee825a7-bb3e-5c29-b4a3-2e6cb458186d (LibrumProgressus) sententia_currens=9
[3346] PONERE_PROPRIETAS    eee825a7-bb3e-5c29-b4a3-2e6cb458186d (LibrumProgressus) sententia_currens=8
[3347] PONERE_PROPRIETAS    eee825a7-bb3e-5c29-b4a3-2e6cb458186d (LibrumProgressus) sententia_currens=9
[3348] PONERE_PROPRIETAS    eee825a7-bb3e-5c29-b4a3-2e6cb458186d (LibrumProgressus) sententia_currens=10
[3349] PONERE_PROPRIETAS    eee825a7-bb3e-5c29-b4a3-2e6cb458186d (LibrumProgressus) sententia_currens=11
[3350] PONERE_PROPRIETAS    eee825a7-bb3e-5c29-b4a3-2e6cb458186d (LibrumProgressus) sententia_currens=12
[3351] PONERE_PROPRIETAS    eee825a7-bb3e-5c29-b4a3-2e6cb458186d (LibrumProgressus) sententia_currens=13
[3352] PONERE_PROPRIETAS    eee825a7-bb3e-5c29-b4a3-2e6cb458186d (LibrumProgressus) sententia_currens=14
[3353] PONERE_PROPRIETAS    eee825a7-bb3e-5c29-b4a3-2e6cb458186d (LibrumProgressus) sententia_currens=15
[3354] PONERE_PROPRIETAS    eee825a7-bb3e-5c29-b4a3-2e6cb458186d (LibrumProgressus) sententia_currens=16
[3355] PONERE_PROPRIETAS    eee825a7-bb3e-5c29-b4a3-2e6cb458186d (LibrumProgressus) sententia_currens=17
[3356] PONERE_PROPRIETAS    eee825a7-bb3e-5c29-b4a3-2e6cb458186d (LibrumProgressus) sententia_currens=18
[3357] PONERE_PROPRIETAS    eee825a7-bb3e-5c29-b4a3-2e6cb458186d (LibrumProgressus) sententia_currens=19
[3358] PONERE_PROPRIETAS    eee825a7-bb3e-5c29-b4a3-2e6cb458186d (LibrumProgressus) sententia_currens=20
[3359] PONERE_PROPRIETAS    eee825a7-bb3e-5c29-b4a3-2e6cb458186d (LibrumProgressus) sententia_currens=21
[3360] PONERE_PROPRIETAS    eee825a7-bb3e-5c29-b4a3-2e6cb458186d (LibrumProgressus) sententia_currens=22
[3361] PONERE_PROPRIETAS    eee825a7-bb3e-5c29-b4a3-2e6cb458186d (LibrumProgressus) sententia_currens=23
[3362] PONERE_PROPRIETAS    eee825a7-bb3e-5c29-b4a3-2e6cb458186d (LibrumProgressus) sententia_currens=24
[3363] PONERE_PROPRIETAS    eee825a7-bb3e-5c29-b4a3-2e6cb458186d (LibrumProgressus) sententia_currens=25
[3364] PONERE_PROPRIETAS    eee825a7-bb3e-5c29-b4a3-2e6cb458186d (LibrumProgressus) sententia_currens=26
[3365] PONERE_PROPRIETAS    eee825a7-bb3e-5c29-b4a3-2e6cb458186d (LibrumProgressus) sententia_currens=27
[3366] PONERE_PROPRIETAS    eee825a7-bb3e-5c29-b4a3-2e6cb458186d (LibrumProgressus) sententia_currens=28
[3367] PONERE_PROPRIETAS    eee825a7-bb3e-5c29-b4a3-2e6cb458186d (LibrumProgressus) sententia_currens=29
[3368] PONERE_PROPRIETAS    eee825a7-bb3e-5c29-b4a3-2e6cb458186d (LibrumProgressus) sententia_currens=30
[3369] PONERE_PROPRIETAS    eee825a7-bb3e-5c29-b4a3-2e6cb458186d (LibrumProgressus) sententia_currens=31
[3370] PONERE_PROPRIETAS    eee825a7-bb3e-5c29-b4a3-2e6cb458186d (LibrumProgressus) sententia_currens=32
[3371] PONERE_PROPRIETAS    eee825a7-bb3e-5c29-b4a3-2e6cb458186d (LibrumProgressus) sententia_currens=33
[3372] PONERE_PROPRIETAS    eee825a7-bb3e-5c29-b4a3-2e6cb458186d (LibrumProgressus) sententia_currens=34
[3373] PONERE_PROPRIETAS    eee825a7-bb3e-5c29-b4a3-2e6cb458186d (LibrumProgressus) sententia_currens=35
[3374] PONERE_PROPRIETAS    eee825a7-bb3e-5c29-b4a3-2e6cb458186d (LibrumProgressus) sententia_currens=36
[3375] PONERE_PROPRIETAS    eee825a7-bb3e-5c29-b4a3-2e6cb458186d (LibrumProgressus) sententia_currens=37
[3376] PONERE_PROPRIETAS    eee825a7-bb3e-5c29-b4a3-2e6cb458186d (LibrumProgressus) sententia_currens=38
[3377] PONERE_PROPRIETAS    eee825a7-bb3e-5c29-b4a3-2e6cb458186d (LibrumProgressus) sententia_currens=39
[3378] PONERE_PROPRIETAS    eee825a7-bb3e-5c29-b4a3-2e6cb458186d (LibrumProgressus) sententia_currens=40
[3379] PONERE_PROPRIETAS    eee825a7-bb3e-5c29-b4a3-2e6cb458186d (LibrumProgressus) sententia_currens=41
[3380] PONERE_PROPRIETAS    eee825a7-bb3e-5c29-b4a3-2e6cb458186d (LibrumProgressus) sententia_currens=42
[3381] PONERE_PROPRIETAS    eee825a7-bb3e-5c29-b4a3-2e6cb458186d (LibrumProgressus) sententia_currens=43
[3382] PONERE_PROPRIETAS    eee825a7-bb3e-5c29-b4a3-2e6cb458186d (LibrumProgressus) sententia_currens=44
[3383] PONERE_PROPRIETAS    eee825a7-bb3e-5c29-b4a3-2e6cb458186d (LibrumProgressus) sententia_currens=45
[3384] PONERE_PROPRIETAS    eee825a7-bb3e-5c29-b4a3-2e6cb458186d (LibrumProgressus) sententia_currens=46
[3385] PONERE_PROPRIETAS    eee825a7-bb3e-5c29-b4a3-2e6cb458186d (LibrumProgressus) sententia_currens=47
[3386] PONERE_PROPRIETAS    eee825a7-bb3e-5c29-b4a3-2e6cb458186d (LibrumProgressus) sententia_currens=48
[3387] PONERE_PROPRIETAS    eee825a7-bb3e-5c29-b4a3-2e6cb458186d (LibrumProgressus) sententia_currens=49
[3388] PONERE_PROPRIETAS    eee825a7-bb3e-5c29-b4a3-2e6cb458186d (LibrumProgressus) sententia_currens=50
[3389] PONERE_PROPRIETAS    eee825a7-bb3e-5c29-b4a3-2e6cb458186d (LibrumProgressus) sententia_currens=51
[3390] PONERE_PROPRIETAS    eee825a7-bb3e-5c29-b4a3-2e6cb458186d (LibrumProgressus) sententia_currens=50
[3391] PONERE_PROPRIETAS    eee825a7-bb3e-5c29-b4a3-2e6cb458186d (LibrumProgressus) sententia_currens=51
[3392] PONERE_PROPRIETAS    eee825a7-bb3e-5c29-b4a3-2e6cb458186d (LibrumProgressus) sententia_currens=52
[3393] PONERE_PROPRIETAS    eee825a7-bb3e-5c29-b4a3-2e6cb458186d (LibrumProgressus) sententia_currens=53
[3394] PONERE_PROPRIETAS    eee825a7-bb3e-5c29-b4a3-2e6cb458186d (LibrumProgressus) sententia_currens=54
[3395] PONERE_PROPRIETAS    eee825a7-bb3e-5c29-b4a3-2e6cb458186d (LibrumProgressus) sententia_currens=55
[3396] PONERE_PROPRIETAS    eee825a7-bb3e-5c29-b4a3-2e6cb458186d (LibrumProgressus) sententia_currens=56
[3397] PONERE_PROPRIETAS    eee825a7-bb3e-5c29-b4a3-2e6cb458186d (LibrumProgressus) sententia_currens=57
[3398] PONERE_PROPRIETAS    eee825a7-bb3e-5c29-b4a3-2e6cb458186d (LibrumProgressus) sententia_currens=58
[3399] PONERE_PROPRIETAS    eee825a7-bb3e-5c29-b4a3-2e6cb458186d (LibrumProgressus) sententia_currens=59
[3400] PONERE_PROPRIETAS    eee825a7-bb3e-5c29-b4a3-2e6cb458186d (LibrumProgressus) sententia_currens=60
[3401] PONERE_PROPRIETAS    eee825a7-bb3e-5c29-b4a3-2e6cb458186d (LibrumProgressus) sententia_currens=61
[3402] PONERE_PROPRIETAS    eee825a7-bb3e-5c29-b4a3-2e6cb458186d (LibrumProgressus) sententia_currens=62
[3403] PONERE_PROPRIETAS    eee825a7-bb3e-5c29-b4a3-2e6cb458186d (LibrumProgressus) sententia_currens=63
[3404] PONERE_PROPRIETAS    eee825a7-bb3e-5c29-b4a3-2e6cb458186d (LibrumProgressus) sententia_currens=64
[3405] PONERE_PROPRIETAS    eee825a7-bb3e-5c29-b4a3-2e6cb458186d (LibrumProgressus) sententia_currens=65
[3406] PONERE_PROPRIETAS    eee825a7-bb3e-5c29-b4a3-2e6cb458186d (LibrumProgressus) sententia_currens=66
[3407] PONERE_PROPRIETAS    eee825a7-bb3e-5c29-b4a3-2e6cb458186d (LibrumProgressus) sententia_currens=67
[3408] PONERE_PROPRIETAS    eee825a7-bb3e-5c29-b4a3-2e6cb458186d (LibrumProgressus) sententia_currens=68
[3409] PONERE_PROPRIETAS    eee825a7-bb3e-5c29-b4a3-2e6cb458186d (LibrumProgressus) sententia_currens=69
[3410] PONERE_PROPRIETAS    eee825a7-bb3e-5c29-b4a3-2e6cb458186d (LibrumProgressus) sententia_currens=70
[3411] PONERE_PROPRIETAS    eee825a7-bb3e-5c29-b4a3-2e6cb458186d (LibrumProgressus) sententia_currens=71
[3412] PONERE_PROPRIETAS    eee825a7-bb3e-5c29-b4a3-2e6cb458186d (LibrumProgressus) sententia_currens=72
[3413] PONERE_PROPRIETAS    eee825a7-bb3e-5c29-b4a3-2e6cb458186d (LibrumProgressus) sententia_currens=73
[3414] PONERE_PROPRIETAS    eee825a7-bb3e-5c29-b4a3-2e6cb458186d (LibrumProgressus) sententia_currens=74
[3415] PONERE_PROPRIETAS    eee825a7-bb3e-5c29-b4a3-2e6cb458186d (LibrumProgressus) sententia_currens=75
[3416] PONERE_PROPRIETAS    019b538f-5f56-7432-b611-ecd448a3e250 (Carta) z_index=849
[3417] PONERE_PROPRIETAS    019b3e84-8992-7aa1-be98-0e261556aa50 (Carta) z_index=850
[3418] PONERE_PROPRIETAS    019b5b1d-cfcb-7cce-964e-8ca1ad763d01 (Carta) z_index=851
[3419] PONERE_PROPRIETAS    019b3e84-8992-7aa1-be98-0e261556aa50 (Carta) z_index=856
[3420] CREARE_ENTITAS       41f9f84e-3a05-5b87-a25e-657cd840c301 (LibrumProgressus)
[3421] PONERE_PROPRIETAS    41f9f84e-3a05-5b87-a25e-657cd840c301 (LibrumProgressus) titulus=13977
[3422] ADDERE_RELATIO       41f9f84e-3a05-5b87-a25e-657cd840c301 (LibrumProgressus) --[est]--> 2993e15a-ff74-52cb-9700-b385e87e79d3
[3423] PONERE_PROPRIETAS    41f9f84e-3a05-5b87-a25e-657cd840c301 (LibrumProgressus) pagina_currens=0
[3424] PONERE_PROPRIETAS    41f9f84e-3a05-5b87-a25e-657cd840c301 (LibrumProgressus) modus_sententiae=0
[3425] PONERE_PROPRIETAS    41f9f84e-3a05-5b87-a25e-657cd840c301 (LibrumProgressus) sententia_currens=0
[3426] PONERE_PROPRIETAS    41f9f84e-3a05-5b87-a25e-657cd840c301 (LibrumProgressus) pagina_currens=1
[3427] PONERE_PROPRIETAS    41f9f84e-3a05-5b87-a25e-657cd840c301 (LibrumProgressus) pagina_currens=2
[3428] PONERE_PROPRIETAS    41f9f84e-3a05-5b87-a25e-657cd840c301 (LibrumProgressus) pagina_currens=3
[3429] PONERE_PROPRIETAS    41f9f84e-3a05-5b87-a25e-657cd840c301 (LibrumProgressus) pagina_currens=4
[3430] PONERE_PROPRIETAS    41f9f84e-3a05-5b87-a25e-657cd840c301 (LibrumProgressus) pagina_currens=5
[3431] PONERE_PROPRIETAS    41f9f84e-3a05-5b87-a25e-657cd840c301 (LibrumProgressus) pagina_currens=6
[3432] PONERE_PROPRIETAS    41f9f84e-3a05-5b87-a25e-657cd840c301 (LibrumProgressus) pagina_currens=7
[3433] PONERE_PROPRIETAS    41f9f84e-3a05-5b87-a25e-657cd840c301 (LibrumProgressus) pagina_currens=6
[3434] PONERE_PROPRIETAS    41f9f84e-3a05-5b87-a25e-657cd840c301 (LibrumProgressus) pagina_currens=5
[3435] PONERE_PROPRIETAS    41f9f84e-3a05-5b87-a25e-657cd840c301 (LibrumProgressus) pagina_currens=4
[3436] PONERE_PROPRIETAS    41f9f84e-3a05-5b87-a25e-657cd840c301 (LibrumProgressus) pagina_currens=3
[3437] PONERE_PROPRIETAS    41f9f84e-3a05-5b87-a25e-657cd840c301 (LibrumProgressus) pagina_currens=2
[3438] PONERE_PROPRIETAS    41f9f84e-3a05-5b87-a25e-657cd840c301 (LibrumProgressus) pagina_currens=1
[3439] PONERE_PROPRIETAS    41f9f84e-3a05-5b87-a25e-657cd840c301 (LibrumProgressus) pagina_currens=0
[3440] PONERE_PROPRIETAS    41f9f84e-3a05-5b87-a25e-657cd840c301 (LibrumProgressus) modus_sententiae=1
[3441] PONERE_PROPRIETAS    41f9f84e-3a05-5b87-a25e-657cd840c301 (LibrumProgressus) sententia_currens=1
[3442] PONERE_PROPRIETAS    41f9f84e-3a05-5b87-a25e-657cd840c301 (LibrumProgressus) sententia_currens=2
[3443] PONERE_PROPRIETAS    41f9f84e-3a05-5b87-a25e-657cd840c301 (LibrumProgressus) sententia_currens=3
[3444] PONERE_PROPRIETAS    41f9f84e-3a05-5b87-a25e-657cd840c301 (LibrumProgressus) sententia_currens=4
[3445] PONERE_PROPRIETAS    41f9f84e-3a05-5b87-a25e-657cd840c301 (LibrumProgressus) sententia_currens=5
[3446] PONERE_PROPRIETAS    41f9f84e-3a05-5b87-a25e-657cd840c301 (LibrumProgressus) sententia_currens=6
[3447] PONERE_PROPRIETAS    41f9f84e-3a05-5b87-a25e-657cd840c301 (LibrumProgressus) sententia_currens=5
[3448] PONERE_PROPRIETAS    41f9f84e-3a05-5b87-a25e-657cd840c301 (LibrumProgressus) sententia_currens=6
[3449] PONERE_PROPRIETAS    41f9f84e-3a05-5b87-a25e-657cd840c301 (LibrumProgressus) sententia_currens=7
[3450] PONERE_PROPRIETAS    41f9f84e-3a05-5b87-a25e-657cd840c301 (LibrumProgressus) sententia_currens=8
[3451] PONERE_PROPRIETAS    41f9f84e-3a05-5b87-a25e-657cd840c301 (LibrumProgressus) sententia_currens=9
[3452] PONERE_PROPRIETAS    41f9f84e-3a05-5b87-a25e-657cd840c301 (LibrumProgressus) sententia_currens=10
[3453] PONERE_PROPRIETAS    41f9f84e-3a05-5b87-a25e-657cd840c301 (LibrumProgressus) sententia_currens=11
[3454] PONERE_PROPRIETAS    41f9f84e-3a05-5b87-a25e-657cd840c301 (LibrumProgressus) sententia_currens=12
[3455] PONERE_PROPRIETAS    41f9f84e-3a05-5b87-a25e-657cd840c301 (LibrumProgressus) sententia_currens=13
[3456] PONERE_PROPRIETAS    41f9f84e-3a05-5b87-a25e-657cd840c301 (LibrumProgressus) sententia_currens=14
[3457] PONERE_PROPRIETAS    41f9f84e-3a05-5b87-a25e-657cd840c301 (LibrumProgressus) sententia_currens=15
[3458] PONERE_PROPRIETAS    41f9f84e-3a05-5b87-a25e-657cd840c301 (LibrumProgressus) sententia_currens=16
[3459] PONERE_PROPRIETAS    41f9f84e-3a05-5b87-a25e-657cd840c301 (LibrumProgressus) sententia_currens=17
[3460] PONERE_PROPRIETAS    41f9f84e-3a05-5b87-a25e-657cd840c301 (LibrumProgressus) sententia_currens=18
[3461] PONERE_PROPRIETAS    41f9f84e-3a05-5b87-a25e-657cd840c301 (LibrumProgressus) sententia_currens=19
[3462] PONERE_PROPRIETAS    41f9f84e-3a05-5b87-a25e-657cd840c301 (LibrumProgressus) sententia_currens=18
[3463] PONERE_PROPRIETAS    41f9f84e-3a05-5b87-a25e-657cd840c301 (LibrumProgressus) sententia_currens=17
[3464] PONERE_PROPRIETAS    41f9f84e-3a05-5b87-a25e-657cd840c301 (LibrumProgressus) sententia_currens=16
[3465] PONERE_PROPRIETAS    41f9f84e-3a05-5b87-a25e-657cd840c301 (LibrumProgressus) sententia_currens=17
[3466] CREARE_ENTITAS       cc3b1057-2617-51f5-a779-d1750405fea3 (LibroPagina)
[3467] PONERE_PROPRIETAS    cc3b1057-2617-51f5-a779-d1750405fea3 (LibroPagina) titulus=pagina-10
[3468] ADDERE_RELATIO       cc3b1057-2617-51f5-a779-d1750405fea3 (LibroPagina) --[est]--> f5fd3e63-c2cc-5256-a514-4b7764478f6d
[3469] ADDERE_NOTA          cc3b1057-2617-51f5-a779-d1750405fea3 (LibroPagina) ##LibroPagina
[3470] PONERE_PROPRIETAS    cc3b1057-2617-51f5-a779-d1750405fea3 (LibroPagina) ordo=10
[3471] PONERE_PROPRIETAS    cc3b1057-2617-51f5-a779-d1750405fea3 (LibroPagina) name=pagina-10
[3472] PONERE_PROPRIETAS    cc3b1057-2617-51f5-a779-d1750405fea3 (LibroPagina) contentum=

	 	 	 	 NOTES
	 	 	 	 
	 	 	 	 
	 	 	 	 	 





...
[3473] CREARE_ENTITAS       c51fd415-372a-5bdb-bf05-525a117e459f (LibrariumStatus)
[3474] PONERE_PROPRIETAS    c51fd415-372a-5bdb-bf05-525a117e459f (LibrariumStatus) titulus=LibrariumStatus::8
[3475] ADDERE_RELATIO       c51fd415-372a-5bdb-bf05-525a117e459f (LibrariumStatus) --[est]--> 3c5d275c-c478-5fa9-8f77-05c55b07039d
[3476] PONERE_PROPRIETAS    c51fd415-372a-5bdb-bf05-525a117e459f (LibrariumStatus) modus=4
[3477] PONERE_PROPRIETAS    c51fd415-372a-5bdb-bf05-525a117e459f (LibrariumStatus) categoria=0
[3478] PONERE_PROPRIETAS    c51fd415-372a-5bdb-bf05-525a117e459f (LibrariumStatus) index_paginae=18
[3479] PONERE_PROPRIETAS    c51fd415-372a-5bdb-bf05-525a117e459f (LibrariumStatus) index_selecta=0
[3480] PONERE_PROPRIETAS    c51fd415-372a-5bdb-bf05-525a117e459f (LibrariumStatus) liber_currens=18
[3481] PONERE_PROPRIETAS    c51fd415-372a-5bdb-bf05-525a117e459f (LibrariumStatus) pagina_lectio=0
[3482] PONERE_PROPRIETAS    c51fd415-372a-5bdb-bf05-525a117e459f (LibrariumStatus) ordo=0
[3483] PONERE_PROPRIETAS    019b5b1d-cfcb-7cce-964e-8ca1ad763d01 (Carta) z_index=857
[3484] PONERE_PROPRIETAS    019b5b21-ffe0-743a-a81e-0d01c0cc7b7a (Carta) x=1538
[3485] PONERE_PROPRIETAS    019b5b28-3cff-74a1-9361-b7136e95e16e (Carta) y=3242
[3486] PONERE_PROPRIETAS    019b5b28-7ec3-7128-90e6-e82fde2854d0 (Carta) x=165
[3487] PONERE_PROPRIETAS    019b5b28-7ec3-7128-90e6-e82fde2854d0 (Carta) y=255
[3488] PONERE_PROPRIETAS    019b5b28-7ec3-7128-90e6-e82fde2854d0 (Carta) z_index=68
[3489] CREARE_ENTITAS       7246f074-093f-5141-8c96-1573247ecf64 (ArcCaeliStatus)
[3490] PONERE_PROPRIETAS    7246f074-093f-5141-8c96-1573247ecf64 (ArcCaeliStatus) titulus=ArcCaeliStatus::7
[3491] ADDERE_RELATIO       7246f074-093f-5141-8c96-1573247ecf64 (ArcCaeliStatus) --[est]--> ce2ad380-55ea-58ea-b414-0003af4f3da5
[3492] PONERE_PROPRIETAS    7246f074-093f-5141-8c96-1573247ecf64 (ArcCaeliStatus) slug=data-layer
[3493] PONERE_PROPRIETAS    41f9f84e-3a05-5b87-a25e-657cd840c301 (LibrumProgressus) sententia_currens=18
[3494] PONERE_PROPRIETAS    41f9f84e-3a05-5b87-a25e-657cd840c301 (LibrumProgressus) sententia_currens=19
[3495] PONERE_PROPRIETAS    41f9f84e-3a05-5b87-a25e-657cd840c301 (LibrumProgressus) sententia_currens=20
[3496] PONERE_PROPRIETAS    41f9f84e-3a05-5b87-a25e-657cd840c301 (LibrumProgressus) sententia_currens=21
[3497] PONERE_PROPRIETAS    cc3b1057-2617-51f5-a779-d1750405fea3 (LibroPagina) contentum=

	 	 	 	 NOTES
	 	 	 	 
	 	 	 	 
	 	 	 	 	 
	 	 	...
[3498] CREARE_ENTITAS       667e0d78-e2cc-5f6c-bae3-e52250ed74fc (LibrumProgressus)
[3499] PONERE_PROPRIETAS    667e0d78-e2cc-5f6c-bae3-e52250ed74fc (LibrumProgressus) titulus=11044
[3500] ADDERE_RELATIO       667e0d78-e2cc-5f6c-bae3-e52250ed74fc (LibrumProgressus) --[est]--> 2993e15a-ff74-52cb-9700-b385e87e79d3
[3501] PONERE_PROPRIETAS    667e0d78-e2cc-5f6c-bae3-e52250ed74fc (LibrumProgressus) pagina_currens=0
[3502] PONERE_PROPRIETAS    667e0d78-e2cc-5f6c-bae3-e52250ed74fc (LibrumProgressus) modus_sententiae=1
[3503] PONERE_PROPRIETAS    667e0d78-e2cc-5f6c-bae3-e52250ed74fc (LibrumProgressus) sententia_currens=0
[3504] PONERE_PROPRIETAS    667e0d78-e2cc-5f6c-bae3-e52250ed74fc (LibrumProgressus) sententia_currens=1
[3505] PONERE_PROPRIETAS    667e0d78-e2cc-5f6c-bae3-e52250ed74fc (LibrumProgressus) sententia_currens=2
[3506] PONERE_PROPRIETAS    667e0d78-e2cc-5f6c-bae3-e52250ed74fc (LibrumProgressus) sententia_currens=3
[3507] PONERE_PROPRIETAS    667e0d78-e2cc-5f6c-bae3-e52250ed74fc (LibrumProgressus) sententia_currens=4
[3508] PONERE_PROPRIETAS    667e0d78-e2cc-5f6c-bae3-e52250ed74fc (LibrumProgressus) sententia_currens=5
[3509] PONERE_PROPRIETAS    667e0d78-e2cc-5f6c-bae3-e52250ed74fc (LibrumProgressus) sententia_currens=6
[3510] PONERE_PROPRIETAS    667e0d78-e2cc-5f6c-bae3-e52250ed74fc (LibrumProgressus) sententia_currens=7
[3511] PONERE_PROPRIETAS    667e0d78-e2cc-5f6c-bae3-e52250ed74fc (LibrumProgressus) sententia_currens=8
[3512] PONERE_PROPRIETAS    667e0d78-e2cc-5f6c-bae3-e52250ed74fc (LibrumProgressus) sententia_currens=9
[3513] PONERE_PROPRIETAS    667e0d78-e2cc-5f6c-bae3-e52250ed74fc (LibrumProgressus) sententia_currens=10
[3514] PONERE_PROPRIETAS    667e0d78-e2cc-5f6c-bae3-e52250ed74fc (LibrumProgressus) sententia_currens=11
[3515] PONERE_PROPRIETAS    667e0d78-e2cc-5f6c-bae3-e52250ed74fc (LibrumProgressus) sententia_currens=12
[3516] PONERE_PROPRIETAS    667e0d78-e2cc-5f6c-bae3-e52250ed74fc (LibrumProgressus) sententia_currens=13
[3517] PONERE_PROPRIETAS    667e0d78-e2cc-5f6c-bae3-e52250ed74fc (LibrumProgressus) sententia_currens=14
[3518] PONERE_PROPRIETAS    667e0d78-e2cc-5f6c-bae3-e52250ed74fc (LibrumProgressus) sententia_currens=15
[3519] PONERE_PROPRIETAS    667e0d78-e2cc-5f6c-bae3-e52250ed74fc (LibrumProgressus) sententia_currens=16
[3520] PONERE_PROPRIETAS    667e0d78-e2cc-5f6c-bae3-e52250ed74fc (LibrumProgressus) sententia_currens=17
[3521] PONERE_PROPRIETAS    667e0d78-e2cc-5f6c-bae3-e52250ed74fc (LibrumProgressus) sententia_currens=18
[3522] PONERE_PROPRIETAS    667e0d78-e2cc-5f6c-bae3-e52250ed74fc (LibrumProgressus) sententia_currens=19
[3523] PONERE_PROPRIETAS    667e0d78-e2cc-5f6c-bae3-e52250ed74fc (LibrumProgressus) sententia_currens=20
[3524] PONERE_PROPRIETAS    667e0d78-e2cc-5f6c-bae3-e52250ed74fc (LibrumProgressus) sententia_currens=21
[3525] PONERE_PROPRIETAS    667e0d78-e2cc-5f6c-bae3-e52250ed74fc (LibrumProgressus) sententia_currens=22
[3526] PONERE_PROPRIETAS    667e0d78-e2cc-5f6c-bae3-e52250ed74fc (LibrumProgressus) sententia_currens=23
[3527] PONERE_PROPRIETAS    667e0d78-e2cc-5f6c-bae3-e52250ed74fc (LibrumProgressus) sententia_currens=24
[3528] PONERE_PROPRIETAS    667e0d78-e2cc-5f6c-bae3-e52250ed74fc (LibrumProgressus) sententia_currens=25
[3529] PONERE_PROPRIETAS    667e0d78-e2cc-5f6c-bae3-e52250ed74fc (LibrumProgressus) sententia_currens=26
[3530] PONERE_PROPRIETAS    667e0d78-e2cc-5f6c-bae3-e52250ed74fc (LibrumProgressus) sententia_currens=27
[3531] PONERE_PROPRIETAS    667e0d78-e2cc-5f6c-bae3-e52250ed74fc (LibrumProgressus) sententia_currens=28
[3532] PONERE_PROPRIETAS    667e0d78-e2cc-5f6c-bae3-e52250ed74fc (LibrumProgressus) sententia_currens=29
[3533] PONERE_PROPRIETAS    667e0d78-e2cc-5f6c-bae3-e52250ed74fc (LibrumProgressus) sententia_currens=30
[3534] PONERE_PROPRIETAS    019b538f-0b19-7f0a-ae14-b4fc4608929a (Carta) x=33
[3535] PONERE_PROPRIETAS    019b538f-0b19-7f0a-ae14-b4fc4608929a (Carta) y=343
[3536] PONERE_PROPRIETAS    019b538f-0b19-7f0a-ae14-b4fc4608929a (Carta) z_index=62
[3537] PONERE_PROPRIETAS    83840a70-7a0a-513b-bb07-4f18aeb7745a (SchirmaStatus) modus=navigator
[3538] CREARE_ENTITAS       019b8ee6-498f-7882-8d56-02e9b89d340b (Vultus::Imago)
[3539] CREARE_ENTITAS       41731d30-ea61-599b-88ac-c39b8c5c9468 (Genus)
[3540] PONERE_PROPRIETAS    41731d30-ea61-599b-88ac-c39b8c5c9468 (Genus) name=Imago
[3541] CREARE_ENTITAS       33ef7bda-26c8-5511-bd86-75423407a646 (Genus)
[3542] PONERE_PROPRIETAS    33ef7bda-26c8-5511-bd86-75423407a646 (Genus) name=Vultus
[3543] ADDERE_RELATIO       167e9336-d4ab-56fc-b024-bd7fbd18e91c (Genus) --[contains]--> 33ef7bda-26c8-5511-bd86-75423407a646
[3544] ADDERE_RELATIO       33ef7bda-26c8-5511-bd86-75423407a646 (Genus) --[contains]--> 41731d30-ea61-599b-88ac-c39b8c5c9468
[3545] ADDERE_RELATIO       019b8ee6-498f-7882-8d56-02e9b89d340b (Vultus::Imago) --[est]--> 41731d30-ea61-599b-88ac-c39b8c5c9468
[3546] PONERE_PROPRIETAS    019b8ee6-498f-7882-8d56-02e9b89d340b (Vultus::Imago) titulus=birch
[3547] PONERE_PROPRIETAS    019b8ee6-498f-7882-8d56-02e9b89d340b (Vultus::Imago) latitudo=424
[3548] PONERE_PROPRIETAS    019b8ee6-498f-7882-8d56-02e9b89d340b (Vultus::Imago) altitudo=467
[3549] PONERE_PROPRIETAS    019b8ee6-498f-7882-8d56-02e9b89d340b (Vultus::Imago) datum=‹      ÿcddbâåáååçef^^>~^^f^f~`“<Œ ÄÈåy ...
[3550] CREARE_ENTITAS       019b8eec-03d9-7a52-8597-bca73968109f (Vultus::Imago)
[3551] ADDERE_RELATIO       019b8eec-03d9-7a52-8597-bca73968109f (Vultus::Imago) --[est]--> 41731d30-ea61-599b-88ac-c39b8c5c9468
[3552] PONERE_PROPRIETAS    019b8eec-03d9-7a52-8597-bca73968109f (Vultus::Imago) titulus=imago_5
[3553] PONERE_PROPRIETAS    019b8eec-03d9-7a52-8597-bca73968109f (Vultus::Imago) latitudo=425
[3554] PONERE_PROPRIETAS    019b8eec-03d9-7a52-8597-bca73968109f (Vultus::Imago) altitudo=226
[3555] PONERE_PROPRIETAS    019b8eec-03d9-7a52-8597-bca73968109f (Vultus::Imago) datum=‹      ÿcÇ Œ`À¡ 4@…L#L˜ä>^^ `æå...
[3556] CREARE_ENTITAS       019b8f07-5404-7531-b37b-49577596d883 (Vultus::Imago)
[3557] ADDERE_RELATIO       019b8f07-5404-7531-b37b-49577596d883 (Vultus::Imago) --[est]--> 41731d30-ea61-599b-88ac-c39b8c5c9468
[3558] PONERE_PROPRIETAS    019b8f07-5404-7531-b37b-49577596d883 (Vultus::Imago) titulus=imago_4
[3559] PONERE_PROPRIETAS    019b8f07-5404-7531-b37b-49577596d883 (Vultus::Imago) latitudo=424
[3560] PONERE_PROPRIETAS    019b8f07-5404-7531-b37b-49577596d883 (Vultus::Imago) altitudo=467
[3561] PONERE_PROPRIETAS    019b8f07-5404-7531-b37b-49577596d883 (Vultus::Imago) datum=‹      ÿcddFÍÃÃÈÆ¼@°²²² UÙ`ÂQ@…<L¼ 
Ì...
[3562] PONERE_PROPRIETAS    f05108f6-592c-50a1-9ef5-f108725d749a (LibroPagina) contentum=  Ctrl+Shift+Right = next page
  Ctrl+Shift+Left  ...
[3563] CREARE_ENTITAS       019b8f2c-bb57-7334-b4eb-09d5157efdc3 (Vultus::Imago)
[3564] ADDERE_RELATIO       019b8f2c-bb57-7334-b4eb-09d5157efdc3 (Vultus::Imago) --[est]--> 41731d30-ea61-599b-88ac-c39b8c5c9468
[3565] PONERE_PROPRIETAS    019b8f2c-bb57-7334-b4eb-09d5157efdc3 (Vultus::Imago) titulus=imago_30
[3566] PONERE_PROPRIETAS    019b8f2c-bb57-7334-b4eb-09d5157efdc3 (Vultus::Imago) latitudo=424
[3567] PONERE_PROPRIETAS    019b8f2c-bb57-7334-b4eb-09d5157efdc3 (Vultus::Imago) altitudo=467
[3568] PONERE_PROPRIETAS    019b8f2c-bb57-7334-b4eb-09d5157efdc3 (Vultus::Imago) datum=‹      ÿcdbb„ FFÄ€ˆÙÙYÙÙYØÙABì@ÄÎä°ƒd’@1 ...
[3569] PONERE_PROPRIETAS    cc3b1057-2617-51f5-a779-d1750405fea3 (LibroPagina) contentum=

	 	 	 	 NOTES
	 	 	 	
	 	 	 	
	 	 	 	
	 	 	 	 	
...
[3570] PONERE_PROPRIETAS    cc3b1057-2617-51f5-a779-d1750405fea3 (LibroPagina) contentum=

	 	 	 	 NOTES
	 	 	 	
	 	 	 	 dasfasdfasdf
	 	 	...
[3571] PONERE_PROPRIETAS    cc3b1057-2617-51f5-a779-d1750405fea3 (LibroPagina) contentum=

	 	 	 	 NOTES
	 	 	 	
	 	 	 	
	 	 	 	
	 	 	 	 	
...
[3572] PONERE_PROPRIETAS    cc3b1057-2617-51f5-a779-d1750405fea3 (LibroPagina) contentum=

	 	 	 	 NOTES
	 	 	 	
	 	 	 	 - need
	 	 	 	
	 	...
[3573] CREARE_ENTITAS       019b8f9b-c6c1-721c-af9f-3458c0390571 (Vultus::Imago)
[3574] ADDERE_RELATIO       019b8f9b-c6c1-721c-af9f-3458c0390571 (Vultus::Imago) --[est]--> 41731d30-ea61-599b-88ac-c39b8c5c9468
[3575] PONERE_PROPRIETAS    019b8f9b-c6c1-721c-af9f-3458c0390571 (Vultus::Imago) titulus=forest and rocks
[3576] PONERE_PROPRIETAS    019b8f9b-c6c1-721c-af9f-3458c0390571 (Vultus::Imago) latitudo=424
[3577] PONERE_PROPRIETAS    019b8f9b-c6c1-721c-af9f-3458c0390571 (Vultus::Imago) altitudo=467
[3578] PONERE_PROPRIETAS    019b8f9b-c6c1-721c-af9f-3458c0390571 (Vultus::Imago) datum=‹      ÿcÄÐy¨4 LH$QJ‘ÐuL<LìXõ3™x ÚpY€*Î‚...
[3579] CREARE_ENTITAS       019b8fa0-0a22-74a9-a86b-425434cb0a28 (Vultus::Imago)
[3580] ADDERE_RELATIO       019b8fa0-0a22-74a9-a86b-425434cb0a28 (Vultus::Imago) --[est]--> 41731d30-ea61-599b-88ac-c39b8c5c9468
[3581] PONERE_PROPRIETAS    019b8fa0-0a22-74a9-a86b-425434cb0a28 (Vultus::Imago) titulus=mountains
[3582] PONERE_PROPRIETAS    019b8fa0-0a22-74a9-a86b-425434cb0a28 (Vultus::Imago) latitudo=424
[3583] PONERE_PROPRIETAS    019b8fa0-0a22-74a9-a86b-425434cb0a28 (Vultus::Imago) altitudo=467
[3584] PONERE_PROPRIETAS    019b8fa0-0a22-74a9-a86b-425434cb0a28 (Vultus::Imago) datum=‹      ÿcbbdÂ€² ÄF 6†³‘NBT„M?Ä*˜kð»‰€ˆø...
[3585] CREARE_ENTITAS       019b8fa5-d266-751d-9545-738a3401dc65 (Vultus::Imago)
[3586] ADDERE_RELATIO       019b8fa5-d266-751d-9545-738a3401dc65 (Vultus::Imago) --[est]--> 41731d30-ea61-599b-88ac-c39b8c5c9468
[3587] PONERE_PROPRIETAS    019b8fa5-d266-751d-9545-738a3401dc65 (Vultus::Imago) titulus=imago_43
[3588] PONERE_PROPRIETAS    019b8fa5-d266-751d-9545-738a3401dc65 (Vultus::Imago) latitudo=424
[3589] PONERE_PROPRIETAS    019b8fa5-d266-751d-9545-738a3401dc65 (Vultus::Imago) altitudo=467
[3590] PONERE_PROPRIETAS    019b8fa5-d266-751d-9545-738a3401dc65 (Vultus::Imago) datum=‹      ÿcG¬È •‡M
·
ì2ì|`–1Øù˜À€Y	kÑl@s<= †Ï...
[3591] CREARE_ENTITAS       67588920-2c94-5097-9ea9-21ed98bd6a9c (LibroPagina)
[3592] PONERE_PROPRIETAS    67588920-2c94-5097-9ea9-21ed98bd6a9c (LibroPagina) titulus=pagina-11
[3593] ADDERE_RELATIO       67588920-2c94-5097-9ea9-21ed98bd6a9c (LibroPagina) --[est]--> f5fd3e63-c2cc-5256-a514-4b7764478f6d
[3594] ADDERE_NOTA          67588920-2c94-5097-9ea9-21ed98bd6a9c (LibroPagina) ##LibroPagina
[3595] PONERE_PROPRIETAS    67588920-2c94-5097-9ea9-21ed98bd6a9c (LibroPagina) ordo=11
[3596] PONERE_PROPRIETAS    67588920-2c94-5097-9ea9-21ed98bd6a9c (LibroPagina) name=pagina-11
[3597] PONERE_PROPRIETAS    67588920-2c94-5097-9ea9-21ed98bd6a9c (LibroPagina) contentum=



	 	 	 	 





































...
[3598] PONERE_PROPRIETAS    67588920-2c94-5097-9ea9-21ed98bd6a9c (LibroPagina) contentum=



	 	 	 	 NOTES
	 	 	 	 
	 	 	 	 -













...
[3599] PONERE_PROPRIETAS    67588920-2c94-5097-9ea9-21ed98bd6a9c (LibroPagina) contentum=



	 	 	 	 NOTES
	 	 	 	 
	 	 	 	 -
	 	 	 	 
	 	 ...
[3600] PONERE_PROPRIETAS    67588920-2c94-5097-9ea9-21ed98bd6a9c (LibroPagina) contentum=



	 	 	 	 NOTES
	 	 	 	 
	 	 	 	 -
	 	 	 	 
	 	 ...
[3601] PONERE_PROPRIETAS    67588920-2c94-5097-9ea9-21ed98bd6a9c (LibroPagina) contentum=



	 	 	 	 NOTES
	 	 	 	 
	 	 	 	 -
	 	 	 	 
	 	 ...
[3602] PONERE_PROPRIETAS    67588920-2c94-5097-9ea9-21ed98bd6a9c (LibroPagina) contentum=



	 	 	 	 NOTES
	 	 	 	 
	 	 	 	 -
	 	 	 	 
	 	 ...
[3603] PONERE_PROPRIETAS    67588920-2c94-5097-9ea9-21ed98bd6a9c (LibroPagina) contentum=



	 	 	 	 NOTES
	 	 	 	 
	 	 	 	 -
	 	 	 	 
	 	 ...
[3604] PONERE_PROPRIETAS    67588920-2c94-5097-9ea9-21ed98bd6a9c (LibroPagina) contentum=



	 	 	 	 NOTES
	 	 	 	 
	 	 	 	 -
	 	 	 	 
	 	 ...
[3605] PONERE_PROPRIETAS    67588920-2c94-5097-9ea9-21ed98bd6a9c (LibroPagina) contentum=



	 	 	 	 NOTES
	 	 	 	 
	 	 	 	 -
	 	 	 	 
	 	 ...
[3606] PONERE_PROPRIETAS    67588920-2c94-5097-9ea9-21ed98bd6a9c (LibroPagina) contentum=



	 	 	 	 NOTES
	 	 	 	 
	 	 	 	 -
	 	 	 	 
	 	 ...
[3607] CREARE_ENTITAS       019b8fb0-da38-7b2a-8eec-37f30e602d08 (Vultus::Imago)
[3608] ADDERE_RELATIO       019b8fb0-da38-7b2a-8eec-37f30e602d08 (Vultus::Imago) --[est]--> 41731d30-ea61-599b-88ac-c39b8c5c9468
[3609] PONERE_PROPRIETAS    019b8fb0-da38-7b2a-8eec-37f30e602d08 (Vultus::Imago) titulus=exaltation of the cross
[3610] PONERE_PROPRIETAS    019b8fb0-da38-7b2a-8eec-37f30e602d08 (Vultus::Imago) latitudo=354
[3611] PONERE_PROPRIETAS    019b8fb0-da38-7b2a-8eec-37f30e602d08 (Vultus::Imago) altitudo=468
[3612] PONERE_PROPRIETAS    019b8fb0-da38-7b2a-8eec-37f30e602d08 (Vultus::Imago) datum=‹      ÿã&`&F6 ÁÄâ°yL@Ä"(–‰ ù@]6 ...
[3613] PONERE_PROPRIETAS    92f5b894-2d07-57be-abe8-d093b633c0d1 (SchirmataGlobal) index_currens=1
[3614] PONERE_PROPRIETAS    a156f2ea-eaba-52b1-9e64-e6d64e9f1454 (SchirmaStatus) modus=pinacotheca
[3615] CREARE_ENTITAS       019b8fb3-88aa-7d20-9c10-6188900d2ec9 (Vultus::Imago)
[3616] ADDERE_RELATIO       019b8fb3-88aa-7d20-9c10-6188900d2ec9 (Vultus::Imago) --[est]--> 41731d30-ea61-599b-88ac-c39b8c5c9468
[3617] PONERE_PROPRIETAS    019b8fb3-88aa-7d20-9c10-6188900d2ec9 (Vultus::Imago) titulus=prince of peace
[3618] PONERE_PROPRIETAS    019b8fb3-88aa-7d20-9c10-6188900d2ec9 (Vultus::Imago) latitudo=421
[3619] PONERE_PROPRIETAS    019b8fb3-88aa-7d20-9c10-6188900d2ec9 (Vultus::Imago) altitudo=468
[3620] PONERE_PROPRIETAS    019b8fb3-88aa-7d20-9c10-6188900d2ec9 (Vultus::Imago) datum=‹      ÿc€ià0
°xÌ0ÆÑ °¨AÄÑP¬á˜È ~‚PLp.Ú...
[3621] CREARE_ENTITAS       019b8fb5-e0da-744e-96dc-b14c059e720e (Vultus::Imago)
[3622] ADDERE_RELATIO       019b8fb5-e0da-744e-96dc-b14c059e720e (Vultus::Imago) --[est]--> 41731d30-ea61-599b-88ac-c39b8c5c9468
[3623] PONERE_PROPRIETAS    019b8fb5-e0da-744e-96dc-b14c059e720e (Vultus::Imago) titulus=windmill
[3624] PONERE_PROPRIETAS    019b8fb5-e0da-744e-96dc-b14c059e720e (Vultus::Imago) latitudo=424
[3625] PONERE_PROPRIETAS    019b8fb5-e0da-744e-96dc-b14c059e720e (Vultus::Imago) altitudo=467
[3626] PONERE_PROPRIETAS    019b8fb5-e0da-744e-96dc-b14c059e720e (Vultus::Imago) datum=‹      ÿct€A¢3AªLÊ„Ò4A8$àR02¦Bö-|†À@#ð"...
[3627] PONERE_PROPRIETAS    b86df97e-fe5f-5e8f-836d-33fcbb74d366 (LibroPagina) contentum=


	 	 	 #1

	 	 	 	 TODO
	 	 	 	
	 	 	 	
	 	 	 	 ...
[3628] PONERE_PROPRIETAS    37061125-965c-5c9f-886b-66b7982e80e0 (LibroPagina) contentum=



	
	 	 	 	 	 	 	 	 	 	 	 	 	 	 	 	 	 	 	 	 	
	 ...
[3629] PONERE_PROPRIETAS    37061125-965c-5c9f-886b-66b7982e80e0 (LibroPagina) contentum=



	












































...
[3630] PONERE_PROPRIETAS    37061125-965c-5c9f-886b-66b7982e80e0 (LibroPagina) contentum=

     okay, i might have some bugs to fix but tha...
[3631] PONERE_PROPRIETAS    37061125-965c-5c9f-886b-66b7982e80e0 (LibroPagina) contentum=

     okay, i might have some bugs to fix but tha...
[3632] CREARE_ENTITAS       019b8fbb-57bd-7758-a6c2-9838d451787f (Vultus::Imago)
[3633] ADDERE_RELATIO       019b8fbb-57bd-7758-a6c2-9838d451787f (Vultus::Imago) --[est]--> 41731d30-ea61-599b-88ac-c39b8c5c9468
[3634] PONERE_PROPRIETAS    019b8fbb-57bd-7758-a6c2-9838d451787f (Vultus::Imago) titulus=purple forest
[3635] PONERE_PROPRIETAS    019b8fbb-57bd-7758-a6c2-9838d451787f (Vultus::Imago) latitudo=424
[3636] PONERE_PROPRIETAS    019b8fbb-57bd-7758-a6c2-9838d451787f (Vultus::Imago) altitudo=467
[3637] PONERE_PROPRIETAS    019b8fbb-57bd-7758-a6c2-9838d451787f (Vultus::Imago) datum=‹      ÿcbcbàdc`bbâdbâgâädâçd`bc
 9Ø€4* Š¡...
[3638] CREARE_ENTITAS       019b8fd0-a129-7509-bc5f-4a6cc9ff7af3 (Vultus::Imago)
[3639] ADDERE_RELATIO       019b8fd0-a129-7509-bc5f-4a6cc9ff7af3 (Vultus::Imago) --[est]--> 41731d30-ea61-599b-88ac-c39b8c5c9468
[3640] PONERE_PROPRIETAS    019b8fd0-a129-7509-bc5f-4a6cc9ff7af3 (Vultus::Imago) titulus=infant of prague
[3641] PONERE_PROPRIETAS    019b8fd0-a129-7509-bc5f-4a6cc9ff7af3 (Vultus::Imago) latitudo=379
[3642] PONERE_PROPRIETAS    019b8fd0-a129-7509-bc5f-4a6cc9ff7af3 (Vultus::Imago) altitudo=467
[3643] PONERE_PROPRIETAS    019b8fd0-a129-7509-bc5f-4a6cc9ff7af3 (Vultus::Imago) datum=‹      ÿã£`Œ‚Q0
FÁ(£`Œ‚Q0² Ž‚Üœ£a?0€“e...
[3644] PONERE_PROPRIETAS    37061125-965c-5c9f-886b-66b7982e80e0 (LibroPagina) contentum=

     okay, i might have some bugs to fix but tha...
[3645] PONERE_PROPRIETAS    37061125-965c-5c9f-886b-66b7982e80e0 (LibroPagina) contentum=

     okay, i might have some bugs to fix but tha...
[3646] PONERE_PROPRIETAS    37061125-965c-5c9f-886b-66b7982e80e0 (LibroPagina) contentum=

     okay, i might have some bugs to fix but tha...
[3647] PONERE_PROPRIETAS    3d6ff178-e1e7-5b85-97af-11dd914de21f (LibroPagina) contentum=

















































...
[3648] PONERE_PROPRIETAS    67588920-2c94-5097-9ea9-21ed98bd6a9c (LibroPagina) contentum=



	 	 	 	 NOTES
	 	 	 	
	 	 	 	 -
	 	 	 	
	 	 	 ...
[3649] CREARE_ENTITAS       0fc9cd13-f93a-54a3-8df8-4002a1104f56 (LibroPagina)
[3650] PONERE_PROPRIETAS    0fc9cd13-f93a-54a3-8df8-4002a1104f56 (LibroPagina) titulus=pagina-12
[3651] ADDERE_RELATIO       0fc9cd13-f93a-54a3-8df8-4002a1104f56 (LibroPagina) --[est]--> f5fd3e63-c2cc-5256-a514-4b7764478f6d
[3652] ADDERE_NOTA          0fc9cd13-f93a-54a3-8df8-4002a1104f56 (LibroPagina) ##LibroPagina
[3653] PONERE_PROPRIETAS    0fc9cd13-f93a-54a3-8df8-4002a1104f56 (LibroPagina) ordo=12
[3654] PONERE_PROPRIETAS    0fc9cd13-f93a-54a3-8df8-4002a1104f56 (LibroPagina) name=pagina-12
[3655] PONERE_PROPRIETAS    0fc9cd13-f93a-54a3-8df8-4002a1104f56 (LibroPagina) contentum=

















































...
[3656] CREARE_ENTITAS       766e5bd4-9be2-510a-b9a5-36fb209c5a62 (LibroPagina)
[3657] PONERE_PROPRIETAS    766e5bd4-9be2-510a-b9a5-36fb209c5a62 (LibroPagina) titulus=pagina-13
[3658] ADDERE_RELATIO       766e5bd4-9be2-510a-b9a5-36fb209c5a62 (LibroPagina) --[est]--> f5fd3e63-c2cc-5256-a514-4b7764478f6d
[3659] ADDERE_NOTA          766e5bd4-9be2-510a-b9a5-36fb209c5a62 (LibroPagina) ##LibroPagina
[3660] PONERE_PROPRIETAS    766e5bd4-9be2-510a-b9a5-36fb209c5a62 (LibroPagina) ordo=13
[3661] PONERE_PROPRIETAS    766e5bd4-9be2-510a-b9a5-36fb209c5a62 (LibroPagina) name=pagina-13
[3662] PONERE_PROPRIETAS    766e5bd4-9be2-510a-b9a5-36fb209c5a62 (LibroPagina) contentum=

















































...
[3663] PONERE_PROPRIETAS    37061125-965c-5c9f-886b-66b7982e80e0 (LibroPagina) contentum=

     okay, i might have some bugs to fix but tha...
[3664] PONERE_PROPRIETAS    37061125-965c-5c9f-886b-66b7982e80e0 (LibroPagina) contentum=

     okay, i might have some bugs to fix but tha...
[3665] PONERE_PROPRIETAS    37061125-965c-5c9f-886b-66b7982e80e0 (LibroPagina) contentum=

     okay, i might have some bugs to fix but tha...
[3666] PONERE_PROPRIETAS    37061125-965c-5c9f-886b-66b7982e80e0 (LibroPagina) contentum=

     okay, i might have some bugs to fix but tha...
[3667] PONERE_PROPRIETAS    37061125-965c-5c9f-886b-66b7982e80e0 (LibroPagina) contentum=

     okay, i might have some bugs to fix but tha...
[3668] CREARE_ENTITAS       019b8fd6-7ab2-7faf-a521-77cf9724b819 (Vultus::Imago)
[3669] ADDERE_RELATIO       019b8fd6-7ab2-7faf-a521-77cf9724b819 (Vultus::Imago) --[est]--> 41731d30-ea61-599b-88ac-c39b8c5c9468
[3670] PONERE_PROPRIETAS    019b8fd6-7ab2-7faf-a521-77cf9724b819 (Vultus::Imago) titulus=assumption
[3671] PONERE_PROPRIETAS    019b8fd6-7ab2-7faf-a521-77cf9724b819 (Vultus::Imago) latitudo=424
[3672] PONERE_PROPRIETAS    019b8fd6-7ab2-7faf-a521-77cf9724b819 (Vultus::Imago) altitudo=467
[3673] PONERE_PROPRIETAS    019b8fd6-7ab2-7faf-a521-77cf9724b819 (Vultus::Imago) datum=‹      ÿc 68’üÌüLllLlLüüL ÀÆÄÄ	äBˆÏÆ	âç...
[3674] CREARE_ENTITAS       019b8fd8-822d-7d6e-b5d4-7e74ded1e2d5 (Vultus::Imago)
[3675] ADDERE_RELATIO       019b8fd8-822d-7d6e-b5d4-7e74ded1e2d5 (Vultus::Imago) --[est]--> 41731d30-ea61-599b-88ac-c39b8c5c9468
[3676] PONERE_PROPRIETAS    019b8fd8-822d-7d6e-b5d4-7e74ded1e2d5 (Vultus::Imago) titulus=St. Joseph
[3677] PONERE_PROPRIETAS    019b8fd8-822d-7d6e-b5d4-7e74ded1e2d5 (Vultus::Imago) latitudo=424
[3678] PONERE_PROPRIETAS    019b8fd8-822d-7d6e-b5d4-7e74ded1e2d5 (Vultus::Imago) altitudo=467
[3679] PONERE_PROPRIETAS    019b8fd8-822d-7d6e-b5d4-7e74ded1e2d5 (Vultus::Imago) datum=‹      ÿcæççgF"€ JAØ0)¨8B!ƒÁâ@ ˆç0óe€F°ñ...
[3680] PONERE_PROPRIETAS    37061125-965c-5c9f-886b-66b7982e80e0 (LibroPagina) contentum=

     okay, i might have some bugs to fix but tha...
[3681] PONERE_PROPRIETAS    37061125-965c-5c9f-886b-66b7982e80e0 (LibroPagina) contentum=

     okay, i might have some bugs to fix but tha...
[3682] PONERE_PROPRIETAS    37061125-965c-5c9f-886b-66b7982e80e0 (LibroPagina) contentum=

     okay, i might have some bugs to fix but tha...
[3683] PONERE_PROPRIETAS    37061125-965c-5c9f-886b-66b7982e80e0 (LibroPagina) contentum=

     okay, i might have some bugs to fix but tha...
[3684] PONERE_PROPRIETAS    37061125-965c-5c9f-886b-66b7982e80e0 (LibroPagina) contentum=

     okay, i might have some bugs to fix but tha...
[3685] PONERE_PROPRIETAS    37061125-965c-5c9f-886b-66b7982e80e0 (LibroPagina) contentum=

     okay, i might have some bugs to fix but tha...
[3686] PONERE_PROPRIETAS    37061125-965c-5c9f-886b-66b7982e80e0 (LibroPagina) contentum=

     okay, i might have some bugs to fix but tha...
[3687] PONERE_PROPRIETAS    37061125-965c-5c9f-886b-66b7982e80e0 (LibroPagina) contentum=

     okay, i might have some bugs to fix but tha...
[3688] PONERE_PROPRIETAS    37061125-965c-5c9f-886b-66b7982e80e0 (LibroPagina) contentum=

     okay, i might have some bugs to fix but tha...
[3689] PONERE_PROPRIETAS    37061125-965c-5c9f-886b-66b7982e80e0 (LibroPagina) contentum=

     okay, i might have some bugs to fix but tha...
[3690] PONERE_PROPRIETAS    37061125-965c-5c9f-886b-66b7982e80e0 (LibroPagina) contentum=

     okay, i might have some bugs to fix but tha...
[3691] PONERE_PROPRIETAS    37061125-965c-5c9f-886b-66b7982e80e0 (LibroPagina) contentum=

     okay, i might have some bugs to fix but tha...
[3692] PONERE_PROPRIETAS    37061125-965c-5c9f-886b-66b7982e80e0 (LibroPagina) contentum=

     okay, i might have some bugs to fix but tha...
[3693] PONERE_PROPRIETAS    37061125-965c-5c9f-886b-66b7982e80e0 (LibroPagina) contentum=

     okay, i might have some bugs to fix but tha...
[3694] PONERE_PROPRIETAS    37061125-965c-5c9f-886b-66b7982e80e0 (LibroPagina) contentum=

     okay, i might have some bugs to fix but tha...
[3695] CREARE_ENTITAS       019b8fe7-d07f-7451-be32-e12c76fbecd7 (Vultus::Imago)
[3696] ADDERE_RELATIO       019b8fe7-d07f-7451-be32-e12c76fbecd7 (Vultus::Imago) --[est]--> 41731d30-ea61-599b-88ac-c39b8c5c9468
[3697] PONERE_PROPRIETAS    019b8fe7-d07f-7451-be32-e12c76fbecd7 (Vultus::Imago) titulus=simeon
[3698] PONERE_PROPRIETAS    019b8fe7-d07f-7451-be32-e12c76fbecd7 (Vultus::Imago) latitudo=424
[3699] PONERE_PROPRIETAS    019b8fe7-d07f-7451-be32-e12c76fbecd7 (Vultus::Imago) altitudo=467
[3700] PONERE_PROPRIETAS    019b8fe7-d07f-7451-be32-e12c76fbecd7 (Vultus::Imago) datum=‹      ÿc °œ.„©*QClP4b šal¸0Ai¬‚`qpèåÑ...
[3701] CREARE_ENTITAS       019b8fea-3bca-77fc-8d3b-b30320db41df (Vultus::Imago)
[3702] ADDERE_RELATIO       019b8fea-3bca-77fc-8d3b-b30320db41df (Vultus::Imago) --[est]--> 41731d30-ea61-599b-88ac-c39b8c5c9468
[3703] PONERE_PROPRIETAS    019b8fea-3bca-77fc-8d3b-b30320db41df (Vultus::Imago) titulus=holy face
[3704] PONERE_PROPRIETAS    019b8fea-3bca-77fc-8d3b-b30320db41df (Vultus::Imago) latitudo=387
[3705] PONERE_PROPRIETAS    019b8fea-3bca-77fc-8d3b-b30320db41df (Vultus::Imago) altitudo=467
[3706] PONERE_PROPRIETAS    019b8fea-3bca-77fc-8d3b-b30320db41df (Vultus::Imago) datum=‹      ÿc„ fff&0`fb ƒ™	(¢˜˜AòÌL@$¤ÀÊ¡:À...
[3707] CREARE_ENTITAS       019b8fec-2119-7b64-a4ff-d1a3ebba8d7a (Vultus::Imago)
[3708] ADDERE_RELATIO       019b8fec-2119-7b64-a4ff-d1a3ebba8d7a (Vultus::Imago) --[est]--> 41731d30-ea61-599b-88ac-c39b8c5c9468
[3709] PONERE_PROPRIETAS    019b8fec-2119-7b64-a4ff-d1a3ebba8d7a (Vultus::Imago) titulus=flight to egypt
[3710] PONERE_PROPRIETAS    019b8fec-2119-7b64-a4ff-d1a3ebba8d7a (Vultus::Imago) latitudo=424
[3711] PONERE_PROPRIETAS    019b8fec-2119-7b64-a4ff-d1a3ebba8d7a (Vultus::Imago) altitudo=467
[3712] PONERE_PROPRIETAS    019b8fec-2119-7b64-a4ff-d1a3ebba8d7a (Vultus::Imago) datum=‹      ÿcÄ€»Œ€H3ñ3ñð32ø!â( 4vqºj„...
[3713] CREARE_ENTITAS       019b8ff0-c4c3-7c11-90c1-c8bb5bfb2e51 (Vultus::Imago)
[3714] ADDERE_RELATIO       019b8ff0-c4c3-7c11-90c1-c8bb5bfb2e51 (Vultus::Imago) --[est]--> 41731d30-ea61-599b-88ac-c39b8c5c9468
[3715] PONERE_PROPRIETAS    019b8ff0-c4c3-7c11-90c1-c8bb5bfb2e51 (Vultus::Imago) titulus=resurrection
[3716] PONERE_PROPRIETAS    019b8ff0-c4c3-7c11-90c1-c8bb5bfb2e51 (Vultus::Imago) latitudo=424
[3717] PONERE_PROPRIETAS    019b8ff0-c4c3-7c11-90c1-c8bb5bfb2e51 (Vultus::Imago) altitudo=467
[3718] PONERE_PROPRIETAS    019b8ff0-c4c3-7c11-90c1-c8bb5bfb2e51 (Vultus::Imago) datum=‹      ÿc 6$PC%€L(›	¢Ì‡¨‚(„ QÆ EP3 Z...
[3719] CREARE_ENTITAS       019b8ff6-0e72-7e8a-9266-17f30fc1a2c7 (Vultus::Imago)
[3720] ADDERE_RELATIO       019b8ff6-0e72-7e8a-9266-17f30fc1a2c7 (Vultus::Imago) --[est]--> 41731d30-ea61-599b-88ac-c39b8c5c9468
[3721] PONERE_PROPRIETAS    019b8ff6-0e72-7e8a-9266-17f30fc1a2c7 (Vultus::Imago) titulus=St. Genevieve
[3722] PONERE_PROPRIETAS    019b8ff6-0e72-7e8a-9266-17f30fc1a2c7 (Vultus::Imago) latitudo=424
[3723] PONERE_PROPRIETAS    019b8ff6-0e72-7e8a-9266-17f30fc1a2c7 (Vultus::Imago) altitudo=467
[3724] PONERE_PROPRIETAS    019b8ff6-0e72-7e8a-9266-17f30fc1a2c7 (Vultus::Imago) datum=‹      ÿã„ fƒó H6FFNNF6 F$D@T(‘ƒ“œ@
¬...
[3725] CREARE_ENTITAS       019b8ff9-1939-7ff4-ab40-de7c04afa89e (Vultus::Imago)
[3726] ADDERE_RELATIO       019b8ff9-1939-7ff4-ab40-de7c04afa89e (Vultus::Imago) --[est]--> 41731d30-ea61-599b-88ac-c39b8c5c9468
[3727] PONERE_PROPRIETAS    019b8ff9-1939-7ff4-ab40-de7c04afa89e (Vultus::Imago) titulus=Our Lady of Las Lajas
[3728] PONERE_PROPRIETAS    019b8ff9-1939-7ff4-ab40-de7c04afa89e (Vultus::Imago) latitudo=424
[3729] PONERE_PROPRIETAS    019b8ff9-1939-7ff4-ab40-de7c04afa89e (Vultus::Imago) altitudo=467
[3730] PONERE_PROPRIETAS    019b8ff9-1939-7ff4-ab40-de7c04afa89e (Vultus::Imago) datum=‹      ÿc``` …
€B@A¨˜bA0XNÀ(¨˜V0n˜	5 ª
*...
[3731] CREARE_ENTITAS       019b8ffc-8000-7754-86db-10ff32bf9006 (Vultus::Imago)
[3732] ADDERE_RELATIO       019b8ffc-8000-7754-86db-10ff32bf9006 (Vultus::Imago) --[est]--> 41731d30-ea61-599b-88ac-c39b8c5c9468
[3733] PONERE_PROPRIETAS    019b8ffc-8000-7754-86db-10ff32bf9006 (Vultus::Imago) titulus=holy face & shroud
[3734] PONERE_PROPRIETAS    019b8ffc-8000-7754-86db-10ff32bf9006 (Vultus::Imago) latitudo=338
[3735] PONERE_PROPRIETAS    019b8ffc-8000-7754-86db-10ff32bf9006 (Vultus::Imago) altitudo=467
[3736] PONERE_PROPRIETAS    019b8ffc-8000-7754-86db-10ff32bf9006 (Vultus::Imago) datum=‹      ÿc£`$f baPÄ
!+P
ˆL 3XD3ó?P...
[3737] CREARE_ENTITAS       019b8fff-8c00-7bd9-84b8-89db9f2b669d (Vultus::Imago)
[3738] ADDERE_RELATIO       019b8fff-8c00-7bd9-84b8-89db9f2b669d (Vultus::Imago) --[est]--> 41731d30-ea61-599b-88ac-c39b8c5c9468
[3739] PONERE_PROPRIETAS    019b8fff-8c00-7bd9-84b8-89db9f2b669d (Vultus::Imago) titulus=sacred heart
[3740] PONERE_PROPRIETAS    019b8fff-8c00-7bd9-84b8-89db9f2b669d (Vultus::Imago) latitudo=424
[3741] PONERE_PROPRIETAS    019b8fff-8c00-7bd9-84b8-89db9f2b669d (Vultus::Imago) altitudo=467
[3742] PONERE_PROPRIETAS    019b8fff-8c00-7bd9-84b8-89db9f2b669d (Vultus::Imago) datum=‹      ÿcÄ lŒŒ ‚‘‘	„˜€$R .ðƒ	&~~ˆ
&&~ „A...
[3743] CREARE_ENTITAS       019b9002-d9c8-72b8-bd09-d2f5a646e030 (Vultus::Imago)
[3744] ADDERE_RELATIO       019b9002-d9c8-72b8-bd09-d2f5a646e030 (Vultus::Imago) --[est]--> 41731d30-ea61-599b-88ac-c39b8c5c9468
[3745] PONERE_PROPRIETAS    019b9002-d9c8-72b8-bd09-d2f5a646e030 (Vultus::Imago) titulus=good shepherd
[3746] PONERE_PROPRIETAS    019b9002-d9c8-72b8-bd09-d2f5a646e030 (Vultus::Imago) latitudo=424
[3747] PONERE_PROPRIETAS    019b9002-d9c8-72b8-bd09-d2f5a646e030 (Vultus::Imago) altitudo=467
[3748] PONERE_PROPRIETAS    019b9002-d9c8-72b8-bd09-d2f5a646e030 (Vultus::Imago) datum=‹      ÿc(ÀÄÄÃÄÄÆÉÄÏÆÈÈÏÉ@X”âd²@¨,ÖÐÆ...
[3749] CREARE_ENTITAS       019b9007-09cd-7859-88f1-528a02fb6f83 (Vultus::Imago)
[3750] ADDERE_RELATIO       019b9007-09cd-7859-88f1-528a02fb6f83 (Vultus::Imago) --[est]--> 41731d30-ea61-599b-88ac-c39b8c5c9468
[3751] PONERE_PROPRIETAS    019b9007-09cd-7859-88f1-528a02fb6f83 (Vultus::Imago) titulus=Pope Leo
[3752] PONERE_PROPRIETAS    019b9007-09cd-7859-88f1-528a02fb6f83 (Vultus::Imago) latitudo=424
[3753] PONERE_PROPRIETAS    019b9007-09cd-7859-88f1-528a02fb6f83 (Vultus::Imago) altitudo=467
[3754] PONERE_PROPRIETAS    019b9007-09cd-7859-88f1-528a02fb6f83 (Vultus::Imago) datum=‹      ÿcdcâNFF6NŒ™˜˜x€€$Øü>ˆ‚2¡\I`Q$...
[3755] CREARE_ENTITAS       019b9008-2a3a-7350-bdd4-31ae0edf4384 (Vultus::Imago)
[3756] ADDERE_RELATIO       019b9008-2a3a-7350-bdd4-31ae0edf4384 (Vultus::Imago) --[est]--> 41731d30-ea61-599b-88ac-c39b8c5c9468
[3757] PONERE_PROPRIETAS    019b9008-2a3a-7350-bdd4-31ae0edf4384 (Vultus::Imago) titulus=king of the universe
[3758] PONERE_PROPRIETAS    019b9008-2a3a-7350-bdd4-31ae0edf4384 (Vultus::Imago) latitudo=424
[3759] PONERE_PROPRIETAS    019b9008-2a3a-7350-bdd4-31ae0edf4384 (Vultus::Imago) altitudo=467
[3760] PONERE_PROPRIETAS    019b9008-2a3a-7350-bdd4-31ae0edf4384 (Vultus::Imago) datum=‹      ÿãffæB0b1ÐÃ•ÁP¥ah7*BçcE¸DÁ 3¡4õ...
[3761] CREARE_ENTITAS       019b900d-a66d-7f6c-a714-ba5274f2ed10 (Vultus::Imago)
[3762] ADDERE_RELATIO       019b900d-a66d-7f6c-a714-ba5274f2ed10 (Vultus::Imago) --[est]--> 41731d30-ea61-599b-88ac-c39b8c5c9468
[3763] PONERE_PROPRIETAS    019b900d-a66d-7f6c-a714-ba5274f2ed10 (Vultus::Imago) titulus=marmot
[3764] PONERE_PROPRIETAS    019b900d-a66d-7f6c-a714-ba5274f2ed10 (Vultus::Imago) latitudo=424
[3765] PONERE_PROPRIETAS    019b900d-a66d-7f6c-a714-ba5274f2ed10 (Vultus::Imago) altitudo=467
[3766] PONERE_PROPRIETAS    019b900d-a66d-7f6c-a714-ba5274f2ed10 (Vultus::Imago) datum=‹      ÿc`$8Q¹l5°˜BGÌÆÆ"9AL â" Ó
Ê	...
[3767] CREARE_ENTITAS       019b9010-dae6-7786-8147-e7cbdf73b0eb (Vultus::Imago)
[3768] ADDERE_RELATIO       019b9010-dae6-7786-8147-e7cbdf73b0eb (Vultus::Imago) --[est]--> 41731d30-ea61-599b-88ac-c39b8c5c9468
[3769] PONERE_PROPRIETAS    019b9010-dae6-7786-8147-e7cbdf73b0eb (Vultus::Imago) titulus=6th sword
[3770] PONERE_PROPRIETAS    019b9010-dae6-7786-8147-e7cbdf73b0eb (Vultus::Imago) latitudo=424
[3771] PONERE_PROPRIETAS    019b9010-dae6-7786-8147-e7cbdf73b0eb (Vultus::Imago) altitudo=467
[3772] PONERE_PROPRIETAS    019b9010-dae6-7786-8147-e7cbdf73b0eb (Vultus::Imago) datum=‹      ÿcd`!RTL'—‘ŠàP"a@Â8§Üa"D ª`...
[3773] CREARE_ENTITAS       019b9011-e987-7fe3-96df-6da87020826c (Vultus::Imago)
[3774] ADDERE_RELATIO       019b9011-e987-7fe3-96df-6da87020826c (Vultus::Imago) --[est]--> 41731d30-ea61-599b-88ac-c39b8c5c9468
[3775] PONERE_PROPRIETAS    019b9011-e987-7fe3-96df-6da87020826c (Vultus::Imago) titulus=Logos
[3776] PONERE_PROPRIETAS    019b9011-e987-7fe3-96df-6da87020826c (Vultus::Imago) latitudo=425
[3777] PONERE_PROPRIETAS    019b9011-e987-7fe3-96df-6da87020826c (Vultus::Imago) altitudo=445
[3778] PONERE_PROPRIETAS    019b9011-e987-7fe3-96df-6da87020826c (Vultus::Imago) datum=‹      ÿcddbddc&&FF6~^6FFN~^~NN æáI²ñó3¥...
[3779] PONERE_PROPRIETAS    37061125-965c-5c9f-886b-66b7982e80e0 (LibroPagina) contentum=

     okay, i might have some bugs to fix but tha...
[3780] PONERE_PROPRIETAS    37061125-965c-5c9f-886b-66b7982e80e0 (LibroPagina) contentum=

     okay, i might have some bugs to fix but tha...
[3781] PONERE_PROPRIETAS    37061125-965c-5c9f-886b-66b7982e80e0 (LibroPagina) contentum=

     okay, i might have some bugs to fix but tha...
[3782] PONERE_PROPRIETAS    37061125-965c-5c9f-886b-66b7982e80e0 (LibroPagina) contentum=

     okay, i might have some bugs to fix but tha...
[3783] PONERE_PROPRIETAS    37061125-965c-5c9f-886b-66b7982e80e0 (LibroPagina) contentum=

     okay, i might have some bugs to fix but tha...
[3784] PONERE_PROPRIETAS    37061125-965c-5c9f-886b-66b7982e80e0 (LibroPagina) contentum=

     okay, i might have some bugs to fix but tha...
[3785] PONERE_PROPRIETAS    37061125-965c-5c9f-886b-66b7982e80e0 (LibroPagina) contentum=

     okay, i might have some bugs to fix but tha...
[3786] PONERE_PROPRIETAS    37061125-965c-5c9f-886b-66b7982e80e0 (LibroPagina) contentum=

     okay, i might have some bugs to fix but tha...
[3787] PONERE_PROPRIETAS    37061125-965c-5c9f-886b-66b7982e80e0 (LibroPagina) contentum=

     okay, i might have some bugs to fix but tha...
[3788] PONERE_PROPRIETAS    37061125-965c-5c9f-886b-66b7982e80e0 (LibroPagina) contentum=

     okay, i might have some bugs to fix but tha...
[3789] PONERE_PROPRIETAS    37061125-965c-5c9f-886b-66b7982e80e0 (LibroPagina) contentum=

     okay, i might have some bugs to fix but tha...
[3790] PONERE_PROPRIETAS    37061125-965c-5c9f-886b-66b7982e80e0 (LibroPagina) contentum=

     okay, i might have some bugs to fix but tha...
[3791] PONERE_PROPRIETAS    37061125-965c-5c9f-886b-66b7982e80e0 (LibroPagina) contentum=

     okay, i might have some bugs to fix but tha...
[3792] PONERE_PROPRIETAS    37061125-965c-5c9f-886b-66b7982e80e0 (LibroPagina) contentum=

     okay, i might have some bugs to fix but tha...
[3793] PONERE_PROPRIETAS    37061125-965c-5c9f-886b-66b7982e80e0 (LibroPagina) contentum=

     okay, i might have some bugs to fix but tha...
[3794] PONERE_PROPRIETAS    37061125-965c-5c9f-886b-66b7982e80e0 (LibroPagina) contentum=

     okay, i might have some bugs to fix but tha...
[3795] PONERE_PROPRIETAS    f9167d6d-f516-5db0-85db-ac60dbe37467 (LibroPagina) contentum=
 	 	
 	 	 	 	 	 	 	 	 MY SCREEN IS SO DIRTY
 	 	 ...
[3796] PONERE_PROPRIETAS    f9167d6d-f516-5db0-85db-ac60dbe37467 (LibroPagina) contentum=
 	 
 	 
 	 	




































...
[3797] PONERE_PROPRIETAS    f9167d6d-f516-5db0-85db-ac60dbe37467 (LibroPagina) contentum=
 	 
 	 there's a lot of stuff to think about.
 	 ...
[3798] PONERE_PROPRIETAS    f9167d6d-f516-5db0-85db-ac60dbe37467 (LibroPagina) contentum=
 	 
 	 there's a lot of stuff to think about.
 	 ...
[3799] PONERE_PROPRIETAS    f9167d6d-f516-5db0-85db-ac60dbe37467 (LibroPagina) contentum=
 	 
 	 there's a lot of stuff to think about.
 	 ...
[3800] PONERE_PROPRIETAS    f9167d6d-f516-5db0-85db-ac60dbe37467 (LibroPagina) contentum=
 	 
 	 there's a lot of stuff to think about.
 	 ...
[3801] PONERE_PROPRIETAS    f9167d6d-f516-5db0-85db-ac60dbe37467 (LibroPagina) contentum=
 	 
 	 there's a lot of stuff to think about.
 	 ...
[3802] PONERE_PROPRIETAS    f9167d6d-f516-5db0-85db-ac60dbe37467 (LibroPagina) contentum=
 	 
 	 there's a lot of stuff to think about.
 	 ...
[3803] PONERE_PROPRIETAS    f9167d6d-f516-5db0-85db-ac60dbe37467 (LibroPagina) contentum=
 	 
 	 there's a lot of stuff to think about.
 	 ...
[3804] PONERE_PROPRIETAS    f9167d6d-f516-5db0-85db-ac60dbe37467 (LibroPagina) contentum=
 	 
 	 there's a lot of stuff to think about.
 	 ...
[3805] PONERE_PROPRIETAS    f9167d6d-f516-5db0-85db-ac60dbe37467 (LibroPagina) contentum=
 	 
 	 there's a lot of stuff to think about.
 	 ...
[3806] PONERE_PROPRIETAS    f9167d6d-f516-5db0-85db-ac60dbe37467 (LibroPagina) contentum=
 	 
 	 there's a lot of stuff to think about.
 	 ...
[3807] PONERE_PROPRIETAS    f9167d6d-f516-5db0-85db-ac60dbe37467 (LibroPagina) contentum=
 	 
 	 there's a lot of stuff to think about.
 	 ...
[3808] PONERE_PROPRIETAS    f9167d6d-f516-5db0-85db-ac60dbe37467 (LibroPagina) contentum=
 	 
 	 there's a lot of stuff to think about.
 	 ...
[3809] PONERE_PROPRIETAS    f9167d6d-f516-5db0-85db-ac60dbe37467 (LibroPagina) contentum=
 	 
 	 there's a lot of stuff to think about.
 	 ...
[3810] PONERE_PROPRIETAS    f9167d6d-f516-5db0-85db-ac60dbe37467 (LibroPagina) contentum=
 	 
 	 there's a lot of stuff to think about.
 	 ...
[3811] PONERE_PROPRIETAS    f9167d6d-f516-5db0-85db-ac60dbe37467 (LibroPagina) contentum=
 	 
 	 there's a lot of stuff to think about.
 	 ...
[3812] PONERE_PROPRIETAS    f9167d6d-f516-5db0-85db-ac60dbe37467 (LibroPagina) contentum=
 	 
 	 there's a lot of stuff to think about.
 	 ...
[3813] PONERE_PROPRIETAS    f9167d6d-f516-5db0-85db-ac60dbe37467 (LibroPagina) contentum=
 	 
 	 there's a lot of stuff to think about.
 	 ...
[3814] PONERE_PROPRIETAS    f9167d6d-f516-5db0-85db-ac60dbe37467 (LibroPagina) contentum=
 	 
 	 there's a lot of stuff to think about.
 	 ...
[3815] PONERE_PROPRIETAS    f9167d6d-f516-5db0-85db-ac60dbe37467 (LibroPagina) contentum=
 	 
 	 there's a lot of stuff to think about.
 	 ...
[3816] PONERE_PROPRIETAS    f9167d6d-f516-5db0-85db-ac60dbe37467 (LibroPagina) contentum=
 	 
 	 there's a lot of stuff to think about.
 	 ...
[3817] PONERE_PROPRIETAS    f9167d6d-f516-5db0-85db-ac60dbe37467 (LibroPagina) contentum=
 	 
 	 there's a lot of stuff to think about.
 	 ...
[3818] PONERE_PROPRIETAS    f9167d6d-f516-5db0-85db-ac60dbe37467 (LibroPagina) contentum=
 	 
 	 there's a lot of stuff to think about.
 	 ...
[3819] PONERE_PROPRIETAS    f9167d6d-f516-5db0-85db-ac60dbe37467 (LibroPagina) contentum=
 	 
 	 there's a lot of stuff to think about.
 	 ...
[3820] PONERE_PROPRIETAS    f9167d6d-f516-5db0-85db-ac60dbe37467 (LibroPagina) contentum=
 	 
 	 there's a lot of stuff to think about.
 	 ...
[3821] PONERE_PROPRIETAS    f9167d6d-f516-5db0-85db-ac60dbe37467 (LibroPagina) contentum=
 	 
 	 there's a lot of stuff to think about.
 	 ...
[3822] PONERE_PROPRIETAS    f9167d6d-f516-5db0-85db-ac60dbe37467 (LibroPagina) contentum=
 	 
 	 there's a lot of stuff to think about.
 	 ...
[3823] PONERE_PROPRIETAS    f9167d6d-f516-5db0-85db-ac60dbe37467 (LibroPagina) contentum=
 	 
 	 there's a lot of stuff to think about.
 	 ...
[3824] PONERE_PROPRIETAS    f9167d6d-f516-5db0-85db-ac60dbe37467 (LibroPagina) contentum=
 	 
 	 there's a lot of stuff to think about.
 	 ...
[3825] PONERE_PROPRIETAS    f9167d6d-f516-5db0-85db-ac60dbe37467 (LibroPagina) contentum=
 	 
 	 there's a lot of stuff to think about.
 	 ...
[3826] PONERE_PROPRIETAS    f9167d6d-f516-5db0-85db-ac60dbe37467 (LibroPagina) contentum=
 	 
 	 there's a lot of stuff to think about.
 	 ...
[3827] PONERE_PROPRIETAS    f9167d6d-f516-5db0-85db-ac60dbe37467 (LibroPagina) contentum=
 	 
 	 there's a lot of stuff to think about.
 	 ...
[3828] PONERE_PROPRIETAS    f9167d6d-f516-5db0-85db-ac60dbe37467 (LibroPagina) contentum=
 	 
 	 there's a lot of stuff to think about.
 	 ...
[3829] PONERE_PROPRIETAS    f9167d6d-f516-5db0-85db-ac60dbe37467 (LibroPagina) contentum=
 	 
 	 there's a lot of stuff to think about.
 	 ...
[3830] PONERE_PROPRIETAS    f9167d6d-f516-5db0-85db-ac60dbe37467 (LibroPagina) contentum=
 	 
 	 there's a lot of stuff to think about.
 	 ...
[3831] PONERE_PROPRIETAS    f9167d6d-f516-5db0-85db-ac60dbe37467 (LibroPagina) contentum=
 	 
 	 there's a lot of stuff to think about.
 	 ...
[3832] PONERE_PROPRIETAS    f9167d6d-f516-5db0-85db-ac60dbe37467 (LibroPagina) contentum=
 	 
 	 there's a lot of stuff to think about.
 	 ...
[3833] PONERE_PROPRIETAS    f9167d6d-f516-5db0-85db-ac60dbe37467 (LibroPagina) contentum=
 	 
 	 there's a lot of stuff to think about.
 	 ...
[3834] PONERE_PROPRIETAS    f9167d6d-f516-5db0-85db-ac60dbe37467 (LibroPagina) contentum=
 	 
 	 there's a lot of stuff to think about.
 	 ...
[3835] PONERE_PROPRIETAS    f9167d6d-f516-5db0-85db-ac60dbe37467 (LibroPagina) contentum=
 	 
 	 there's a lot of stuff to think about.
 	 ...
[3836] PONERE_PROPRIETAS    f9167d6d-f516-5db0-85db-ac60dbe37467 (LibroPagina) contentum=
 	 
 	 there's a lot of stuff to think about.
 	 ...
[3837] PONERE_PROPRIETAS    f9167d6d-f516-5db0-85db-ac60dbe37467 (LibroPagina) contentum=
 	 
 	 there's a lot of stuff to think about.
 	 ...
[3838] PONERE_PROPRIETAS    f9167d6d-f516-5db0-85db-ac60dbe37467 (LibroPagina) contentum=
 	 
 	 there's a lot of stuff to think about.
 	 ...
[3839] PONERE_PROPRIETAS    f9167d6d-f516-5db0-85db-ac60dbe37467 (LibroPagina) contentum=
 	 
 	 there's a lot of stuff to think about.
 	 ...
[3840] PONERE_PROPRIETAS    f9167d6d-f516-5db0-85db-ac60dbe37467 (LibroPagina) contentum=
 	 
 	 there's a lot of stuff to think about.
 	 ...
[3841] PONERE_PROPRIETAS    f9167d6d-f516-5db0-85db-ac60dbe37467 (LibroPagina) contentum=
 	 
 	 there's a lot of stuff to think about.
 	 ...
[3842] PONERE_PROPRIETAS    f9167d6d-f516-5db0-85db-ac60dbe37467 (LibroPagina) contentum=
 	 
 	 there's a lot of stuff to think about.
 	 ...
[3843] PONERE_PROPRIETAS    f9167d6d-f516-5db0-85db-ac60dbe37467 (LibroPagina) contentum=
 	 
 	 there's a lot of stuff to think about.
 	 ...
[3844] PONERE_PROPRIETAS    f9167d6d-f516-5db0-85db-ac60dbe37467 (LibroPagina) contentum=
 	 
 	 there's a lot of stuff to think about.
 	 ...
[3845] PONERE_PROPRIETAS    f9167d6d-f516-5db0-85db-ac60dbe37467 (LibroPagina) contentum=
 	 
 	 there's a lot of stuff to think about.
 	 ...
[3846] PONERE_PROPRIETAS    f9167d6d-f516-5db0-85db-ac60dbe37467 (LibroPagina) contentum=
 	 
 	 there's a lot of stuff to think about.
 	 ...
[3847] PONERE_PROPRIETAS    f9167d6d-f516-5db0-85db-ac60dbe37467 (LibroPagina) contentum=
 	 
 	 there's a lot of stuff to think about.
 	 ...
[3848] PONERE_PROPRIETAS    f9167d6d-f516-5db0-85db-ac60dbe37467 (LibroPagina) contentum=
 	 
 	 there's a lot of stuff to think about.
 	 ...
[3849] PONERE_PROPRIETAS    f9167d6d-f516-5db0-85db-ac60dbe37467 (LibroPagina) contentum=
 	 
 	 there's a lot of stuff to think about.
 	 ...
[3850] PONERE_PROPRIETAS    f9167d6d-f516-5db0-85db-ac60dbe37467 (LibroPagina) contentum=
 	 
 	 there's a lot of stuff to think about.
 	 ...
[3851] PONERE_PROPRIETAS    f9167d6d-f516-5db0-85db-ac60dbe37467 (LibroPagina) contentum=
 	 
 	 there's a lot of stuff to think about.
 	 ...
[3852] PONERE_PROPRIETAS    f9167d6d-f516-5db0-85db-ac60dbe37467 (LibroPagina) contentum=
 	 
 	 there's a lot of stuff to think about.
 	 ...
[3853] PONERE_PROPRIETAS    f9167d6d-f516-5db0-85db-ac60dbe37467 (LibroPagina) contentum=
 	 
 	 there's a lot of stuff to think about.
 	 ...
[3854] PONERE_PROPRIETAS    f9167d6d-f516-5db0-85db-ac60dbe37467 (LibroPagina) contentum=
 	 
 	 there's a lot of stuff to think about.
 	 ...
[3855] PONERE_PROPRIETAS    f9167d6d-f516-5db0-85db-ac60dbe37467 (LibroPagina) contentum=
 	 
 	 there's a lot of stuff to think about.
 	 ...
[3856] PONERE_PROPRIETAS    f9167d6d-f516-5db0-85db-ac60dbe37467 (LibroPagina) contentum=
 	 definitely accomplishing the goal of not forge...
[3857] PONERE_PROPRIETAS    f9167d6d-f516-5db0-85db-ac60dbe37467 (LibroPagina) contentum=
 	 definitely accomplishing the goal of not forge...
[3858] PONERE_PROPRIETAS    f9167d6d-f516-5db0-85db-ac60dbe37467 (LibroPagina) contentum=
 	 definitely accomplishing the goal of not forge...
[3859] PONERE_PROPRIETAS    f9167d6d-f516-5db0-85db-ac60dbe37467 (LibroPagina) contentum=
 	 definitely accomplishing the goal of not forge...
[3860] PONERE_PROPRIETAS    f9167d6d-f516-5db0-85db-ac60dbe37467 (LibroPagina) contentum=
 	 definitely accomplishing the goal of not forge...
[3861] PONERE_PROPRIETAS    f9167d6d-f516-5db0-85db-ac60dbe37467 (LibroPagina) contentum=
 	 definitely accomplishing the goal of not forge...
[3862] PONERE_PROPRIETAS    f9167d6d-f516-5db0-85db-ac60dbe37467 (LibroPagina) contentum=
 	 definitely accomplishing the goal of not forge...
[3863] PONERE_PROPRIETAS    f9167d6d-f516-5db0-85db-ac60dbe37467 (LibroPagina) contentum=
 	 definitely accomplishing the goal of not forge...
[3864] PONERE_PROPRIETAS    f9167d6d-f516-5db0-85db-ac60dbe37467 (LibroPagina) contentum=
 	 definitely accomplishing the goal of not forge...
[3865] PONERE_PROPRIETAS    f9167d6d-f516-5db0-85db-ac60dbe37467 (LibroPagina) contentum=
 	 definitely accomplishing the goal of not forge...
[3866] PONERE_PROPRIETAS    f9167d6d-f516-5db0-85db-ac60dbe37467 (LibroPagina) contentum=
 	 definitely accomplishing the goal of not forge...
[3867] PONERE_PROPRIETAS    f9167d6d-f516-5db0-85db-ac60dbe37467 (LibroPagina) contentum=
 	 definitely accomplishing the goal of not forge...
[3868] PONERE_PROPRIETAS    f9167d6d-f516-5db0-85db-ac60dbe37467 (LibroPagina) contentum=
 	 definitely accomplishing the goal of not forge...
[3869] PONERE_PROPRIETAS    f9167d6d-f516-5db0-85db-ac60dbe37467 (LibroPagina) contentum=
 	 here are the libraries:
 	 
 	                ...
[3870] PONERE_PROPRIETAS    f9167d6d-f516-5db0-85db-ac60dbe37467 (LibroPagina) contentum=
 	 here are the libraries:
 	 
 	                ...
[3871] PONERE_PROPRIETAS    f9167d6d-f516-5db0-85db-ac60dbe37467 (LibroPagina) contentum=
 	 here are the libraries:
 	 
 	                ...
[3872] PONERE_PROPRIETAS    f9167d6d-f516-5db0-85db-ac60dbe37467 (LibroPagina) contentum=
 	 here are the libraries:
 	 
 	                ...
[3873] PONERE_PROPRIETAS    f9167d6d-f516-5db0-85db-ac60dbe37467 (LibroPagina) contentum=
 	 here are the libraries:
 	 
 	                ...
[3874] PONERE_PROPRIETAS    f9167d6d-f516-5db0-85db-ac60dbe37467 (LibroPagina) contentum=
 	 here are the libraries:
 	 
 	                ...
[3875] PONERE_PROPRIETAS    f9167d6d-f516-5db0-85db-ac60dbe37467 (LibroPagina) contentum=
 	 here are the libraries:
 	 
 	                ...
[3876] PONERE_PROPRIETAS    f9167d6d-f516-5db0-85db-ac60dbe37467 (LibroPagina) contentum=
 	 here are the libraries:
 	 
 	                ...
[3877] PONERE_PROPRIETAS    f9167d6d-f516-5db0-85db-ac60dbe37467 (LibroPagina) contentum=
 	 here are the libraries:
 	 
 	                ...
[3878] PONERE_PROPRIETAS    f9167d6d-f516-5db0-85db-ac60dbe37467 (LibroPagina) contentum=
 	 here are the libraries:
 	 
 	                ...
[3879] PONERE_PROPRIETAS    f9167d6d-f516-5db0-85db-ac60dbe37467 (LibroPagina) contentum=
 	 here are the libraries:
 	 
 	                ...
[3880] PONERE_PROPRIETAS    f9167d6d-f516-5db0-85db-ac60dbe37467 (LibroPagina) contentum=
 	 here are the libraries:
 	 
 	                ...
[3881] PONERE_PROPRIETAS    f9167d6d-f516-5db0-85db-ac60dbe37467 (LibroPagina) contentum=
 	 here are the libraries:
 	 
 	                ...
[3882] PONERE_PROPRIETAS    f9167d6d-f516-5db0-85db-ac60dbe37467 (LibroPagina) contentum=
 	 here are the libraries:
 	 
 	                ...
[3883] PONERE_PROPRIETAS    f9167d6d-f516-5db0-85db-ac60dbe37467 (LibroPagina) contentum=
 	 here are the libraries:
 	 
 	                ...
[3884] PONERE_PROPRIETAS    f9167d6d-f516-5db0-85db-ac60dbe37467 (LibroPagina) contentum=
 	 here are the libraries:
 	 
 	                ...
[3885] PONERE_PROPRIETAS    f9167d6d-f516-5db0-85db-ac60dbe37467 (LibroPagina) contentum=
 	 here are the libraries:
 	 
 	                ...
[3886] PONERE_PROPRIETAS    f9167d6d-f516-5db0-85db-ac60dbe37467 (LibroPagina) contentum=
 	 here are the libraries:
 	 
 	                ...
[3887] PONERE_PROPRIETAS    f9167d6d-f516-5db0-85db-ac60dbe37467 (LibroPagina) contentum=
 	 here are the libraries:
 	 
 	                ...
[3888] PONERE_PROPRIETAS    f9167d6d-f516-5db0-85db-ac60dbe37467 (LibroPagina) contentum=
 	 here are the libraries:
 	 
 	                ...
[3889] PONERE_PROPRIETAS    f9167d6d-f516-5db0-85db-ac60dbe37467 (LibroPagina) contentum=
 	 here are the libraries:
 	 
 	                ...
[3890] PONERE_PROPRIETAS    f9167d6d-f516-5db0-85db-ac60dbe37467 (LibroPagina) contentum=
 	 here are the libraries:
 	 
 	                ...
[3891] PONERE_PROPRIETAS    f9167d6d-f516-5db0-85db-ac60dbe37467 (LibroPagina) contentum=
 	 here are the libraries:
 	 
 	                ...
[3892] PONERE_PROPRIETAS    f9167d6d-f516-5db0-85db-ac60dbe37467 (LibroPagina) contentum=
 	 here are the libraries:
 	 
 	                ...
[3893] PONERE_PROPRIETAS    f9167d6d-f516-5db0-85db-ac60dbe37467 (LibroPagina) contentum=
 	 here are the libraries:
 	 
 	                ...
[3894] PONERE_PROPRIETAS    f9167d6d-f516-5db0-85db-ac60dbe37467 (LibroPagina) contentum=
 	 here are the libraries:
 	 
 	                ...
[3895] PONERE_PROPRIETAS    f9167d6d-f516-5db0-85db-ac60dbe37467 (LibroPagina) contentum=
 	 here are the libraries:
 	 
 	                ...
[3896] PONERE_PROPRIETAS    f9167d6d-f516-5db0-85db-ac60dbe37467 (LibroPagina) contentum=
 	 here are the libraries:
 	 
 	                ...
[3897] PONERE_PROPRIETAS    f9167d6d-f516-5db0-85db-ac60dbe37467 (LibroPagina) contentum=
 	 here are the libraries:
 	 
 	                ...
[3898] PONERE_PROPRIETAS    f9167d6d-f516-5db0-85db-ac60dbe37467 (LibroPagina) contentum=
 	 here are the libraries:
 	 
 	                ...
[3899] PONERE_PROPRIETAS    f9167d6d-f516-5db0-85db-ac60dbe37467 (LibroPagina) contentum=
 	 here are the libraries:
 	 
 	                ...
[3900] PONERE_PROPRIETAS    f9167d6d-f516-5db0-85db-ac60dbe37467 (LibroPagina) contentum=
 	 here are the libraries:
 	 
 	                ...
[3901] PONERE_PROPRIETAS    f9167d6d-f516-5db0-85db-ac60dbe37467 (LibroPagina) contentum=
 	 here are the libraries:
 	 
 	                ...
[3902] PONERE_PROPRIETAS    f9167d6d-f516-5db0-85db-ac60dbe37467 (LibroPagina) contentum=
 	 here are the libraries:
 	 
 	                ...
[3903] PONERE_PROPRIETAS    f9167d6d-f516-5db0-85db-ac60dbe37467 (LibroPagina) contentum=
 	 here are the libraries:
 	 
 	                ...
[3904] PONERE_PROPRIETAS    f9167d6d-f516-5db0-85db-ac60dbe37467 (LibroPagina) contentum=
 	 here are the libraries:
 	 
 	                ...
[3905] PONERE_PROPRIETAS    f9167d6d-f516-5db0-85db-ac60dbe37467 (LibroPagina) contentum=
 	 here are the libraries:
 	 
 	                ...
[3906] PONERE_PROPRIETAS    f9167d6d-f516-5db0-85db-ac60dbe37467 (LibroPagina) contentum=
 	 here are the libraries:
 	 
 	                ...
[3907] PONERE_PROPRIETAS    f9167d6d-f516-5db0-85db-ac60dbe37467 (LibroPagina) contentum=
 	 here are the libraries:
 	 
 	                ...
[3908] PONERE_PROPRIETAS    f9167d6d-f516-5db0-85db-ac60dbe37467 (LibroPagina) contentum=
 	 here are the libraries:
 	 
 	                ...
[3909] PONERE_PROPRIETAS    f9167d6d-f516-5db0-85db-ac60dbe37467 (LibroPagina) contentum=
 	 here are the libraries:
 	 
 	                ...
[3910] PONERE_PROPRIETAS    f9167d6d-f516-5db0-85db-ac60dbe37467 (LibroPagina) contentum=
 	 here are the libraries:
 	 
 	                ...
[3911] PONERE_PROPRIETAS    f9167d6d-f516-5db0-85db-ac60dbe37467 (LibroPagina) contentum=
 	 here are the libraries:
 	 
 	                ...
[3912] PONERE_PROPRIETAS    f9167d6d-f516-5db0-85db-ac60dbe37467 (LibroPagina) contentum=
 	 here are the libraries:
 	 
 	                ...
[3913] PONERE_PROPRIETAS    f9167d6d-f516-5db0-85db-ac60dbe37467 (LibroPagina) contentum=
 	 here are the libraries:
 	 
 	                ...
[3914] PONERE_PROPRIETAS    f9167d6d-f516-5db0-85db-ac60dbe37467 (LibroPagina) contentum=
 	 here are the libraries:
 	 
 	                ...
[3915] PONERE_PROPRIETAS    f9167d6d-f516-5db0-85db-ac60dbe37467 (LibroPagina) contentum=
 	 here are the libraries:
 	 
 	                ...
[3916] PONERE_PROPRIETAS    f9167d6d-f516-5db0-85db-ac60dbe37467 (LibroPagina) contentum=
 	 here are the libraries:
 	 
 	                ...
[3917] PONERE_PROPRIETAS    f9167d6d-f516-5db0-85db-ac60dbe37467 (LibroPagina) contentum=
 	 here are the libraries:
 	 
 	                ...
[3918] PONERE_PROPRIETAS    f9167d6d-f516-5db0-85db-ac60dbe37467 (LibroPagina) contentum=
 	 here are the libraries:
 	 
 	                ...
[3919] PONERE_PROPRIETAS    f9167d6d-f516-5db0-85db-ac60dbe37467 (LibroPagina) contentum=
 	 here are the libraries:
 	 
 	                ...
[3920] PONERE_PROPRIETAS    f9167d6d-f516-5db0-85db-ac60dbe37467 (LibroPagina) contentum=
 	 here are the libraries:
 	 
 	                ...
[3921] PONERE_PROPRIETAS    f9167d6d-f516-5db0-85db-ac60dbe37467 (LibroPagina) contentum=
 	 here are the libraries:
 	 
 	                ...
[3922] PONERE_PROPRIETAS    f9167d6d-f516-5db0-85db-ac60dbe37467 (LibroPagina) contentum=
 	 here are the libraries:
 	 
 	                ...
[3923] PONERE_PROPRIETAS    f9167d6d-f516-5db0-85db-ac60dbe37467 (LibroPagina) contentum=
 	 here are the libraries:
 	 
 	                ...
[3924] PONERE_PROPRIETAS    f9167d6d-f516-5db0-85db-ac60dbe37467 (LibroPagina) contentum=
 	 here are the libraries:
 	 
 	                ...
[3925] PONERE_PROPRIETAS    f9167d6d-f516-5db0-85db-ac60dbe37467 (LibroPagina) contentum=
 	 here are the libraries:
 	 
 	                ...
[3926] PONERE_PROPRIETAS    f9167d6d-f516-5db0-85db-ac60dbe37467 (LibroPagina) contentum=
 	 here are the libraries:
 	 
 	                ...
[3927] PONERE_PROPRIETAS    f9167d6d-f516-5db0-85db-ac60dbe37467 (LibroPagina) contentum=
 	 here are the libraries:
 	 
 	                ...
[3928] PONERE_PROPRIETAS    f9167d6d-f516-5db0-85db-ac60dbe37467 (LibroPagina) name=libraries
[3929] PONERE_PROPRIETAS    f9167d6d-f516-5db0-85db-ac60dbe37467 (LibroPagina) titulus=libraries
[3930] PONERE_PROPRIETAS    f9167d6d-f516-5db0-85db-ac60dbe37467 (LibroPagina) contentum=
 	 here are the libraries:           $rename libr...
[3931] PONERE_PROPRIETAS    f9167d6d-f516-5db0-85db-ac60dbe37467 (LibroPagina) contentum=
 	 here are the libraries:
 	 
 	                ...
[3932] PONERE_PROPRIETAS    f9167d6d-f516-5db0-85db-ac60dbe37467 (LibroPagina) contentum=
 	           here are the libraries:
 	 
 	      ...
[3933] PONERE_PROPRIETAS    f9167d6d-f516-5db0-85db-ac60dbe37467 (LibroPagina) contentum=
 	        here are the libraries:
 	 
 	         ...
[3934] CREARE_ENTITAS       68638f11-db47-536f-8e11-f7e6c82b9474 (LibroPagina)
[3935] PONERE_PROPRIETAS    68638f11-db47-536f-8e11-f7e6c82b9474 (LibroPagina) titulus=pagina-14
[3936] ADDERE_RELATIO       68638f11-db47-536f-8e11-f7e6c82b9474 (LibroPagina) --[est]--> f5fd3e63-c2cc-5256-a514-4b7764478f6d
[3937] ADDERE_NOTA          68638f11-db47-536f-8e11-f7e6c82b9474 (LibroPagina) ##LibroPagina
[3938] PONERE_PROPRIETAS    68638f11-db47-536f-8e11-f7e6c82b9474 (LibroPagina) ordo=14
[3939] PONERE_PROPRIETAS    68638f11-db47-536f-8e11-f7e6c82b9474 (LibroPagina) name=pagina-14
[3940] PONERE_PROPRIETAS    68638f11-db47-536f-8e11-f7e6c82b9474 (LibroPagina) contentum=

















































...
[3941] PONERE_PROPRIETAS    0fc9cd13-f93a-54a3-8df8-4002a1104f56 (LibroPagina) contentum=

    #rename actor.h




























...
[3942] PONERE_PROPRIETAS    0fc9cd13-f93a-54a3-8df8-4002a1104f56 (LibroPagina) name=actor.h
[3943] PONERE_PROPRIETAS    0fc9cd13-f93a-54a3-8df8-4002a1104f56 (LibroPagina) titulus=actor.h
[3944] PONERE_PROPRIETAS    0fc9cd13-f93a-54a3-8df8-4002a1104f56 (LibroPagina) contentum=

    $rename actor.h




























...
[3945] PONERE_PROPRIETAS    0fc9cd13-f93a-54a3-8df8-4002a1104f56 (LibroPagina) contentum=

















































...
[3946] PONERE_PROPRIETAS    0fc9cd13-f93a-54a3-8df8-4002a1104f56 (LibroPagina) contentum=
  #libraries




































...
[3947] PONERE_PROPRIETAS    f9167d6d-f516-5db0-85db-ac60dbe37467 (LibroPagina) contentum=
 	        here are the libraries:
 	 
 	         ...
[3948] PONERE_PROPRIETAS    37061125-965c-5c9f-886b-66b7982e80e0 (LibroPagina) contentum=

     okay, i might have some bugs to fix but tha...
[3949] PONERE_PROPRIETAS    f9167d6d-f516-5db0-85db-ac60dbe37467 (LibroPagina) contentum=
 	        here are the libraries:
 	
 	          ...
[3950] PONERE_PROPRIETAS    0fc9cd13-f93a-54a3-8df8-4002a1104f56 (LibroPagina) contentum=
  #libraries


	 structura Nuntius














...
[3951] PONERE_PROPRIETAS    0fc9cd13-f93a-54a3-8df8-4002a1104f56 (LibroPagina) contentum=
  #libraries


	 structura Nuntius {
	 









...
[3952] PONERE_PROPRIETAS    0fc9cd13-f93a-54a3-8df8-4002a1104f56 (LibroPagina) contentum=
  #libraries


	 structura Nuntius {
	   chorda*
...
[3953] PONERE_PROPRIETAS    0fc9cd13-f93a-54a3-8df8-4002a1104f56 (LibroPagina) contentum=
  #libraries


	 structura Nuntius {
	   chorda* ...
[3954] PONERE_PROPRIETAS    0fc9cd13-f93a-54a3-8df8-4002a1104f56 (LibroPagina) contentum=
  #libraries


	 structura Nuntius {
	   chorda* ...
[3955] PONERE_PROPRIETAS    0fc9cd13-f93a-54a3-8df8-4002a1104f56 (LibroPagina) contentum=
  #libraries


	 structura Nuntius {
	   chorda* ...
[3956] PONERE_PROPRIETAS    0fc9cd13-f93a-54a3-8df8-4002a1104f56 (LibroPagina) contentum=
  #libraries


	 structura Nuntius {
	   chorda* ...
[3957] PONERE_PROPRIETAS    0fc9cd13-f93a-54a3-8df8-4002a1104f56 (LibroPagina) contentum=
  #libraries


	 structura Nuntius {
	   chorda* ...
[3958] PONERE_PROPRIETAS    0fc9cd13-f93a-54a3-8df8-4002a1104f56 (LibroPagina) contentum=
  #libraries


	 structura Nuntius {
	   chorda* ...
[3959] PONERE_PROPRIETAS    0fc9cd13-f93a-54a3-8df8-4002a1104f56 (LibroPagina) contentum=
  #libraries


	 structura Nuntius {
	   chorda* ...
[3960] PONERE_PROPRIETAS    0fc9cd13-f93a-54a3-8df8-4002a1104f56 (LibroPagina) contentum=
  #libraries


	 structura Nuntius {
	   chorda* ...
[3961] PONERE_PROPRIETAS    0fc9cd13-f93a-54a3-8df8-4002a1104f56 (LibroPagina) contentum=
  #libraries


	 structura Nuntius {
	   chorda* ...
[3962] PONERE_PROPRIETAS    0fc9cd13-f93a-54a3-8df8-4002a1104f56 (LibroPagina) contentum=
  #libraries


	 structura Nuntius {
	   chorda* ...
[3963] PONERE_PROPRIETAS    0fc9cd13-f93a-54a3-8df8-4002a1104f56 (LibroPagina) contentum=
  #libraries


	 structura Nuntius {
	           ...
[3964] PONERE_PROPRIETAS    0fc9cd13-f93a-54a3-8df8-4002a1104f56 (LibroPagina) contentum=
  #libraries


	 structura Nuntius {
	           ...
[3965] PONERE_PROPRIETAS    0fc9cd13-f93a-54a3-8df8-4002a1104f56 (LibroPagina) contentum=
  #libraries


	 structura Nuntius {
	           ...
[3966] PONERE_PROPRIETAS    0fc9cd13-f93a-54a3-8df8-4002a1104f56 (LibroPagina) contentum=
  #libraries


	 structura Nuntius {
	           ...
[3967] PONERE_PROPRIETAS    0fc9cd13-f93a-54a3-8df8-4002a1104f56 (LibroPagina) contentum=
  #libraries


	 structura Nuntius {
	           ...
[3968] PONERE_PROPRIETAS    0fc9cd13-f93a-54a3-8df8-4002a1104f56 (LibroPagina) contentum=
  #libraries


	 structura Nuntius {
	           ...
[3969] PONERE_PROPRIETAS    0fc9cd13-f93a-54a3-8df8-4002a1104f56 (LibroPagina) contentum=
  #libraries


	 structura Nuntius {
	           ...
[3970] PONERE_PROPRIETAS    0fc9cd13-f93a-54a3-8df8-4002a1104f56 (LibroPagina) contentum=
  #libraries


	 structura Nuntius {
	           ...
[3971] PONERE_PROPRIETAS    0fc9cd13-f93a-54a3-8df8-4002a1104f56 (LibroPagina) contentum=
  #libraries


	 structura Nuntius {
	           ...
[3972] PONERE_PROPRIETAS    0fc9cd13-f93a-54a3-8df8-4002a1104f56 (LibroPagina) contentum=
  #libraries


	 structura Nuntius {
	           ...
[3973] PONERE_PROPRIETAS    0fc9cd13-f93a-54a3-8df8-4002a1104f56 (LibroPagina) contentum=
  #libraries


	 structura Nuntius {
	           ...
[3974] PONERE_PROPRIETAS    0fc9cd13-f93a-54a3-8df8-4002a1104f56 (LibroPagina) contentum=
  #libraries


	 structura Nuntius {
	           ...
[3975] PONERE_PROPRIETAS    0fc9cd13-f93a-54a3-8df8-4002a1104f56 (LibroPagina) contentum=
  #libraries


	 structura Nuntius {
	           ...
[3976] PONERE_PROPRIETAS    0fc9cd13-f93a-54a3-8df8-4002a1104f56 (LibroPagina) contentum=
  #libraries


	 structura Nuntius {
	           ...
[3977] PONERE_PROPRIETAS    0fc9cd13-f93a-54a3-8df8-4002a1104f56 (LibroPagina) contentum=
  #libraries


	 structura Nuntius {
	           ...
[3978] PONERE_PROPRIETAS    0fc9cd13-f93a-54a3-8df8-4002a1104f56 (LibroPagina) contentum=
  #libraries


	 structura Nuntius {
	           ...
[3979] PONERE_PROPRIETAS    0fc9cd13-f93a-54a3-8df8-4002a1104f56 (LibroPagina) contentum=
  #libraries


	 structura Nuntius {
	           ...
[3980] PONERE_PROPRIETAS    0fc9cd13-f93a-54a3-8df8-4002a1104f56 (LibroPagina) contentum=
  #libraries


	 structura Nuntius {
	           ...
[3981] PONERE_PROPRIETAS    0fc9cd13-f93a-54a3-8df8-4002a1104f56 (LibroPagina) contentum=
  #libraries


	 structura Nuntius {
	           ...
[3982] PONERE_PROPRIETAS    0fc9cd13-f93a-54a3-8df8-4002a1104f56 (LibroPagina) contentum=
  #libraries


	 structura Nuntius {
	           ...
[3983] PONERE_PROPRIETAS    0fc9cd13-f93a-54a3-8df8-4002a1104f56 (LibroPagina) contentum=
  #libraries


	 structura Nuntius {
	           ...
[3984] PONERE_PROPRIETAS    0fc9cd13-f93a-54a3-8df8-4002a1104f56 (LibroPagina) contentum=
  #libraries


	 structura Nuntius {
	           ...
[3985] PONERE_PROPRIETAS    0fc9cd13-f93a-54a3-8df8-4002a1104f56 (LibroPagina) contentum=
  #libraries


	 structura Nuntius {
	           ...
[3986] PONERE_PROPRIETAS    0fc9cd13-f93a-54a3-8df8-4002a1104f56 (LibroPagina) contentum=
  #libraries


	 structura Nuntius {
	           ...
[3987] PONERE_PROPRIETAS    0fc9cd13-f93a-54a3-8df8-4002a1104f56 (LibroPagina) contentum=
  #libraries


	 structura Nuntius {
	           ...
[3988] PONERE_PROPRIETAS    0fc9cd13-f93a-54a3-8df8-4002a1104f56 (LibroPagina) contentum=
  #libraries


	 structura Nuntius {
	           ...
[3989] PONERE_PROPRIETAS    0fc9cd13-f93a-54a3-8df8-4002a1104f56 (LibroPagina) contentum=
  #libraries


	 structura Nuntius {
	           ...
[3990] PONERE_PROPRIETAS    0fc9cd13-f93a-54a3-8df8-4002a1104f56 (LibroPagina) contentum=
  #libraries


	 structura Nuntius {
	           ...
[3991] PONERE_PROPRIETAS    0fc9cd13-f93a-54a3-8df8-4002a1104f56 (LibroPagina) contentum=
  #libraries


	 structura Nuntius {
	           ...
[3992] PONERE_PROPRIETAS    0fc9cd13-f93a-54a3-8df8-4002a1104f56 (LibroPagina) contentum=
  #libraries


	 structura Nuntius {
	           ...
[3993] PONERE_PROPRIETAS    0fc9cd13-f93a-54a3-8df8-4002a1104f56 (LibroPagina) contentum=
  #libraries


	 structura Nuntius {
	           ...
[3994] PONERE_PROPRIETAS    0fc9cd13-f93a-54a3-8df8-4002a1104f56 (LibroPagina) contentum=
  #libraries


	 structura Nuntius {
	           ...
[3995] PONERE_PROPRIETAS    0fc9cd13-f93a-54a3-8df8-4002a1104f56 (LibroPagina) contentum=
  #libraries


	 structura Nuntius {
	           ...
[3996] PONERE_PROPRIETAS    0fc9cd13-f93a-54a3-8df8-4002a1104f56 (LibroPagina) contentum=
  #libraries


	 structura Nuntius {
	           ...
[3997] PONERE_PROPRIETAS    0fc9cd13-f93a-54a3-8df8-4002a1104f56 (LibroPagina) contentum=
  #libraries


	 structura Nuntius {
	           ...
[3998] PONERE_PROPRIETAS    0fc9cd13-f93a-54a3-8df8-4002a1104f56 (LibroPagina) contentum=
  #libraries


	 structura Nuntius {
	           ...
[3999] PONERE_PROPRIETAS    0fc9cd13-f93a-54a3-8df8-4002a1104f56 (LibroPagina) contentum=
  #libraries


	 structura Nuntius {
	           ...
[4000] PONERE_PROPRIETAS    0fc9cd13-f93a-54a3-8df8-4002a1104f56 (LibroPagina) contentum=
  #libraries


	 structura Nuntius {
	           ...
[4001] PONERE_PROPRIETAS    0fc9cd13-f93a-54a3-8df8-4002a1104f56 (LibroPagina) contentum=
  #libraries


	 structura Nuntius {
	           ...
[4002] PONERE_PROPRIETAS    0fc9cd13-f93a-54a3-8df8-4002a1104f56 (LibroPagina) contentum=
  #libraries


	 structura Nuntius {
	           ...
[4003] PONERE_PROPRIETAS    0fc9cd13-f93a-54a3-8df8-4002a1104f56 (LibroPagina) contentum=
  #libraries


	 structura Nuntius {
	           ...
[4004] PONERE_PROPRIETAS    0fc9cd13-f93a-54a3-8df8-4002a1104f56 (LibroPagina) contentum=
  #libraries


	 structura Nuntius {
	           ...
[4005] PONERE_PROPRIETAS    0fc9cd13-f93a-54a3-8df8-4002a1104f56 (LibroPagina) contentum=
  #libraries


	 structura Nuntius {
	           ...
[4006] PONERE_PROPRIETAS    0fc9cd13-f93a-54a3-8df8-4002a1104f56 (LibroPagina) contentum=
  #libraries


	 structura Nuntius {
	           ...
[4007] PONERE_PROPRIETAS    0fc9cd13-f93a-54a3-8df8-4002a1104f56 (LibroPagina) contentum=
  #libraries


	 structura Nuntius {
	           ...
[4008] PONERE_PROPRIETAS    0fc9cd13-f93a-54a3-8df8-4002a1104f56 (LibroPagina) contentum=
  #libraries


	 structura Nuntius {
	           ...
[4009] PONERE_PROPRIETAS    0fc9cd13-f93a-54a3-8df8-4002a1104f56 (LibroPagina) contentum=
  #libraries


	 structura Nuntius {
	           ...
[4010] PONERE_PROPRIETAS    0fc9cd13-f93a-54a3-8df8-4002a1104f56 (LibroPagina) contentum=
  #libraries


	 structura Nuntius {
	           ...
[4011] CREARE_ENTITAS       019b90c5-e233-7af8-ab98-548d8792b8b6 (Vultus::Imago)
[4012] ADDERE_RELATIO       019b90c5-e233-7af8-ab98-548d8792b8b6 (Vultus::Imago) --[est]--> 41731d30-ea61-599b-88ac-c39b8c5c9468
[4013] PONERE_PROPRIETAS    019b90c5-e233-7af8-ab98-548d8792b8b6 (Vultus::Imago) titulus=adoration of the blessed virgin
[4014] PONERE_PROPRIETAS    019b90c5-e233-7af8-ab98-548d8792b8b6 (Vultus::Imago) latitudo=424
[4015] PONERE_PROPRIETAS    019b90c5-e233-7af8-ab98-548d8792b8b6 (Vultus::Imago) altitudo=467
[4016] PONERE_PROPRIETAS    019b90c5-e233-7af8-ab98-548d8792b8b6 (Vultus::Imago) datum=‹      ÿcBŒŒ@D0`0@l ‡$‚ ,
$@*!L€*‡",‚*³...
[4017] CREARE_ENTITAS       019b90e8-2f23-74ff-b1a7-72496f20eba0 (Vultus::Imago)
[4018] ADDERE_RELATIO       019b90e8-2f23-74ff-b1a7-72496f20eba0 (Vultus::Imago) --[est]--> 41731d30-ea61-599b-88ac-c39b8c5c9468
[4019] PONERE_PROPRIETAS    019b90e8-2f23-74ff-b1a7-72496f20eba0 (Vultus::Imago) titulus=St. Joan of Arc
[4020] PONERE_PROPRIETAS    019b90e8-2f23-74ff-b1a7-72496f20eba0 (Vultus::Imago) latitudo=424
[4021] PONERE_PROPRIETAS    019b90e8-2f23-74ff-b1a7-72496f20eba0 (Vultus::Imago) altitudo=467
[4022] PONERE_PROPRIETAS    019b90e8-2f23-74ff-b1a7-72496f20eba0 (Vultus::Imago) datum=‹      ÿcc``ãgfaf Á¢€4±‚Ä@<f~~&¬ ¨ª‚»àb...
[4023] CREARE_ENTITAS       019b9131-fc13-755f-b07e-c2d65445d69c (Vultus::Imago)
[4024] ADDERE_RELATIO       019b9131-fc13-755f-b07e-c2d65445d69c (Vultus::Imago) --[est]--> 41731d30-ea61-599b-88ac-c39b8c5c9468
[4025] PONERE_PROPRIETAS    019b9131-fc13-755f-b07e-c2d65445d69c (Vultus::Imago) titulus=Lamb of God
[4026] PONERE_PROPRIETAS    019b9131-fc13-755f-b07e-c2d65445d69c (Vultus::Imago) latitudo=424
[4027] PONERE_PROPRIETAS    019b9131-fc13-755f-b07e-c2d65445d69c (Vultus::Imago) altitudo=467
[4028] PONERE_PROPRIETAS    019b9131-fc13-755f-b07e-c2d65445d69c (Vultus::Imago) datum=‹      ÿc``d`„ Ø00 RÕ ÕJÁ8 >š<ÂJdŒÄB „³ Á...
[4029] CREARE_ENTITAS       019b9136-0603-7f73-a44f-397976998d8b (Vultus::Imago)
[4030] ADDERE_RELATIO       019b9136-0603-7f73-a44f-397976998d8b (Vultus::Imago) --[est]--> 41731d30-ea61-599b-88ac-c39b8c5c9468
[4031] PONERE_PROPRIETAS    019b9136-0603-7f73-a44f-397976998d8b (Vultus::Imago) titulus=St. Francis
[4032] PONERE_PROPRIETAS    019b9136-0603-7f73-a44f-397976998d8b (Vultus::Imago) latitudo=317
[4033] PONERE_PROPRIETAS    019b9136-0603-7f73-a44f-397976998d8b (Vultus::Imago) altitudo=468
[4034] PONERE_PROPRIETAS    019b9136-0603-7f73-a44f-397976998d8b (Vultus::Imago) datum=‹      ÿceeeáçgbbâççgæ’LLÌ@	bƒ HÄgR@0$’†...
[4035] CREARE_ENTITAS       019b9138-fbf5-77e9-b07f-d1f1d35e821e (Vultus::Imago)
[4036] ADDERE_RELATIO       019b9138-fbf5-77e9-b07f-d1f1d35e821e (Vultus::Imago) --[est]--> 41731d30-ea61-599b-88ac-c39b8c5c9468
[4037] PONERE_PROPRIETAS    019b9138-fbf5-77e9-b07f-d1f1d35e821e (Vultus::Imago) titulus=behold this heart
[4038] PONERE_PROPRIETAS    019b9138-fbf5-77e9-b07f-d1f1d35e821e (Vultus::Imago) latitudo=424
[4039] PONERE_PROPRIETAS    019b9138-fbf5-77e9-b07f-d1f1d35e821e (Vultus::Imago) altitudo=467
[4040] PONERE_PROPRIETAS    019b9138-fbf5-77e9-b07f-d1f1d35e821e (Vultus::Imago) datum=‹      ÿc$0£¬Š D˜# †JÃ…Ál Àh@He€0...
[4041] CREARE_ENTITAS       019b9144-e75f-78e0-89e4-ac12bb68cff8 (Vultus::Imago)
[4042] ADDERE_RELATIO       019b9144-e75f-78e0-89e4-ac12bb68cff8 (Vultus::Imago) --[est]--> 41731d30-ea61-599b-88ac-c39b8c5c9468
[4043] PONERE_PROPRIETAS    019b9144-e75f-78e0-89e4-ac12bb68cff8 (Vultus::Imago) titulus=Our Lady & Jesus
[4044] PONERE_PROPRIETAS    019b9144-e75f-78e0-89e4-ac12bb68cff8 (Vultus::Imago) latitudo=424
[4045] PONERE_PROPRIETAS    019b9144-e75f-78e0-89e4-ac12bb68cff8 (Vultus::Imago) altitudo=467
[4046] PONERE_PROPRIETAS    019b9144-e75f-78e0-89e4-ac12bb68cff8 (Vultus::Imago) datum=‹      ÿcdb0f R@’‘	, æƒå â@ S`DLBC¹pH...
[4047] CREARE_ENTITAS       019b9146-1e87-79d5-8b3b-0e54b233538b (Vultus::Imago)
[4048] ADDERE_RELATIO       019b9146-1e87-79d5-8b3b-0e54b233538b (Vultus::Imago) --[est]--> 41731d30-ea61-599b-88ac-c39b8c5c9468
[4049] PONERE_PROPRIETAS    019b9146-1e87-79d5-8b3b-0e54b233538b (Vultus::Imago) titulus=agony in the garden
[4050] PONERE_PROPRIETAS    019b9146-1e87-79d5-8b3b-0e54b233538b (Vultus::Imago) latitudo=424
[4051] PONERE_PROPRIETAS    019b9146-1e87-79d5-8b3b-0e54b233538b (Vultus::Imago) altitudo=467
[4052] PONERE_PROPRIETAS    019b9146-1e87-79d5-8b3b-0e54b233538b (Vultus::Imago) datum=‹      ÿc`d !0f`d!l $AkÀüü@ÌH (ÅVŠì B'?...
[4053] PONERE_PROPRIETAS    0fc9cd13-f93a-54a3-8df8-4002a1104f56 (LibroPagina) contentum=
  #libraries


	 structura Nuntius {
	           ...
[4054] PONERE_PROPRIETAS    0fc9cd13-f93a-54a3-8df8-4002a1104f56 (LibroPagina) contentum=
  #libraries  <c />


	 structura Nuntius {
	    ...
[4055] PONERE_PROPRIETAS    766e5bd4-9be2-510a-b9a5-36fb209c5a62 (LibroPagina) contentum=

	 	 	 okay, i am writing a whole C parser (*clau...
[4056] PONERE_PROPRIETAS    766e5bd4-9be2-510a-b9a5-36fb209c5a62 (LibroPagina) contentum=

	 	 	 okay, i am writing a whole C parser (*clau...
[4057] PONERE_PROPRIETAS    766e5bd4-9be2-510a-b9a5-36fb209c5a62 (LibroPagina) contentum=

	 	 	 okay, i am writing a whole C parser (*clau...
[4058] PONERE_PROPRIETAS    766e5bd4-9be2-510a-b9a5-36fb209c5a62 (LibroPagina) contentum=

	 	 	 okay, i am writing a whole C parser (*clau...
[4059] PONERE_PROPRIETAS    766e5bd4-9be2-510a-b9a5-36fb209c5a62 (LibroPagina) contentum=

	 	 	 okay, i am writing a whole C parser (*clau...
[4060] PONERE_PROPRIETAS    766e5bd4-9be2-510a-b9a5-36fb209c5a62 (LibroPagina) contentum=

	 	 	 okay, i am writing a whole C parser (*clau...
[4061] PONERE_PROPRIETAS    766e5bd4-9be2-510a-b9a5-36fb209c5a62 (LibroPagina) contentum=

	 	 	 okay, i am writing a whole C parser (*clau...
[4062] PONERE_PROPRIETAS    766e5bd4-9be2-510a-b9a5-36fb209c5a62 (LibroPagina) contentum=

	 	 	 okay, i am writing a whole C parser (*clau...
[4063] PONERE_PROPRIETAS    766e5bd4-9be2-510a-b9a5-36fb209c5a62 (LibroPagina) contentum=

	 	 	 okay, i am writing a whole C parser (*clau...
[4064] PONERE_PROPRIETAS    766e5bd4-9be2-510a-b9a5-36fb209c5a62 (LibroPagina) contentum=

	 	 	 okay, i am writing a whole C parser (*clau...
[4065] PONERE_PROPRIETAS    766e5bd4-9be2-510a-b9a5-36fb209c5a62 (LibroPagina) contentum=

	 	 	 okay, i am writing a whole C parser (*clau...
[4066] PONERE_PROPRIETAS    766e5bd4-9be2-510a-b9a5-36fb209c5a62 (LibroPagina) contentum=

	 	 	 okay, i am writing a whole C parser (*clau...
[4067] PONERE_PROPRIETAS    766e5bd4-9be2-510a-b9a5-36fb209c5a62 (LibroPagina) contentum=

	 	 	 okay, i am writing a whole C parser (*clau...
[4068] PONERE_PROPRIETAS    766e5bd4-9be2-510a-b9a5-36fb209c5a62 (LibroPagina) contentum=

	 	 	 okay, i am writing a whole C parser (*clau...
[4069] PONERE_PROPRIETAS    766e5bd4-9be2-510a-b9a5-36fb209c5a62 (LibroPagina) contentum=

	 	 	 okay, i am writing a whole C parser (*clau...
[4070] PONERE_PROPRIETAS    766e5bd4-9be2-510a-b9a5-36fb209c5a62 (LibroPagina) contentum=

	 	 	 okay, i am writing a whole C parser (*clau...
[4071] PONERE_PROPRIETAS    766e5bd4-9be2-510a-b9a5-36fb209c5a62 (LibroPagina) contentum=

	 	 	 okay, i am writing a whole C parser (*clau...
[4072] PONERE_PROPRIETAS    766e5bd4-9be2-510a-b9a5-36fb209c5a62 (LibroPagina) contentum=

	 	 	 okay, i am writing a whole C parser (*clau...
[4073] PONERE_PROPRIETAS    766e5bd4-9be2-510a-b9a5-36fb209c5a62 (LibroPagina) contentum=

	 	 	 okay, i am writing a whole C parser (*clau...
[4074] PONERE_PROPRIETAS    766e5bd4-9be2-510a-b9a5-36fb209c5a62 (LibroPagina) contentum=

	 	 	 okay, i am writing a whole C parser (*clau...
[4075] PONERE_PROPRIETAS    766e5bd4-9be2-510a-b9a5-36fb209c5a62 (LibroPagina) contentum=

	 	 	 okay, i am writing a whole C parser (*clau...
[4076] PONERE_PROPRIETAS    766e5bd4-9be2-510a-b9a5-36fb209c5a62 (LibroPagina) contentum=

	 	 	 okay, i am writing a whole C parser (*clau...
[4077] PONERE_PROPRIETAS    766e5bd4-9be2-510a-b9a5-36fb209c5a62 (LibroPagina) contentum=

	 	 	 okay, i am writing a whole C parser (*clau...
[4078] PONERE_PROPRIETAS    766e5bd4-9be2-510a-b9a5-36fb209c5a62 (LibroPagina) contentum=

	 	 	 okay, i am writing a whole C parser (*clau...
[4079] PONERE_PROPRIETAS    766e5bd4-9be2-510a-b9a5-36fb209c5a62 (LibroPagina) contentum=

	 	 	 okay, i am writing a whole C parser (*clau...
[4080] PONERE_PROPRIETAS    766e5bd4-9be2-510a-b9a5-36fb209c5a62 (LibroPagina) contentum=

	 	 	 okay, i am writing a whole C parser (*clau...
[4081] PONERE_PROPRIETAS    766e5bd4-9be2-510a-b9a5-36fb209c5a62 (LibroPagina) contentum=

	 	 	 okay, i am writing a whole C parser (*clau...
[4082] PONERE_PROPRIETAS    766e5bd4-9be2-510a-b9a5-36fb209c5a62 (LibroPagina) contentum=

	 	 	 okay, i am writing a whole C parser (*clau...
[4083] PONERE_PROPRIETAS    766e5bd4-9be2-510a-b9a5-36fb209c5a62 (LibroPagina) contentum=

	 	 	 okay, i am writing a whole C parser (*clau...
[4084] PONERE_PROPRIETAS    766e5bd4-9be2-510a-b9a5-36fb209c5a62 (LibroPagina) contentum=

	 	 	 okay, i am writing a whole C parser (*clau...
[4085] PONERE_PROPRIETAS    68638f11-db47-536f-8e11-f7e6c82b9474 (LibroPagina) contentum=

	 	 	 









































...
[4086] PONERE_PROPRIETAS    68638f11-db47-536f-8e11-f7e6c82b9474 (LibroPagina) contentum=

	 	 	 claude is plugging away.
	 	 	 
	 	 	 



...
[4087] PONERE_PROPRIETAS    68638f11-db47-536f-8e11-f7e6c82b9474 (LibroPagina) contentum=

	 	 	 claude is plugging away.
	 	 	 
	 	 	 man,...
[4088] PONERE_PROPRIETAS    68638f11-db47-536f-8e11-f7e6c82b9474 (LibroPagina) contentum=

	 	 	 claude is plugging away.
	 	 	 
	 	 	 man,...
[4089] PONERE_PROPRIETAS    68638f11-db47-536f-8e11-f7e6c82b9474 (LibroPagina) contentum=

	 	 	 claude is plugging away.
	 	 	 
	 	 	 man,...
[4090] PONERE_PROPRIETAS    68638f11-db47-536f-8e11-f7e6c82b9474 (LibroPagina) contentum=

	 	 	 claude is plugging away.
	 	 	 
	 	 	 man,...
[4091] PONERE_PROPRIETAS    68638f11-db47-536f-8e11-f7e6c82b9474 (LibroPagina) contentum=

	 	 	 claude is plugging away.
	 	 	 
	 	 	 man,...
[4092] PONERE_PROPRIETAS    68638f11-db47-536f-8e11-f7e6c82b9474 (LibroPagina) contentum=

	 	 	 claude is plugging away.
	 	 	 
	 	 	 man,...
[4093] PONERE_PROPRIETAS    3d6ff178-e1e7-5b85-97af-11dd914de21f (LibroPagina) contentum=

	 	 $thema





































...
[4094] CREARE_ENTITAS       e1bebce2-469e-5a59-bc25-aa305698a961 (ThemaVisusStatus)
[4095] PONERE_PROPRIETAS    e1bebce2-469e-5a59-bc25-aa305698a961 (ThemaVisusStatus) titulus=ThemaStatus::1
[4096] ADDERE_RELATIO       e1bebce2-469e-5a59-bc25-aa305698a961 (ThemaVisusStatus) --[est]--> af48db84-6390-5e89-beed-69f6b6fd866c
[4097] PONERE_PROPRIETAS    e1bebce2-469e-5a59-bc25-aa305698a961 (ThemaVisusStatus) pagina=0
[4098] PONERE_PROPRIETAS    e1bebce2-469e-5a59-bc25-aa305698a961 (ThemaVisusStatus) exemplar_fg=5
[4099] PONERE_PROPRIETAS    e1bebce2-469e-5a59-bc25-aa305698a961 (ThemaVisusStatus) exemplar_bg=0
[4100] PONERE_PROPRIETAS    e1bebce2-469e-5a59-bc25-aa305698a961 (ThemaVisusStatus) modus_fg=1
[4101] PONERE_PROPRIETAS    0fc9cd13-f93a-54a3-8df8-4002a1104f56 (LibroPagina) contentum=
  #libraries  <c />


	 structura Nuntius {
	    ...
[4102] PONERE_PROPRIETAS    766e5bd4-9be2-510a-b9a5-36fb209c5a62 (LibroPagina) contentum=

	 	 	 okay, i am writing a whole C parser (*clau...
[4103] PONERE_PROPRIETAS    68638f11-db47-536f-8e11-f7e6c82b9474 (LibroPagina) contentum=

	 	 	 claude is plugging away.
	 	 	
	 	 	 man, ...
[4104] PONERE_PROPRIETAS    68638f11-db47-536f-8e11-f7e6c82b9474 (LibroPagina) contentum=

	 	 	 claude is plugging away.
	 	 	
	 	 	 man, ...
[4105] PONERE_PROPRIETAS    68638f11-db47-536f-8e11-f7e6c82b9474 (LibroPagina) contentum=

	 	 	 claude is plugging away.
	 	 	
	 	 	 man, ...
[4106] PONERE_PROPRIETAS    68638f11-db47-536f-8e11-f7e6c82b9474 (LibroPagina) contentum=

	 	 	 claude is plugging away.
	 	 	
	 	 	 man, ...
[4107] PONERE_PROPRIETAS    68638f11-db47-536f-8e11-f7e6c82b9474 (LibroPagina) contentum=

	 	 	 claude is plugging away.
	 	 	
	 	 	 man, ...
[4108] PONERE_PROPRIETAS    68638f11-db47-536f-8e11-f7e6c82b9474 (LibroPagina) contentum=

	 	 	 claude is plugging away.
	 	 	
	 	 	 man, ...
[4109] PONERE_PROPRIETAS    68638f11-db47-536f-8e11-f7e6c82b9474 (LibroPagina) contentum=

	 	 	 claude is plugging away.
	 	 	
	 	 	 man, ...
[4110] PONERE_PROPRIETAS    68638f11-db47-536f-8e11-f7e6c82b9474 (LibroPagina) contentum=

	 	 	 claude is plugging away.
	 	 	
	 	 	 man, ...
[4111] PONERE_PROPRIETAS    68638f11-db47-536f-8e11-f7e6c82b9474 (LibroPagina) contentum=

	 	 	 claude is plugging away.
	 	 	
	 	 	 man, ...
[4112] PONERE_PROPRIETAS    68638f11-db47-536f-8e11-f7e6c82b9474 (LibroPagina) contentum=

	 	 	 claude is plugging away.
	 	 	
	 	 	 man, ...
[4113] PONERE_PROPRIETAS    68638f11-db47-536f-8e11-f7e6c82b9474 (LibroPagina) contentum=

	 	 	 claude is plugging away.
	 	 	
	 	 	 man, ...
[4114] PONERE_PROPRIETAS    68638f11-db47-536f-8e11-f7e6c82b9474 (LibroPagina) contentum=

	 	 	 claude is plugging away.
	 	 	
	 	 	 man, ...
[4115] PONERE_PROPRIETAS    68638f11-db47-536f-8e11-f7e6c82b9474 (LibroPagina) contentum=

	 	 	 claude is plugging away.
	 	 	
	 	 	 man, ...
[4116] PONERE_PROPRIETAS    68638f11-db47-536f-8e11-f7e6c82b9474 (LibroPagina) contentum=

	 	 	 claude is plugging away.
	 	 	
	 	 	 man, ...
[4117] PONERE_PROPRIETAS    68638f11-db47-536f-8e11-f7e6c82b9474 (LibroPagina) contentum=

	 	 	 claude is plugging away.
	 	 	
	 	 	 man, ...
[4118] CREARE_ENTITAS       06860471-c2af-5f0c-86d8-75d8122fa023 (LibroPagina)
[4119] PONERE_PROPRIETAS    06860471-c2af-5f0c-86d8-75d8122fa023 (LibroPagina) titulus=pagina-15
[4120] ADDERE_RELATIO       06860471-c2af-5f0c-86d8-75d8122fa023 (LibroPagina) --[est]--> f5fd3e63-c2cc-5256-a514-4b7764478f6d
[4121] ADDERE_NOTA          06860471-c2af-5f0c-86d8-75d8122fa023 (LibroPagina) ##LibroPagina
[4122] PONERE_PROPRIETAS    06860471-c2af-5f0c-86d8-75d8122fa023 (LibroPagina) ordo=15
[4123] PONERE_PROPRIETAS    06860471-c2af-5f0c-86d8-75d8122fa023 (LibroPagina) name=pagina-15
[4124] PONERE_PROPRIETAS    06860471-c2af-5f0c-86d8-75d8122fa023 (LibroPagina) contentum=

















































...
[4125] CREARE_ENTITAS       7db4fcac-2368-53d9-8314-622161792849 (LibroPagina)
[4126] PONERE_PROPRIETAS    7db4fcac-2368-53d9-8314-622161792849 (LibroPagina) titulus=pagina-16
[4127] ADDERE_RELATIO       7db4fcac-2368-53d9-8314-622161792849 (LibroPagina) --[est]--> f5fd3e63-c2cc-5256-a514-4b7764478f6d
[4128] ADDERE_NOTA          7db4fcac-2368-53d9-8314-622161792849 (LibroPagina) ##LibroPagina
[4129] PONERE_PROPRIETAS    7db4fcac-2368-53d9-8314-622161792849 (LibroPagina) ordo=16
[4130] PONERE_PROPRIETAS    7db4fcac-2368-53d9-8314-622161792849 (LibroPagina) name=pagina-16
[4131] PONERE_PROPRIETAS    7db4fcac-2368-53d9-8314-622161792849 (LibroPagina) contentum=

















































...
[4132] PONERE_PROPRIETAS    b86df97e-fe5f-5e8f-836d-33fcbb74d366 (LibroPagina) contentum=


	 	 	 #1

	 	 	 	 TODO
	 	 	 	
	 	 	 	
	 	 	 	 ...
[4133] PONERE_PROPRIETAS    b86df97e-fe5f-5e8f-836d-33fcbb74d366 (LibroPagina) contentum=


	 	 	 #1

	 	 	 	 TODO
	 	 	 	
	 	 	 	
	 	 	 	 ...
[4134] PONERE_PROPRIETAS    68638f11-db47-536f-8e11-f7e6c82b9474 (LibroPagina) contentum=

	 	 	 claude is plugging away.
	 	 	
	 	 	 man, ...
[4135] PONERE_PROPRIETAS    b86df97e-fe5f-5e8f-836d-33fcbb74d366 (LibroPagina) contentum=


	 	 	 #1

	 	 	 	 TODO
	 	 	 	
	 	 	 	
	 	 	 	 ...
[4136] PONERE_PROPRIETAS    68638f11-db47-536f-8e11-f7e6c82b9474 (LibroPagina) contentum=

	 	 	 claude is plugging away.
	 	 	
	 	 	 man, ...
[4137] PONERE_PROPRIETAS    68638f11-db47-536f-8e11-f7e6c82b9474 (LibroPagina) contentum=

	 	 	 claude is plugging away.
	 	 	
	 	 	 man, ...
[4138] PONERE_PROPRIETAS    68638f11-db47-536f-8e11-f7e6c82b9474 (LibroPagina) contentum=

	 	 	 claude is plugging away.
	 	 	
	 	 	 man, ...
[4139] PONERE_PROPRIETAS    68638f11-db47-536f-8e11-f7e6c82b9474 (LibroPagina) contentum=

	 	 	 claude is plugging away.
	 	 	
	 	 	 man, ...
[4140] PONERE_PROPRIETAS    06860471-c2af-5f0c-86d8-75d8122fa023 (LibroPagina) contentum=

	 	 	 so claude suggests breaking up ui layers l...
[4141] PONERE_PROPRIETAS    06860471-c2af-5f0c-86d8-75d8122fa023 (LibroPagina) contentum=

	 	 	 so claude suggests breaking up ui layers l...
[4142] PONERE_PROPRIETAS    06860471-c2af-5f0c-86d8-75d8122fa023 (LibroPagina) contentum=

	 	 	 so claude suggests breaking up ui layers l...
[4143] PONERE_PROPRIETAS    06860471-c2af-5f0c-86d8-75d8122fa023 (LibroPagina) contentum=

	 	 	 so claude suggests breaking up ui layers l...
[4144] PONERE_PROPRIETAS    06860471-c2af-5f0c-86d8-75d8122fa023 (LibroPagina) contentum=

	 	 	 so claude suggests breaking up ui layers l...
[4145] PONERE_PROPRIETAS    06860471-c2af-5f0c-86d8-75d8122fa023 (LibroPagina) contentum=

	 	 	 so claude suggests breaking up ui layers l...
[4146] PONERE_PROPRIETAS    06860471-c2af-5f0c-86d8-75d8122fa023 (LibroPagina) contentum=

	 	 	 so claude suggests breaking up ui layers l...
[4147] PONERE_PROPRIETAS    06860471-c2af-5f0c-86d8-75d8122fa023 (LibroPagina) contentum=

	 	 	 so claude suggests breaking up ui layers l...
[4148] PONERE_PROPRIETAS    06860471-c2af-5f0c-86d8-75d8122fa023 (LibroPagina) contentum=

	 	 	 so claude suggests breaking up ui layers l...
[4149] PONERE_PROPRIETAS    06860471-c2af-5f0c-86d8-75d8122fa023 (LibroPagina) contentum=

	 	 	 so claude suggests breaking up ui layers l...
[4150] PONERE_PROPRIETAS    06860471-c2af-5f0c-86d8-75d8122fa023 (LibroPagina) contentum=

	 	 	 so claude suggests breaking up ui layers l...
[4151] PONERE_PROPRIETAS    06860471-c2af-5f0c-86d8-75d8122fa023 (LibroPagina) contentum=

	 	 	 so claude suggests breaking up ui layers l...
[4152] PONERE_PROPRIETAS    06860471-c2af-5f0c-86d8-75d8122fa023 (LibroPagina) contentum=

	 	 	 so claude suggests breaking up ui layers l...
[4153] PONERE_PROPRIETAS    06860471-c2af-5f0c-86d8-75d8122fa023 (LibroPagina) contentum=

	 	 	 so claude suggests breaking up ui layers l...
[4154] PONERE_PROPRIETAS    06860471-c2af-5f0c-86d8-75d8122fa023 (LibroPagina) contentum=

	 	 	 so claude suggests breaking up ui layers l...
[4155] PONERE_PROPRIETAS    06860471-c2af-5f0c-86d8-75d8122fa023 (LibroPagina) contentum=

	 	 	 so claude suggests breaking up ui layers l...
[4156] PONERE_PROPRIETAS    06860471-c2af-5f0c-86d8-75d8122fa023 (LibroPagina) contentum=

	 	 	 so claude suggests breaking up ui layers l...
[4157] PONERE_PROPRIETAS    06860471-c2af-5f0c-86d8-75d8122fa023 (LibroPagina) contentum=

	 	 	 so claude suggests breaking up ui layers l...
[4158] PONERE_PROPRIETAS    06860471-c2af-5f0c-86d8-75d8122fa023 (LibroPagina) contentum=

	 	 	 so claude suggests breaking up ui layers l...
[4159] PONERE_PROPRIETAS    06860471-c2af-5f0c-86d8-75d8122fa023 (LibroPagina) contentum=

	 	 	 so claude suggests breaking up ui layers l...
[4160] PONERE_PROPRIETAS    06860471-c2af-5f0c-86d8-75d8122fa023 (LibroPagina) contentum=

	 	 	 so claude suggests breaking up ui layers l...
[4161] PONERE_PROPRIETAS    06860471-c2af-5f0c-86d8-75d8122fa023 (LibroPagina) contentum=

	 	 	 so claude suggests breaking up ui layers l...
[4162] PONERE_PROPRIETAS    06860471-c2af-5f0c-86d8-75d8122fa023 (LibroPagina) contentum=

	 	 	 so claude suggests breaking up ui layers l...
[4163] PONERE_PROPRIETAS    06860471-c2af-5f0c-86d8-75d8122fa023 (LibroPagina) contentum=

	 	 	 so claude suggests breaking up ui layers l...
[4164] PONERE_PROPRIETAS    06860471-c2af-5f0c-86d8-75d8122fa023 (LibroPagina) contentum=

	 	 	 so claude suggests breaking up ui layers l...
[4165] PONERE_PROPRIETAS    06860471-c2af-5f0c-86d8-75d8122fa023 (LibroPagina) contentum=

	 	 	 so claude suggests breaking up ui layers l...
[4166] PONERE_PROPRIETAS    06860471-c2af-5f0c-86d8-75d8122fa023 (LibroPagina) contentum=

	 	 	 so claude suggests breaking up ui layers l...
[4167] PONERE_PROPRIETAS    06860471-c2af-5f0c-86d8-75d8122fa023 (LibroPagina) contentum=

	 	 	 so claude suggests breaking up ui layers l...
[4168] PONERE_PROPRIETAS    06860471-c2af-5f0c-86d8-75d8122fa023 (LibroPagina) contentum=

	 	 	 so claude suggests breaking up ui layers l...
[4169] PONERE_PROPRIETAS    06860471-c2af-5f0c-86d8-75d8122fa023 (LibroPagina) contentum=

	 	 	 so claude suggests breaking up ui layers l...
[4170] PONERE_PROPRIETAS    06860471-c2af-5f0c-86d8-75d8122fa023 (LibroPagina) contentum=

	 	 	 so claude suggests breaking up ui layers l...
[4171] PONERE_PROPRIETAS    06860471-c2af-5f0c-86d8-75d8122fa023 (LibroPagina) contentum=

	 	 	 so claude suggests breaking up ui layers l...
[4172] PONERE_PROPRIETAS    06860471-c2af-5f0c-86d8-75d8122fa023 (LibroPagina) contentum=

	 	 	 so claude suggests breaking up ui layers l...
[4173] PONERE_PROPRIETAS    06860471-c2af-5f0c-86d8-75d8122fa023 (LibroPagina) contentum=

	 	 	 so claude suggests breaking up ui layers l...
[4174] PONERE_PROPRIETAS    06860471-c2af-5f0c-86d8-75d8122fa023 (LibroPagina) contentum=

	 	 	 so claude suggests breaking up ui layers l...
[4175] PONERE_PROPRIETAS    06860471-c2af-5f0c-86d8-75d8122fa023 (LibroPagina) contentum=

	 	 	 so claude suggests breaking up ui layers l...
[4176] PONERE_PROPRIETAS    06860471-c2af-5f0c-86d8-75d8122fa023 (LibroPagina) contentum=

	 	 	 so claude suggests breaking up ui layers l...
[4177] PONERE_PROPRIETAS    06860471-c2af-5f0c-86d8-75d8122fa023 (LibroPagina) contentum=

	 	 	 so claude suggests breaking up ui layers l...
[4178] PONERE_PROPRIETAS    06860471-c2af-5f0c-86d8-75d8122fa023 (LibroPagina) contentum=

	 	 	 so claude suggests breaking up ui layers l...
[4179] PONERE_PROPRIETAS    06860471-c2af-5f0c-86d8-75d8122fa023 (LibroPagina) contentum=

	 	 	 so claude suggests breaking up ui layers l...
[4180] PONERE_PROPRIETAS    06860471-c2af-5f0c-86d8-75d8122fa023 (LibroPagina) contentum=

	 	 	 so claude suggests breaking up ui layers l...
[4181] PONERE_PROPRIETAS    06860471-c2af-5f0c-86d8-75d8122fa023 (LibroPagina) contentum=

	 	 	 so claude suggests breaking up ui layers l...
[4182] PONERE_PROPRIETAS    06860471-c2af-5f0c-86d8-75d8122fa023 (LibroPagina) contentum=

	 	 	 so claude suggests breaking up ui layers l...
[4183] PONERE_PROPRIETAS    06860471-c2af-5f0c-86d8-75d8122fa023 (LibroPagina) contentum=

	 	 	 so claude suggests breaking up ui layers l...
[4184] PONERE_PROPRIETAS    06860471-c2af-5f0c-86d8-75d8122fa023 (LibroPagina) contentum=

	 	 	 so claude suggests breaking up ui layers l...
[4185] PONERE_PROPRIETAS    06860471-c2af-5f0c-86d8-75d8122fa023 (LibroPagina) contentum=

	 	 	 so claude suggests breaking up ui layers l...
[4186] PONERE_PROPRIETAS    06860471-c2af-5f0c-86d8-75d8122fa023 (LibroPagina) contentum=

	 	 	 so claude suggests breaking up ui layers l...
[4187] PONERE_PROPRIETAS    06860471-c2af-5f0c-86d8-75d8122fa023 (LibroPagina) contentum=

	 	 	 so claude suggests breaking up ui layers l...
[4188] PONERE_PROPRIETAS    06860471-c2af-5f0c-86d8-75d8122fa023 (LibroPagina) contentum=

	 	 	 so claude suggests breaking up ui layers l...
[4189] PONERE_PROPRIETAS    06860471-c2af-5f0c-86d8-75d8122fa023 (LibroPagina) contentum=

	 	 	 so claude suggests breaking up ui layers l...
[4190] PONERE_PROPRIETAS    06860471-c2af-5f0c-86d8-75d8122fa023 (LibroPagina) contentum=

	 	 	 so claude suggests breaking up ui layers l...
[4191] PONERE_PROPRIETAS    06860471-c2af-5f0c-86d8-75d8122fa023 (LibroPagina) contentum=

	 	 	 so claude suggests breaking up ui layers l...
[4192] PONERE_PROPRIETAS    06860471-c2af-5f0c-86d8-75d8122fa023 (LibroPagina) contentum=

	 	 	 so claude suggests breaking up ui layers l...
[4193] PONERE_PROPRIETAS    06860471-c2af-5f0c-86d8-75d8122fa023 (LibroPagina) contentum=

	 	 	 so claude suggests breaking up ui layers l...
[4194] PONERE_PROPRIETAS    06860471-c2af-5f0c-86d8-75d8122fa023 (LibroPagina) contentum=

	 	 	 so claude suggests breaking up ui layers l...
[4195] PONERE_PROPRIETAS    06860471-c2af-5f0c-86d8-75d8122fa023 (LibroPagina) contentum=

	 	 	 so claude suggests breaking up ui layers l...
[4196] PONERE_PROPRIETAS    06860471-c2af-5f0c-86d8-75d8122fa023 (LibroPagina) contentum=

	 	 	 so claude suggests breaking up ui layers l...
[4197] PONERE_PROPRIETAS    06860471-c2af-5f0c-86d8-75d8122fa023 (LibroPagina) contentum=

	 	 	 so claude suggests breaking up ui layers l...
[4198] PONERE_PROPRIETAS    06860471-c2af-5f0c-86d8-75d8122fa023 (LibroPagina) contentum=

	 	 	 so claude suggests breaking up ui layers l...
[4199] PONERE_PROPRIETAS    06860471-c2af-5f0c-86d8-75d8122fa023 (LibroPagina) contentum=

	 	 	 so claude suggests breaking up ui layers l...
[4200] PONERE_PROPRIETAS    06860471-c2af-5f0c-86d8-75d8122fa023 (LibroPagina) contentum=

	 	 	 so claude suggests breaking up ui layers l...
[4201] PONERE_PROPRIETAS    06860471-c2af-5f0c-86d8-75d8122fa023 (LibroPagina) contentum=

	 	 	 so claude suggests breaking up ui layers l...
[4202] PONERE_PROPRIETAS    7db4fcac-2368-53d9-8314-622161792849 (LibroPagina) contentum=


	 	 	 	 	 okie dokie. well i guess while i'm wa...
[4203] PONERE_PROPRIETAS    7db4fcac-2368-53d9-8314-622161792849 (LibroPagina) contentum=


	 	 	 	 	 okie dokie. well i guess while i'm wa...
[4204] PONERE_PROPRIETAS    7db4fcac-2368-53d9-8314-622161792849 (LibroPagina) contentum=


	 	 	 	 	 okie dokie. well i guess while i'm wa...
[4205] PONERE_PROPRIETAS    7db4fcac-2368-53d9-8314-622161792849 (LibroPagina) contentum=


	 	 	 	 	 okie dokie. well i guess while i'm wa...
[4206] PONERE_PROPRIETAS    7db4fcac-2368-53d9-8314-622161792849 (LibroPagina) contentum=


	 	 	 	 	 okie dokie. well i guess while i'm wa...
[4207] PONERE_PROPRIETAS    7db4fcac-2368-53d9-8314-622161792849 (LibroPagina) contentum=


	 	 	 	 	 okie dokie. well i guess while i'm wa...
[4208] PONERE_PROPRIETAS    7db4fcac-2368-53d9-8314-622161792849 (LibroPagina) contentum=


	 	 	 	 	 okie dokie. well i guess while i'm wa...
[4209] PONERE_PROPRIETAS    7db4fcac-2368-53d9-8314-622161792849 (LibroPagina) contentum=


	 	 	 	 	 okie dokie. well i guess while i'm wa...
[4210] PONERE_PROPRIETAS    7db4fcac-2368-53d9-8314-622161792849 (LibroPagina) contentum=


	 	 	 	 	 okie dokie. well i guess while i'm wa...
[4211] PONERE_PROPRIETAS    7db4fcac-2368-53d9-8314-622161792849 (LibroPagina) contentum=


	 	 	 	 	 okie dokie. well i guess while i'm wa...
[4212] PONERE_PROPRIETAS    7db4fcac-2368-53d9-8314-622161792849 (LibroPagina) contentum=


	 	 	 	 	 okie dokie. well i guess while i'm wa...
[4213] PONERE_PROPRIETAS    7db4fcac-2368-53d9-8314-622161792849 (LibroPagina) contentum=


	 	 	 	 	 okie dokie. well i guess while i'm wa...
[4214] PONERE_PROPRIETAS    7db4fcac-2368-53d9-8314-622161792849 (LibroPagina) contentum=


	 	 	 	 	 okie dokie. well i guess while i'm wa...
[4215] PONERE_PROPRIETAS    7db4fcac-2368-53d9-8314-622161792849 (LibroPagina) contentum=


	 	 	 	 	 okie dokie. well i guess while i'm wa...
[4216] PONERE_PROPRIETAS    7db4fcac-2368-53d9-8314-622161792849 (LibroPagina) contentum=


	 	 	 	 	 okie dokie. well i guess while i'm wa...
[4217] PONERE_PROPRIETAS    7db4fcac-2368-53d9-8314-622161792849 (LibroPagina) contentum=


	 	 	 	 	 okie dokie. well i guess while i'm wa...
[4218] CREARE_ENTITAS       02630f02-269f-5594-8c04-3f960fb0ab7d (LibrariumStatus)
[4219] PONERE_PROPRIETAS    02630f02-269f-5594-8c04-3f960fb0ab7d (LibrariumStatus) titulus=LibrariumStatus::1
[4220] ADDERE_RELATIO       02630f02-269f-5594-8c04-3f960fb0ab7d (LibrariumStatus) --[est]--> 3c5d275c-c478-5fa9-8f77-05c55b07039d
[4221] PONERE_PROPRIETAS    02630f02-269f-5594-8c04-3f960fb0ab7d (LibrariumStatus) modus=2
[4222] PONERE_PROPRIETAS    02630f02-269f-5594-8c04-3f960fb0ab7d (LibrariumStatus) categoria=0
[4223] PONERE_PROPRIETAS    02630f02-269f-5594-8c04-3f960fb0ab7d (LibrariumStatus) index_paginae=223
[4224] PONERE_PROPRIETAS    02630f02-269f-5594-8c04-3f960fb0ab7d (LibrariumStatus) index_selecta=0
[4225] PONERE_PROPRIETAS    02630f02-269f-5594-8c04-3f960fb0ab7d (LibrariumStatus) liber_currens=-1
[4226] PONERE_PROPRIETAS    02630f02-269f-5594-8c04-3f960fb0ab7d (LibrariumStatus) pagina_lectio=0
[4227] PONERE_PROPRIETAS    02630f02-269f-5594-8c04-3f960fb0ab7d (LibrariumStatus) ordo=0
[4228] PONERE_PROPRIETAS    7db4fcac-2368-53d9-8314-622161792849 (LibroPagina) contentum=


	 	 	 	 	 okie dokie. well i guess while i'm wa...
[4229] PONERE_PROPRIETAS    7db4fcac-2368-53d9-8314-622161792849 (LibroPagina) contentum=


	 	 	 	 	 okie dokie. well i guess while i'm wa...
[4230] PONERE_PROPRIETAS    7db4fcac-2368-53d9-8314-622161792849 (LibroPagina) contentum=


	 	 	 	 	 okie dokie. well i guess while i'm wa...
[4231] PONERE_PROPRIETAS    7db4fcac-2368-53d9-8314-622161792849 (LibroPagina) contentum=


	 	 	 	 	 okie dokie. well i guess while i'm wa...
[4232] PONERE_PROPRIETAS    7db4fcac-2368-53d9-8314-622161792849 (LibroPagina) contentum=


	 	 	 	 	 okie dokie. well i guess while i'm wa...
[4233] PONERE_PROPRIETAS    7db4fcac-2368-53d9-8314-622161792849 (LibroPagina) contentum=


	 	 	 	 	 okie dokie. well i guess while i'm wa...
[4234] PONERE_PROPRIETAS    7db4fcac-2368-53d9-8314-622161792849 (LibroPagina) contentum=


	 	 	 	 	 okie dokie. well i guess while i'm wa...
[4235] PONERE_PROPRIETAS    7db4fcac-2368-53d9-8314-622161792849 (LibroPagina) contentum=


	 	 	 	 	 okie dokie. well i guess while i'm wa...
[4236] PONERE_PROPRIETAS    7db4fcac-2368-53d9-8314-622161792849 (LibroPagina) contentum=


	 	 	 	 	 okie dokie. well i guess while i'm wa...
[4237] PONERE_PROPRIETAS    7db4fcac-2368-53d9-8314-622161792849 (LibroPagina) contentum=


	 	 	 	 	 okie dokie. well i guess while i'm wa...
[4238] CREARE_ENTITAS       1b261731-bc00-5809-94d5-348cb17c4141 (LibroPagina)
[4239] PONERE_PROPRIETAS    1b261731-bc00-5809-94d5-348cb17c4141 (LibroPagina) titulus=pagina-17
[4240] ADDERE_RELATIO       1b261731-bc00-5809-94d5-348cb17c4141 (LibroPagina) --[est]--> f5fd3e63-c2cc-5256-a514-4b7764478f6d
[4241] ADDERE_NOTA          1b261731-bc00-5809-94d5-348cb17c4141 (LibroPagina) ##LibroPagina
[4242] PONERE_PROPRIETAS    1b261731-bc00-5809-94d5-348cb17c4141 (LibroPagina) ordo=17
[4243] PONERE_PROPRIETAS    1b261731-bc00-5809-94d5-348cb17c4141 (LibroPagina) name=pagina-17
[4244] PONERE_PROPRIETAS    1b261731-bc00-5809-94d5-348cb17c4141 (LibroPagina) contentum=

















































...
[4245] PONERE_PROPRIETAS    1b261731-bc00-5809-94d5-348cb17c4141 (LibroPagina) contentum=

	 	 	 well the c parser is making progress.




...
[4246] PONERE_PROPRIETAS    1b261731-bc00-5809-94d5-348cb17c4141 (LibroPagina) contentum=

	 	 	 well the c parser is making progress.
	 	 ...
[4247] PONERE_PROPRIETAS    1b261731-bc00-5809-94d5-348cb17c4141 (LibroPagina) contentum=

	 	 	 well the c parser is making progress.
	 	 ...
[4248] PONERE_PROPRIETAS    1b261731-bc00-5809-94d5-348cb17c4141 (LibroPagina) contentum=

	 	 	 well the c parser is making progress.
	 	 ...
[4249] PONERE_PROPRIETAS    1b261731-bc00-5809-94d5-348cb17c4141 (LibroPagina) contentum=

	 	 	 well the c parser is making progress.
	 	 ...
[4250] PONERE_PROPRIETAS    1b261731-bc00-5809-94d5-348cb17c4141 (LibroPagina) contentum=

	 	 	 well the c parser is making progress.
	 	 ...
[4251] PONERE_PROPRIETAS    1b261731-bc00-5809-94d5-348cb17c4141 (LibroPagina) contentum=

	 	 	 well the c parser is making progress.
	 	 ...
[4252] PONERE_PROPRIETAS    1b261731-bc00-5809-94d5-348cb17c4141 (LibroPagina) contentum=

	 	 	 well the c parser is making progress.
	 	 ...
[4253] PONERE_PROPRIETAS    1b261731-bc00-5809-94d5-348cb17c4141 (LibroPagina) contentum=

	 	 	 well the c parser is making progress.
	 	 ...
[4254] PONERE_PROPRIETAS    1b261731-bc00-5809-94d5-348cb17c4141 (LibroPagina) contentum=

	 	 	 well the c parser is making progress.
	 	 ...
[4255] PONERE_PROPRIETAS    1b261731-bc00-5809-94d5-348cb17c4141 (LibroPagina) contentum=

	 	 	 well the c parser is making progress.
	 	 ...
[4256] PONERE_PROPRIETAS    1b261731-bc00-5809-94d5-348cb17c4141 (LibroPagina) contentum=

	 	 	 well the c parser is making progress.
	 	 ...
[4257] PONERE_PROPRIETAS    1b261731-bc00-5809-94d5-348cb17c4141 (LibroPagina) contentum=

	 	 	 well the c parser is making progress.
	 	 ...
[4258] PONERE_PROPRIETAS    1b261731-bc00-5809-94d5-348cb17c4141 (LibroPagina) contentum=

	 	 	 well the c parser is making progress.
	 	 ...
[4259] PONERE_PROPRIETAS    1b261731-bc00-5809-94d5-348cb17c4141 (LibroPagina) contentum=

	 	 	 well the c parser is making progress.
	 	 ...
[4260] PONERE_PROPRIETAS    1b261731-bc00-5809-94d5-348cb17c4141 (LibroPagina) contentum=

	 	 	 well the c parser is making progress.
	 	 ...
[4261] CREARE_ENTITAS       f587b38a-24ec-5d15-b3fe-8d3271919490 (LibrumProgressus)
[4262] PONERE_PROPRIETAS    f587b38a-24ec-5d15-b3fe-8d3271919490 (LibrumProgressus) titulus=13879
[4263] ADDERE_RELATIO       f587b38a-24ec-5d15-b3fe-8d3271919490 (LibrumProgressus) --[est]--> 2993e15a-ff74-52cb-9700-b385e87e79d3
[4264] PONERE_PROPRIETAS    f587b38a-24ec-5d15-b3fe-8d3271919490 (LibrumProgressus) pagina_currens=1
[4265] PONERE_PROPRIETAS    f587b38a-24ec-5d15-b3fe-8d3271919490 (LibrumProgressus) modus_sententiae=0
[4266] PONERE_PROPRIETAS    f587b38a-24ec-5d15-b3fe-8d3271919490 (LibrumProgressus) sententia_currens=0
[4267] PONERE_PROPRIETAS    f587b38a-24ec-5d15-b3fe-8d3271919490 (LibrumProgressus) pagina_currens=0
[4268] PONERE_PROPRIETAS    f587b38a-24ec-5d15-b3fe-8d3271919490 (LibrumProgressus) modus_sententiae=1
[4269] PONERE_PROPRIETAS    f587b38a-24ec-5d15-b3fe-8d3271919490 (LibrumProgressus) modus_sententiae=0
[4270] PONERE_PROPRIETAS    f587b38a-24ec-5d15-b3fe-8d3271919490 (LibrumProgressus) modus_sententiae=1
[4271] PONERE_PROPRIETAS    f587b38a-24ec-5d15-b3fe-8d3271919490 (LibrumProgressus) sententia_currens=1
[4272] PONERE_PROPRIETAS    f587b38a-24ec-5d15-b3fe-8d3271919490 (LibrumProgressus) sententia_currens=2
[4273] PONERE_PROPRIETAS    f587b38a-24ec-5d15-b3fe-8d3271919490 (LibrumProgressus) sententia_currens=3
[4274] PONERE_PROPRIETAS    f587b38a-24ec-5d15-b3fe-8d3271919490 (LibrumProgressus) sententia_currens=4
[4275] PONERE_PROPRIETAS    f587b38a-24ec-5d15-b3fe-8d3271919490 (LibrumProgressus) sententia_currens=5
[4276] PONERE_PROPRIETAS    f587b38a-24ec-5d15-b3fe-8d3271919490 (LibrumProgressus) sententia_currens=6
[4277] PONERE_PROPRIETAS    f587b38a-24ec-5d15-b3fe-8d3271919490 (LibrumProgressus) sententia_currens=7
[4278] PONERE_PROPRIETAS    f587b38a-24ec-5d15-b3fe-8d3271919490 (LibrumProgressus) sententia_currens=8
[4279] PONERE_PROPRIETAS    f587b38a-24ec-5d15-b3fe-8d3271919490 (LibrumProgressus) sententia_currens=9
[4280] PONERE_PROPRIETAS    f587b38a-24ec-5d15-b3fe-8d3271919490 (LibrumProgressus) sententia_currens=10
[4281] PONERE_PROPRIETAS    f587b38a-24ec-5d15-b3fe-8d3271919490 (LibrumProgressus) sententia_currens=11
[4282] PONERE_PROPRIETAS    f587b38a-24ec-5d15-b3fe-8d3271919490 (LibrumProgressus) sententia_currens=12
[4283] PONERE_PROPRIETAS    f587b38a-24ec-5d15-b3fe-8d3271919490 (LibrumProgressus) sententia_currens=13
[4284] PONERE_PROPRIETAS    f587b38a-24ec-5d15-b3fe-8d3271919490 (LibrumProgressus) sententia_currens=12
[4285] PONERE_PROPRIETAS    f587b38a-24ec-5d15-b3fe-8d3271919490 (LibrumProgressus) sententia_currens=11
[4286] PONERE_PROPRIETAS    f587b38a-24ec-5d15-b3fe-8d3271919490 (LibrumProgressus) sententia_currens=10
[4287] PONERE_PROPRIETAS    f587b38a-24ec-5d15-b3fe-8d3271919490 (LibrumProgressus) sententia_currens=9
[4288] PONERE_PROPRIETAS    f587b38a-24ec-5d15-b3fe-8d3271919490 (LibrumProgressus) sententia_currens=8
[4289] PONERE_PROPRIETAS    f587b38a-24ec-5d15-b3fe-8d3271919490 (LibrumProgressus) sententia_currens=9
[4290] PONERE_PROPRIETAS    f587b38a-24ec-5d15-b3fe-8d3271919490 (LibrumProgressus) sententia_currens=10
[4291] PONERE_PROPRIETAS    f587b38a-24ec-5d15-b3fe-8d3271919490 (LibrumProgressus) sententia_currens=11
[4292] PONERE_PROPRIETAS    f587b38a-24ec-5d15-b3fe-8d3271919490 (LibrumProgressus) sententia_currens=12
[4293] PONERE_PROPRIETAS    f587b38a-24ec-5d15-b3fe-8d3271919490 (LibrumProgressus) sententia_currens=13
[4294] PONERE_PROPRIETAS    f587b38a-24ec-5d15-b3fe-8d3271919490 (LibrumProgressus) sententia_currens=14
[4295] PONERE_PROPRIETAS    f587b38a-24ec-5d15-b3fe-8d3271919490 (LibrumProgressus) sententia_currens=15
[4296] PONERE_PROPRIETAS    f587b38a-24ec-5d15-b3fe-8d3271919490 (LibrumProgressus) sententia_currens=16
[4297] PONERE_PROPRIETAS    f587b38a-24ec-5d15-b3fe-8d3271919490 (LibrumProgressus) sententia_currens=17
[4298] PONERE_PROPRIETAS    f587b38a-24ec-5d15-b3fe-8d3271919490 (LibrumProgressus) sententia_currens=18
[4299] PONERE_PROPRIETAS    f587b38a-24ec-5d15-b3fe-8d3271919490 (LibrumProgressus) sententia_currens=19
[4300] PONERE_PROPRIETAS    f587b38a-24ec-5d15-b3fe-8d3271919490 (LibrumProgressus) sententia_currens=20
[4301] PONERE_PROPRIETAS    f587b38a-24ec-5d15-b3fe-8d3271919490 (LibrumProgressus) sententia_currens=21
[4302] PONERE_PROPRIETAS    f587b38a-24ec-5d15-b3fe-8d3271919490 (LibrumProgressus) sententia_currens=22
[4303] PONERE_PROPRIETAS    f587b38a-24ec-5d15-b3fe-8d3271919490 (LibrumProgressus) sententia_currens=21
[4304] PONERE_PROPRIETAS    f587b38a-24ec-5d15-b3fe-8d3271919490 (LibrumProgressus) sententia_currens=20
[4305] PONERE_PROPRIETAS    f587b38a-24ec-5d15-b3fe-8d3271919490 (LibrumProgressus) sententia_currens=19
[4306] PONERE_PROPRIETAS    f587b38a-24ec-5d15-b3fe-8d3271919490 (LibrumProgressus) sententia_currens=18
[4307] PONERE_PROPRIETAS    f587b38a-24ec-5d15-b3fe-8d3271919490 (LibrumProgressus) sententia_currens=19
[4308] PONERE_PROPRIETAS    f587b38a-24ec-5d15-b3fe-8d3271919490 (LibrumProgressus) sententia_currens=20
[4309] PONERE_PROPRIETAS    f587b38a-24ec-5d15-b3fe-8d3271919490 (LibrumProgressus) sententia_currens=21
[4310] PONERE_PROPRIETAS    f587b38a-24ec-5d15-b3fe-8d3271919490 (LibrumProgressus) sententia_currens=22
[4311] PONERE_PROPRIETAS    f587b38a-24ec-5d15-b3fe-8d3271919490 (LibrumProgressus) sententia_currens=23
[4312] PONERE_PROPRIETAS    f587b38a-24ec-5d15-b3fe-8d3271919490 (LibrumProgressus) sententia_currens=24
[4313] PONERE_PROPRIETAS    f587b38a-24ec-5d15-b3fe-8d3271919490 (LibrumProgressus) sententia_currens=25
[4314] PONERE_PROPRIETAS    f587b38a-24ec-5d15-b3fe-8d3271919490 (LibrumProgressus) sententia_currens=26
[4315] PONERE_PROPRIETAS    f587b38a-24ec-5d15-b3fe-8d3271919490 (LibrumProgressus) sententia_currens=27
[4316] PONERE_PROPRIETAS    f587b38a-24ec-5d15-b3fe-8d3271919490 (LibrumProgressus) sententia_currens=28
[4317] PONERE_PROPRIETAS    f587b38a-24ec-5d15-b3fe-8d3271919490 (LibrumProgressus) sententia_currens=29
[4318] PONERE_PROPRIETAS    f587b38a-24ec-5d15-b3fe-8d3271919490 (LibrumProgressus) sententia_currens=30
[4319] PONERE_PROPRIETAS    f587b38a-24ec-5d15-b3fe-8d3271919490 (LibrumProgressus) sententia_currens=31
[4320] PONERE_PROPRIETAS    f587b38a-24ec-5d15-b3fe-8d3271919490 (LibrumProgressus) sententia_currens=32
[4321] PONERE_PROPRIETAS    f587b38a-24ec-5d15-b3fe-8d3271919490 (LibrumProgressus) sententia_currens=33
[4322] PONERE_PROPRIETAS    f587b38a-24ec-5d15-b3fe-8d3271919490 (LibrumProgressus) sententia_currens=34
[4323] PONERE_PROPRIETAS    f587b38a-24ec-5d15-b3fe-8d3271919490 (LibrumProgressus) sententia_currens=35
[4324] PONERE_PROPRIETAS    f587b38a-24ec-5d15-b3fe-8d3271919490 (LibrumProgressus) sententia_currens=36
[4325] PONERE_PROPRIETAS    f587b38a-24ec-5d15-b3fe-8d3271919490 (LibrumProgressus) sententia_currens=37
[4326] PONERE_PROPRIETAS    f587b38a-24ec-5d15-b3fe-8d3271919490 (LibrumProgressus) sententia_currens=38
[4327] PONERE_PROPRIETAS    f587b38a-24ec-5d15-b3fe-8d3271919490 (LibrumProgressus) sententia_currens=39
[4328] PONERE_PROPRIETAS    f587b38a-24ec-5d15-b3fe-8d3271919490 (LibrumProgressus) sententia_currens=40
[4329] PONERE_PROPRIETAS    f587b38a-24ec-5d15-b3fe-8d3271919490 (LibrumProgressus) sententia_currens=41
[4330] PONERE_PROPRIETAS    f587b38a-24ec-5d15-b3fe-8d3271919490 (LibrumProgressus) sententia_currens=42
[4331] PONERE_PROPRIETAS    f587b38a-24ec-5d15-b3fe-8d3271919490 (LibrumProgressus) sententia_currens=43
[4332] PONERE_PROPRIETAS    f587b38a-24ec-5d15-b3fe-8d3271919490 (LibrumProgressus) sententia_currens=44
[4333] PONERE_PROPRIETAS    f587b38a-24ec-5d15-b3fe-8d3271919490 (LibrumProgressus) sententia_currens=45
[4334] PONERE_PROPRIETAS    f587b38a-24ec-5d15-b3fe-8d3271919490 (LibrumProgressus) sententia_currens=46
[4335] PONERE_PROPRIETAS    f587b38a-24ec-5d15-b3fe-8d3271919490 (LibrumProgressus) sententia_currens=47
[4336] PONERE_PROPRIETAS    f587b38a-24ec-5d15-b3fe-8d3271919490 (LibrumProgressus) sententia_currens=48
[4337] PONERE_PROPRIETAS    f587b38a-24ec-5d15-b3fe-8d3271919490 (LibrumProgressus) sententia_currens=49
[4338] PONERE_PROPRIETAS    f587b38a-24ec-5d15-b3fe-8d3271919490 (LibrumProgressus) sententia_currens=50
[4339] PONERE_PROPRIETAS    f587b38a-24ec-5d15-b3fe-8d3271919490 (LibrumProgressus) sententia_currens=51
[4340] PONERE_PROPRIETAS    f587b38a-24ec-5d15-b3fe-8d3271919490 (LibrumProgressus) sententia_currens=52
[4341] PONERE_PROPRIETAS    f587b38a-24ec-5d15-b3fe-8d3271919490 (LibrumProgressus) sententia_currens=53
[4342] PONERE_PROPRIETAS    f587b38a-24ec-5d15-b3fe-8d3271919490 (LibrumProgressus) sententia_currens=54
[4343] PONERE_PROPRIETAS    f587b38a-24ec-5d15-b3fe-8d3271919490 (LibrumProgressus) sententia_currens=55
[4344] PONERE_PROPRIETAS    f587b38a-24ec-5d15-b3fe-8d3271919490 (LibrumProgressus) sententia_currens=56
[4345] PONERE_PROPRIETAS    f587b38a-24ec-5d15-b3fe-8d3271919490 (LibrumProgressus) sententia_currens=57
[4346] PONERE_PROPRIETAS    f587b38a-24ec-5d15-b3fe-8d3271919490 (LibrumProgressus) sententia_currens=58
[4347] PONERE_PROPRIETAS    f587b38a-24ec-5d15-b3fe-8d3271919490 (LibrumProgressus) sententia_currens=59
[4348] PONERE_PROPRIETAS    f587b38a-24ec-5d15-b3fe-8d3271919490 (LibrumProgressus) sententia_currens=60
[4349] PONERE_PROPRIETAS    f587b38a-24ec-5d15-b3fe-8d3271919490 (LibrumProgressus) sententia_currens=61
[4350] PONERE_PROPRIETAS    f587b38a-24ec-5d15-b3fe-8d3271919490 (LibrumProgressus) sententia_currens=62
[4351] PONERE_PROPRIETAS    f587b38a-24ec-5d15-b3fe-8d3271919490 (LibrumProgressus) sententia_currens=63
[4352] PONERE_PROPRIETAS    f587b38a-24ec-5d15-b3fe-8d3271919490 (LibrumProgressus) sententia_currens=64
[4353] CREARE_ENTITAS       789fe374-bc7d-5fb3-b6a8-c98cacaa6bd7 (LibrumProgressus)
[4354] PONERE_PROPRIETAS    789fe374-bc7d-5fb3-b6a8-c98cacaa6bd7 (LibrumProgressus) titulus=13926
[4355] ADDERE_RELATIO       789fe374-bc7d-5fb3-b6a8-c98cacaa6bd7 (LibrumProgressus) --[est]--> 2993e15a-ff74-52cb-9700-b385e87e79d3
[4356] PONERE_PROPRIETAS    789fe374-bc7d-5fb3-b6a8-c98cacaa6bd7 (LibrumProgressus) pagina_currens=0
[4357] PONERE_PROPRIETAS    789fe374-bc7d-5fb3-b6a8-c98cacaa6bd7 (LibrumProgressus) modus_sententiae=1
[4358] PONERE_PROPRIETAS    789fe374-bc7d-5fb3-b6a8-c98cacaa6bd7 (LibrumProgressus) sententia_currens=0
[4359] PONERE_PROPRIETAS    789fe374-bc7d-5fb3-b6a8-c98cacaa6bd7 (LibrumProgressus) sententia_currens=1
[4360] PONERE_PROPRIETAS    789fe374-bc7d-5fb3-b6a8-c98cacaa6bd7 (LibrumProgressus) sententia_currens=2
[4361] PONERE_PROPRIETAS    789fe374-bc7d-5fb3-b6a8-c98cacaa6bd7 (LibrumProgressus) sententia_currens=3
[4362] PONERE_PROPRIETAS    789fe374-bc7d-5fb3-b6a8-c98cacaa6bd7 (LibrumProgressus) sententia_currens=4
[4363] PONERE_PROPRIETAS    789fe374-bc7d-5fb3-b6a8-c98cacaa6bd7 (LibrumProgressus) sententia_currens=5
[4364] PONERE_PROPRIETAS    789fe374-bc7d-5fb3-b6a8-c98cacaa6bd7 (LibrumProgressus) sententia_currens=6
[4365] PONERE_PROPRIETAS    789fe374-bc7d-5fb3-b6a8-c98cacaa6bd7 (LibrumProgressus) sententia_currens=7
[4366] PONERE_PROPRIETAS    789fe374-bc7d-5fb3-b6a8-c98cacaa6bd7 (LibrumProgressus) sententia_currens=8
[4367] PONERE_PROPRIETAS    789fe374-bc7d-5fb3-b6a8-c98cacaa6bd7 (LibrumProgressus) sententia_currens=9
[4368] PONERE_PROPRIETAS    789fe374-bc7d-5fb3-b6a8-c98cacaa6bd7 (LibrumProgressus) sententia_currens=10
[4369] PONERE_PROPRIETAS    789fe374-bc7d-5fb3-b6a8-c98cacaa6bd7 (LibrumProgressus) sententia_currens=11
[4370] PONERE_PROPRIETAS    789fe374-bc7d-5fb3-b6a8-c98cacaa6bd7 (LibrumProgressus) sententia_currens=12
[4371] PONERE_PROPRIETAS    789fe374-bc7d-5fb3-b6a8-c98cacaa6bd7 (LibrumProgressus) sententia_currens=13
[4372] PONERE_PROPRIETAS    789fe374-bc7d-5fb3-b6a8-c98cacaa6bd7 (LibrumProgressus) sententia_currens=14
[4373] PONERE_PROPRIETAS    789fe374-bc7d-5fb3-b6a8-c98cacaa6bd7 (LibrumProgressus) sententia_currens=15
[4374] PONERE_PROPRIETAS    789fe374-bc7d-5fb3-b6a8-c98cacaa6bd7 (LibrumProgressus) sententia_currens=16
[4375] PONERE_PROPRIETAS    789fe374-bc7d-5fb3-b6a8-c98cacaa6bd7 (LibrumProgressus) sententia_currens=17
[4376] PONERE_PROPRIETAS    789fe374-bc7d-5fb3-b6a8-c98cacaa6bd7 (LibrumProgressus) sententia_currens=18
[4377] PONERE_PROPRIETAS    789fe374-bc7d-5fb3-b6a8-c98cacaa6bd7 (LibrumProgressus) sententia_currens=19
[4378] PONERE_PROPRIETAS    789fe374-bc7d-5fb3-b6a8-c98cacaa6bd7 (LibrumProgressus) sententia_currens=20
[4379] PONERE_PROPRIETAS    789fe374-bc7d-5fb3-b6a8-c98cacaa6bd7 (LibrumProgressus) sententia_currens=21
[4380] PONERE_PROPRIETAS    789fe374-bc7d-5fb3-b6a8-c98cacaa6bd7 (LibrumProgressus) sententia_currens=22
[4381] PONERE_PROPRIETAS    789fe374-bc7d-5fb3-b6a8-c98cacaa6bd7 (LibrumProgressus) sententia_currens=23
[4382] PONERE_PROPRIETAS    789fe374-bc7d-5fb3-b6a8-c98cacaa6bd7 (LibrumProgressus) sententia_currens=24
[4383] PONERE_PROPRIETAS    789fe374-bc7d-5fb3-b6a8-c98cacaa6bd7 (LibrumProgressus) sententia_currens=25
[4384] PONERE_PROPRIETAS    789fe374-bc7d-5fb3-b6a8-c98cacaa6bd7 (LibrumProgressus) sententia_currens=26
[4385] PONERE_PROPRIETAS    789fe374-bc7d-5fb3-b6a8-c98cacaa6bd7 (LibrumProgressus) sententia_currens=27
[4386] PONERE_PROPRIETAS    789fe374-bc7d-5fb3-b6a8-c98cacaa6bd7 (LibrumProgressus) sententia_currens=26
[4387] PONERE_PROPRIETAS    789fe374-bc7d-5fb3-b6a8-c98cacaa6bd7 (LibrumProgressus) sententia_currens=27
[4388] PONERE_PROPRIETAS    789fe374-bc7d-5fb3-b6a8-c98cacaa6bd7 (LibrumProgressus) sententia_currens=28
[4389] PONERE_PROPRIETAS    789fe374-bc7d-5fb3-b6a8-c98cacaa6bd7 (LibrumProgressus) sententia_currens=29
[4390] PONERE_PROPRIETAS    789fe374-bc7d-5fb3-b6a8-c98cacaa6bd7 (LibrumProgressus) sententia_currens=30
[4391] PONERE_PROPRIETAS    789fe374-bc7d-5fb3-b6a8-c98cacaa6bd7 (LibrumProgressus) sententia_currens=31
[4392] PONERE_PROPRIETAS    789fe374-bc7d-5fb3-b6a8-c98cacaa6bd7 (LibrumProgressus) sententia_currens=32
[4393] PONERE_PROPRIETAS    789fe374-bc7d-5fb3-b6a8-c98cacaa6bd7 (LibrumProgressus) sententia_currens=33
[4394] PONERE_PROPRIETAS    789fe374-bc7d-5fb3-b6a8-c98cacaa6bd7 (LibrumProgressus) sententia_currens=34
[4395] PONERE_PROPRIETAS    789fe374-bc7d-5fb3-b6a8-c98cacaa6bd7 (LibrumProgressus) sententia_currens=35
[4396] PONERE_PROPRIETAS    789fe374-bc7d-5fb3-b6a8-c98cacaa6bd7 (LibrumProgressus) sententia_currens=36
[4397] PONERE_PROPRIETAS    789fe374-bc7d-5fb3-b6a8-c98cacaa6bd7 (LibrumProgressus) sententia_currens=37
[4398] PONERE_PROPRIETAS    789fe374-bc7d-5fb3-b6a8-c98cacaa6bd7 (LibrumProgressus) sententia_currens=38
[4399] PONERE_PROPRIETAS    789fe374-bc7d-5fb3-b6a8-c98cacaa6bd7 (LibrumProgressus) sententia_currens=39
[4400] PONERE_PROPRIETAS    789fe374-bc7d-5fb3-b6a8-c98cacaa6bd7 (LibrumProgressus) sententia_currens=40
[4401] PONERE_PROPRIETAS    789fe374-bc7d-5fb3-b6a8-c98cacaa6bd7 (LibrumProgressus) sententia_currens=41
[4402] PONERE_PROPRIETAS    789fe374-bc7d-5fb3-b6a8-c98cacaa6bd7 (LibrumProgressus) sententia_currens=42
[4403] PONERE_PROPRIETAS    789fe374-bc7d-5fb3-b6a8-c98cacaa6bd7 (LibrumProgressus) sententia_currens=43
[4404] PONERE_PROPRIETAS    789fe374-bc7d-5fb3-b6a8-c98cacaa6bd7 (LibrumProgressus) sententia_currens=44
[4405] PONERE_PROPRIETAS    789fe374-bc7d-5fb3-b6a8-c98cacaa6bd7 (LibrumProgressus) sententia_currens=45
[4406] PONERE_PROPRIETAS    789fe374-bc7d-5fb3-b6a8-c98cacaa6bd7 (LibrumProgressus) sententia_currens=46
[4407] PONERE_PROPRIETAS    789fe374-bc7d-5fb3-b6a8-c98cacaa6bd7 (LibrumProgressus) sententia_currens=47
[4408] PONERE_PROPRIETAS    789fe374-bc7d-5fb3-b6a8-c98cacaa6bd7 (LibrumProgressus) sententia_currens=48
[4409] PONERE_PROPRIETAS    789fe374-bc7d-5fb3-b6a8-c98cacaa6bd7 (LibrumProgressus) sententia_currens=47
[4410] PONERE_PROPRIETAS    c51fd415-372a-5bdb-bf05-525a117e459f (LibrariumStatus) index_paginae=235
[4411] PONERE_PROPRIETAS    c51fd415-372a-5bdb-bf05-525a117e459f (LibrariumStatus) liber_currens=235
[4412] PONERE_PROPRIETAS    789fe374-bc7d-5fb3-b6a8-c98cacaa6bd7 (LibrumProgressus) sententia_currens=48
[4413] PONERE_PROPRIETAS    789fe374-bc7d-5fb3-b6a8-c98cacaa6bd7 (LibrumProgressus) sententia_currens=49
[4414] PONERE_PROPRIETAS    789fe374-bc7d-5fb3-b6a8-c98cacaa6bd7 (LibrumProgressus) sententia_currens=50
[4415] PONERE_PROPRIETAS    789fe374-bc7d-5fb3-b6a8-c98cacaa6bd7 (LibrumProgressus) sententia_currens=51
[4416] PONERE_PROPRIETAS    789fe374-bc7d-5fb3-b6a8-c98cacaa6bd7 (LibrumProgressus) sententia_currens=52
[4417] PONERE_PROPRIETAS    789fe374-bc7d-5fb3-b6a8-c98cacaa6bd7 (LibrumProgressus) sententia_currens=53
[4418] PONERE_PROPRIETAS    789fe374-bc7d-5fb3-b6a8-c98cacaa6bd7 (LibrumProgressus) sententia_currens=54
[4419] PONERE_PROPRIETAS    789fe374-bc7d-5fb3-b6a8-c98cacaa6bd7 (LibrumProgressus) sententia_currens=55
[4420] PONERE_PROPRIETAS    789fe374-bc7d-5fb3-b6a8-c98cacaa6bd7 (LibrumProgressus) sententia_currens=54
[4421] PONERE_PROPRIETAS    789fe374-bc7d-5fb3-b6a8-c98cacaa6bd7 (LibrumProgressus) sententia_currens=55
[4422] CREARE_ENTITAS       e0817621-ec6b-5a4d-b61b-054ecb0de6cd (LibroPagina)
[4423] PONERE_PROPRIETAS    e0817621-ec6b-5a4d-b61b-054ecb0de6cd (LibroPagina) titulus=pagina-18
[4424] ADDERE_RELATIO       e0817621-ec6b-5a4d-b61b-054ecb0de6cd (LibroPagina) --[est]--> f5fd3e63-c2cc-5256-a514-4b7764478f6d
[4425] ADDERE_NOTA          e0817621-ec6b-5a4d-b61b-054ecb0de6cd (LibroPagina) ##LibroPagina
[4426] PONERE_PROPRIETAS    e0817621-ec6b-5a4d-b61b-054ecb0de6cd (LibroPagina) ordo=18
[4427] PONERE_PROPRIETAS    e0817621-ec6b-5a4d-b61b-054ecb0de6cd (LibroPagina) name=pagina-18
[4428] PONERE_PROPRIETAS    e0817621-ec6b-5a4d-b61b-054ecb0de6cd (LibroPagina) contentum=

















































...
[4429] PONERE_PROPRIETAS    789fe374-bc7d-5fb3-b6a8-c98cacaa6bd7 (LibrumProgressus) sententia_currens=56
[4430] PONERE_PROPRIETAS    789fe374-bc7d-5fb3-b6a8-c98cacaa6bd7 (LibrumProgressus) sententia_currens=57
[4431] PONERE_PROPRIETAS    789fe374-bc7d-5fb3-b6a8-c98cacaa6bd7 (LibrumProgressus) sententia_currens=58
[4432] PONERE_PROPRIETAS    789fe374-bc7d-5fb3-b6a8-c98cacaa6bd7 (LibrumProgressus) sententia_currens=59
[4433] PONERE_PROPRIETAS    789fe374-bc7d-5fb3-b6a8-c98cacaa6bd7 (LibrumProgressus) sententia_currens=60
[4434] PONERE_PROPRIETAS    789fe374-bc7d-5fb3-b6a8-c98cacaa6bd7 (LibrumProgressus) sententia_currens=61
[4435] PONERE_PROPRIETAS    789fe374-bc7d-5fb3-b6a8-c98cacaa6bd7 (LibrumProgressus) sententia_currens=62
[4436] PONERE_PROPRIETAS    789fe374-bc7d-5fb3-b6a8-c98cacaa6bd7 (LibrumProgressus) sententia_currens=63
[4437] PONERE_PROPRIETAS    789fe374-bc7d-5fb3-b6a8-c98cacaa6bd7 (LibrumProgressus) sententia_currens=62
[4438] PONERE_PROPRIETAS    789fe374-bc7d-5fb3-b6a8-c98cacaa6bd7 (LibrumProgressus) sententia_currens=63
[4439] PONERE_PROPRIETAS    789fe374-bc7d-5fb3-b6a8-c98cacaa6bd7 (LibrumProgressus) sententia_currens=62
[4440] PONERE_PROPRIETAS    789fe374-bc7d-5fb3-b6a8-c98cacaa6bd7 (LibrumProgressus) sententia_currens=63
[4441] PONERE_PROPRIETAS    789fe374-bc7d-5fb3-b6a8-c98cacaa6bd7 (LibrumProgressus) sententia_currens=62
[4442] PONERE_PROPRIETAS    789fe374-bc7d-5fb3-b6a8-c98cacaa6bd7 (LibrumProgressus) sententia_currens=63
[4443] PONERE_PROPRIETAS    789fe374-bc7d-5fb3-b6a8-c98cacaa6bd7 (LibrumProgressus) sententia_currens=64
[4444] PONERE_PROPRIETAS    789fe374-bc7d-5fb3-b6a8-c98cacaa6bd7 (LibrumProgressus) sententia_currens=65
[4445] PONERE_PROPRIETAS    789fe374-bc7d-5fb3-b6a8-c98cacaa6bd7 (LibrumProgressus) sententia_currens=66
[4446] PONERE_PROPRIETAS    789fe374-bc7d-5fb3-b6a8-c98cacaa6bd7 (LibrumProgressus) sententia_currens=67
[4447] PONERE_PROPRIETAS    789fe374-bc7d-5fb3-b6a8-c98cacaa6bd7 (LibrumProgressus) sententia_currens=68
[4448] PONERE_PROPRIETAS    789fe374-bc7d-5fb3-b6a8-c98cacaa6bd7 (LibrumProgressus) sententia_currens=69
[4449] PONERE_PROPRIETAS    789fe374-bc7d-5fb3-b6a8-c98cacaa6bd7 (LibrumProgressus) sententia_currens=70
[4450] PONERE_PROPRIETAS    789fe374-bc7d-5fb3-b6a8-c98cacaa6bd7 (LibrumProgressus) sententia_currens=71
[4451] PONERE_PROPRIETAS    789fe374-bc7d-5fb3-b6a8-c98cacaa6bd7 (LibrumProgressus) sententia_currens=72
[4452] PONERE_PROPRIETAS    789fe374-bc7d-5fb3-b6a8-c98cacaa6bd7 (LibrumProgressus) sententia_currens=73
[4453] PONERE_PROPRIETAS    789fe374-bc7d-5fb3-b6a8-c98cacaa6bd7 (LibrumProgressus) sententia_currens=74
[4454] PONERE_PROPRIETAS    789fe374-bc7d-5fb3-b6a8-c98cacaa6bd7 (LibrumProgressus) sententia_currens=75
[4455] PONERE_PROPRIETAS    789fe374-bc7d-5fb3-b6a8-c98cacaa6bd7 (LibrumProgressus) sententia_currens=76
[4456] PONERE_PROPRIETAS    789fe374-bc7d-5fb3-b6a8-c98cacaa6bd7 (LibrumProgressus) sententia_currens=77
[4457] PONERE_PROPRIETAS    789fe374-bc7d-5fb3-b6a8-c98cacaa6bd7 (LibrumProgressus) sententia_currens=78
[4458] PONERE_PROPRIETAS    789fe374-bc7d-5fb3-b6a8-c98cacaa6bd7 (LibrumProgressus) sententia_currens=79
[4459] PONERE_PROPRIETAS    789fe374-bc7d-5fb3-b6a8-c98cacaa6bd7 (LibrumProgressus) sententia_currens=78
[4460] PONERE_PROPRIETAS    789fe374-bc7d-5fb3-b6a8-c98cacaa6bd7 (LibrumProgressus) sententia_currens=79
[4461] PONERE_PROPRIETAS    789fe374-bc7d-5fb3-b6a8-c98cacaa6bd7 (LibrumProgressus) sententia_currens=80
[4462] PONERE_PROPRIETAS    789fe374-bc7d-5fb3-b6a8-c98cacaa6bd7 (LibrumProgressus) sententia_currens=81
[4463] PONERE_PROPRIETAS    789fe374-bc7d-5fb3-b6a8-c98cacaa6bd7 (LibrumProgressus) sententia_currens=82
[4464] PONERE_PROPRIETAS    789fe374-bc7d-5fb3-b6a8-c98cacaa6bd7 (LibrumProgressus) sententia_currens=83
[4465] PONERE_PROPRIETAS    789fe374-bc7d-5fb3-b6a8-c98cacaa6bd7 (LibrumProgressus) sententia_currens=84
[4466] PONERE_PROPRIETAS    789fe374-bc7d-5fb3-b6a8-c98cacaa6bd7 (LibrumProgressus) sententia_currens=85
[4467] PONERE_PROPRIETAS    789fe374-bc7d-5fb3-b6a8-c98cacaa6bd7 (LibrumProgressus) sententia_currens=86
[4468] PONERE_PROPRIETAS    789fe374-bc7d-5fb3-b6a8-c98cacaa6bd7 (LibrumProgressus) sententia_currens=87
[4469] PONERE_PROPRIETAS    789fe374-bc7d-5fb3-b6a8-c98cacaa6bd7 (LibrumProgressus) sententia_currens=88
[4470] PONERE_PROPRIETAS    789fe374-bc7d-5fb3-b6a8-c98cacaa6bd7 (LibrumProgressus) sententia_currens=89
[4471] PONERE_PROPRIETAS    789fe374-bc7d-5fb3-b6a8-c98cacaa6bd7 (LibrumProgressus) sententia_currens=90
[4472] PONERE_PROPRIETAS    789fe374-bc7d-5fb3-b6a8-c98cacaa6bd7 (LibrumProgressus) sententia_currens=91
[4473] PONERE_PROPRIETAS    789fe374-bc7d-5fb3-b6a8-c98cacaa6bd7 (LibrumProgressus) sententia_currens=92
[4474] PONERE_PROPRIETAS    789fe374-bc7d-5fb3-b6a8-c98cacaa6bd7 (LibrumProgressus) sententia_currens=93
[4475] PONERE_PROPRIETAS    789fe374-bc7d-5fb3-b6a8-c98cacaa6bd7 (LibrumProgressus) sententia_currens=94
[4476] PONERE_PROPRIETAS    789fe374-bc7d-5fb3-b6a8-c98cacaa6bd7 (LibrumProgressus) sententia_currens=95
[4477] PONERE_PROPRIETAS    789fe374-bc7d-5fb3-b6a8-c98cacaa6bd7 (LibrumProgressus) sententia_currens=96
[4478] PONERE_PROPRIETAS    789fe374-bc7d-5fb3-b6a8-c98cacaa6bd7 (LibrumProgressus) sententia_currens=97
[4479] PONERE_PROPRIETAS    789fe374-bc7d-5fb3-b6a8-c98cacaa6bd7 (LibrumProgressus) sententia_currens=98
[4480] PONERE_PROPRIETAS    789fe374-bc7d-5fb3-b6a8-c98cacaa6bd7 (LibrumProgressus) sententia_currens=99
[4481] PONERE_PROPRIETAS    789fe374-bc7d-5fb3-b6a8-c98cacaa6bd7 (LibrumProgressus) sententia_currens=100
[4482] PONERE_PROPRIETAS    789fe374-bc7d-5fb3-b6a8-c98cacaa6bd7 (LibrumProgressus) sententia_currens=101
[4483] PONERE_PROPRIETAS    789fe374-bc7d-5fb3-b6a8-c98cacaa6bd7 (LibrumProgressus) sententia_currens=102
[4484] PONERE_PROPRIETAS    789fe374-bc7d-5fb3-b6a8-c98cacaa6bd7 (LibrumProgressus) sententia_currens=103
[4485] PONERE_PROPRIETAS    789fe374-bc7d-5fb3-b6a8-c98cacaa6bd7 (LibrumProgressus) sententia_currens=104
[4486] PONERE_PROPRIETAS    789fe374-bc7d-5fb3-b6a8-c98cacaa6bd7 (LibrumProgressus) sententia_currens=105
[4487] PONERE_PROPRIETAS    789fe374-bc7d-5fb3-b6a8-c98cacaa6bd7 (LibrumProgressus) sententia_currens=106
[4488] PONERE_PROPRIETAS    789fe374-bc7d-5fb3-b6a8-c98cacaa6bd7 (LibrumProgressus) sententia_currens=107
[4489] PONERE_PROPRIETAS    789fe374-bc7d-5fb3-b6a8-c98cacaa6bd7 (LibrumProgressus) sententia_currens=108
[4490] PONERE_PROPRIETAS    789fe374-bc7d-5fb3-b6a8-c98cacaa6bd7 (LibrumProgressus) sententia_currens=109
[4491] PONERE_PROPRIETAS    789fe374-bc7d-5fb3-b6a8-c98cacaa6bd7 (LibrumProgressus) sententia_currens=110
[4492] PONERE_PROPRIETAS    789fe374-bc7d-5fb3-b6a8-c98cacaa6bd7 (LibrumProgressus) sententia_currens=111
[4493] PONERE_PROPRIETAS    789fe374-bc7d-5fb3-b6a8-c98cacaa6bd7 (LibrumProgressus) sententia_currens=112
[4494] PONERE_PROPRIETAS    789fe374-bc7d-5fb3-b6a8-c98cacaa6bd7 (LibrumProgressus) sententia_currens=113
[4495] PONERE_PROPRIETAS    789fe374-bc7d-5fb3-b6a8-c98cacaa6bd7 (LibrumProgressus) sententia_currens=114
[4496] PONERE_PROPRIETAS    789fe374-bc7d-5fb3-b6a8-c98cacaa6bd7 (LibrumProgressus) sententia_currens=115
[4497] PONERE_PROPRIETAS    789fe374-bc7d-5fb3-b6a8-c98cacaa6bd7 (LibrumProgressus) sententia_currens=116
[4498] PONERE_PROPRIETAS    789fe374-bc7d-5fb3-b6a8-c98cacaa6bd7 (LibrumProgressus) sententia_currens=117
[4499] PONERE_PROPRIETAS    789fe374-bc7d-5fb3-b6a8-c98cacaa6bd7 (LibrumProgressus) sententia_currens=118
[4500] PONERE_PROPRIETAS    789fe374-bc7d-5fb3-b6a8-c98cacaa6bd7 (LibrumProgressus) sententia_currens=119
[4501] PONERE_PROPRIETAS    789fe374-bc7d-5fb3-b6a8-c98cacaa6bd7 (LibrumProgressus) sententia_currens=120
[4502] PONERE_PROPRIETAS    789fe374-bc7d-5fb3-b6a8-c98cacaa6bd7 (LibrumProgressus) sententia_currens=121
[4503] PONERE_PROPRIETAS    789fe374-bc7d-5fb3-b6a8-c98cacaa6bd7 (LibrumProgressus) sententia_currens=122
[4504] PONERE_PROPRIETAS    789fe374-bc7d-5fb3-b6a8-c98cacaa6bd7 (LibrumProgressus) sententia_currens=123
[4505] PONERE_PROPRIETAS    789fe374-bc7d-5fb3-b6a8-c98cacaa6bd7 (LibrumProgressus) sententia_currens=124
[4506] PONERE_PROPRIETAS    789fe374-bc7d-5fb3-b6a8-c98cacaa6bd7 (LibrumProgressus) sententia_currens=125
[4507] PONERE_PROPRIETAS    789fe374-bc7d-5fb3-b6a8-c98cacaa6bd7 (LibrumProgressus) sententia_currens=126
[4508] PONERE_PROPRIETAS    789fe374-bc7d-5fb3-b6a8-c98cacaa6bd7 (LibrumProgressus) sententia_currens=127
[4509] PONERE_PROPRIETAS    789fe374-bc7d-5fb3-b6a8-c98cacaa6bd7 (LibrumProgressus) sententia_currens=128
[4510] PONERE_PROPRIETAS    789fe374-bc7d-5fb3-b6a8-c98cacaa6bd7 (LibrumProgressus) sententia_currens=129
[4511] PONERE_PROPRIETAS    789fe374-bc7d-5fb3-b6a8-c98cacaa6bd7 (LibrumProgressus) sententia_currens=130
[4512] PONERE_PROPRIETAS    789fe374-bc7d-5fb3-b6a8-c98cacaa6bd7 (LibrumProgressus) sententia_currens=131
[4513] PONERE_PROPRIETAS    789fe374-bc7d-5fb3-b6a8-c98cacaa6bd7 (LibrumProgressus) sententia_currens=132
[4514] PONERE_PROPRIETAS    789fe374-bc7d-5fb3-b6a8-c98cacaa6bd7 (LibrumProgressus) sententia_currens=133
[4515] PONERE_PROPRIETAS    789fe374-bc7d-5fb3-b6a8-c98cacaa6bd7 (LibrumProgressus) sententia_currens=134
[4516] PONERE_PROPRIETAS    789fe374-bc7d-5fb3-b6a8-c98cacaa6bd7 (LibrumProgressus) sententia_currens=135
[4517] PONERE_PROPRIETAS    789fe374-bc7d-5fb3-b6a8-c98cacaa6bd7 (LibrumProgressus) sententia_currens=136
[4518] PONERE_PROPRIETAS    789fe374-bc7d-5fb3-b6a8-c98cacaa6bd7 (LibrumProgressus) sententia_currens=137
[4519] PONERE_PROPRIETAS    789fe374-bc7d-5fb3-b6a8-c98cacaa6bd7 (LibrumProgressus) sententia_currens=138
[4520] PONERE_PROPRIETAS    789fe374-bc7d-5fb3-b6a8-c98cacaa6bd7 (LibrumProgressus) sententia_currens=139
[4521] PONERE_PROPRIETAS    789fe374-bc7d-5fb3-b6a8-c98cacaa6bd7 (LibrumProgressus) sententia_currens=140
[4522] PONERE_PROPRIETAS    789fe374-bc7d-5fb3-b6a8-c98cacaa6bd7 (LibrumProgressus) sententia_currens=141
[4523] PONERE_PROPRIETAS    789fe374-bc7d-5fb3-b6a8-c98cacaa6bd7 (LibrumProgressus) sententia_currens=142
[4524] PONERE_PROPRIETAS    789fe374-bc7d-5fb3-b6a8-c98cacaa6bd7 (LibrumProgressus) sententia_currens=143
[4525] PONERE_PROPRIETAS    789fe374-bc7d-5fb3-b6a8-c98cacaa6bd7 (LibrumProgressus) sententia_currens=144
[4526] PONERE_PROPRIETAS    789fe374-bc7d-5fb3-b6a8-c98cacaa6bd7 (LibrumProgressus) sententia_currens=145
[4527] PONERE_PROPRIETAS    789fe374-bc7d-5fb3-b6a8-c98cacaa6bd7 (LibrumProgressus) sententia_currens=146
[4528] PONERE_PROPRIETAS    789fe374-bc7d-5fb3-b6a8-c98cacaa6bd7 (LibrumProgressus) sententia_currens=147
[4529] PONERE_PROPRIETAS    789fe374-bc7d-5fb3-b6a8-c98cacaa6bd7 (LibrumProgressus) sententia_currens=148
[4530] PONERE_PROPRIETAS    789fe374-bc7d-5fb3-b6a8-c98cacaa6bd7 (LibrumProgressus) sententia_currens=149
[4531] PONERE_PROPRIETAS    789fe374-bc7d-5fb3-b6a8-c98cacaa6bd7 (LibrumProgressus) sententia_currens=150
[4532] PONERE_PROPRIETAS    789fe374-bc7d-5fb3-b6a8-c98cacaa6bd7 (LibrumProgressus) sententia_currens=151
[4533] PONERE_PROPRIETAS    789fe374-bc7d-5fb3-b6a8-c98cacaa6bd7 (LibrumProgressus) sententia_currens=152
[4534] PONERE_PROPRIETAS    789fe374-bc7d-5fb3-b6a8-c98cacaa6bd7 (LibrumProgressus) sententia_currens=153
[4535] PONERE_PROPRIETAS    789fe374-bc7d-5fb3-b6a8-c98cacaa6bd7 (LibrumProgressus) sententia_currens=154
[4536] PONERE_PROPRIETAS    789fe374-bc7d-5fb3-b6a8-c98cacaa6bd7 (LibrumProgressus) sententia_currens=155
[4537] PONERE_PROPRIETAS    789fe374-bc7d-5fb3-b6a8-c98cacaa6bd7 (LibrumProgressus) sententia_currens=156
[4538] PONERE_PROPRIETAS    789fe374-bc7d-5fb3-b6a8-c98cacaa6bd7 (LibrumProgressus) sententia_currens=157
[4539] PONERE_PROPRIETAS    789fe374-bc7d-5fb3-b6a8-c98cacaa6bd7 (LibrumProgressus) sententia_currens=158
[4540] PONERE_PROPRIETAS    789fe374-bc7d-5fb3-b6a8-c98cacaa6bd7 (LibrumProgressus) sententia_currens=159
[4541] PONERE_PROPRIETAS    789fe374-bc7d-5fb3-b6a8-c98cacaa6bd7 (LibrumProgressus) sententia_currens=160
[4542] PONERE_PROPRIETAS    789fe374-bc7d-5fb3-b6a8-c98cacaa6bd7 (LibrumProgressus) sententia_currens=161
[4543] PONERE_PROPRIETAS    789fe374-bc7d-5fb3-b6a8-c98cacaa6bd7 (LibrumProgressus) sententia_currens=162
[4544] PONERE_PROPRIETAS    789fe374-bc7d-5fb3-b6a8-c98cacaa6bd7 (LibrumProgressus) sententia_currens=163
[4545] PONERE_PROPRIETAS    789fe374-bc7d-5fb3-b6a8-c98cacaa6bd7 (LibrumProgressus) sententia_currens=164
[4546] PONERE_PROPRIETAS    789fe374-bc7d-5fb3-b6a8-c98cacaa6bd7 (LibrumProgressus) sententia_currens=165
[4547] PONERE_PROPRIETAS    789fe374-bc7d-5fb3-b6a8-c98cacaa6bd7 (LibrumProgressus) sententia_currens=166
[4548] PONERE_PROPRIETAS    789fe374-bc7d-5fb3-b6a8-c98cacaa6bd7 (LibrumProgressus) sententia_currens=167
[4549] PONERE_PROPRIETAS    789fe374-bc7d-5fb3-b6a8-c98cacaa6bd7 (LibrumProgressus) sententia_currens=168
[4550] PONERE_PROPRIETAS    789fe374-bc7d-5fb3-b6a8-c98cacaa6bd7 (LibrumProgressus) sententia_currens=169
[4551] PONERE_PROPRIETAS    789fe374-bc7d-5fb3-b6a8-c98cacaa6bd7 (LibrumProgressus) sententia_currens=170
[4552] PONERE_PROPRIETAS    789fe374-bc7d-5fb3-b6a8-c98cacaa6bd7 (LibrumProgressus) sententia_currens=171
[4553] PONERE_PROPRIETAS    789fe374-bc7d-5fb3-b6a8-c98cacaa6bd7 (LibrumProgressus) sententia_currens=172
[4554] PONERE_PROPRIETAS    789fe374-bc7d-5fb3-b6a8-c98cacaa6bd7 (LibrumProgressus) sententia_currens=173
[4555] PONERE_PROPRIETAS    789fe374-bc7d-5fb3-b6a8-c98cacaa6bd7 (LibrumProgressus) sententia_currens=174
[4556] PONERE_PROPRIETAS    789fe374-bc7d-5fb3-b6a8-c98cacaa6bd7 (LibrumProgressus) sententia_currens=175
[4557] PONERE_PROPRIETAS    789fe374-bc7d-5fb3-b6a8-c98cacaa6bd7 (LibrumProgressus) sententia_currens=176
[4558] PONERE_PROPRIETAS    789fe374-bc7d-5fb3-b6a8-c98cacaa6bd7 (LibrumProgressus) sententia_currens=177
[4559] PONERE_PROPRIETAS    789fe374-bc7d-5fb3-b6a8-c98cacaa6bd7 (LibrumProgressus) sententia_currens=176
[4560] PONERE_PROPRIETAS    789fe374-bc7d-5fb3-b6a8-c98cacaa6bd7 (LibrumProgressus) sententia_currens=175
[4561] PONERE_PROPRIETAS    789fe374-bc7d-5fb3-b6a8-c98cacaa6bd7 (LibrumProgressus) sententia_currens=174
[4562] PONERE_PROPRIETAS    789fe374-bc7d-5fb3-b6a8-c98cacaa6bd7 (LibrumProgressus) sententia_currens=173
[4563] PONERE_PROPRIETAS    789fe374-bc7d-5fb3-b6a8-c98cacaa6bd7 (LibrumProgressus) sententia_currens=172
[4564] PONERE_PROPRIETAS    789fe374-bc7d-5fb3-b6a8-c98cacaa6bd7 (LibrumProgressus) sententia_currens=171
[4565] PONERE_PROPRIETAS    789fe374-bc7d-5fb3-b6a8-c98cacaa6bd7 (LibrumProgressus) sententia_currens=172
[4566] PONERE_PROPRIETAS    789fe374-bc7d-5fb3-b6a8-c98cacaa6bd7 (LibrumProgressus) sententia_currens=173
[4567] PONERE_PROPRIETAS    789fe374-bc7d-5fb3-b6a8-c98cacaa6bd7 (LibrumProgressus) sententia_currens=174
[4568] PONERE_PROPRIETAS    789fe374-bc7d-5fb3-b6a8-c98cacaa6bd7 (LibrumProgressus) sententia_currens=175
[4569] PONERE_PROPRIETAS    789fe374-bc7d-5fb3-b6a8-c98cacaa6bd7 (LibrumProgressus) sententia_currens=176
[4570] PONERE_PROPRIETAS    789fe374-bc7d-5fb3-b6a8-c98cacaa6bd7 (LibrumProgressus) sententia_currens=177
[4571] PONERE_PROPRIETAS    789fe374-bc7d-5fb3-b6a8-c98cacaa6bd7 (LibrumProgressus) sententia_currens=178
[4572] PONERE_PROPRIETAS    789fe374-bc7d-5fb3-b6a8-c98cacaa6bd7 (LibrumProgressus) sententia_currens=179
[4573] PONERE_PROPRIETAS    789fe374-bc7d-5fb3-b6a8-c98cacaa6bd7 (LibrumProgressus) sententia_currens=180
[4574] PONERE_PROPRIETAS    789fe374-bc7d-5fb3-b6a8-c98cacaa6bd7 (LibrumProgressus) sententia_currens=181
[4575] PONERE_PROPRIETAS    789fe374-bc7d-5fb3-b6a8-c98cacaa6bd7 (LibrumProgressus) sententia_currens=182
[4576] PONERE_PROPRIETAS    789fe374-bc7d-5fb3-b6a8-c98cacaa6bd7 (LibrumProgressus) sententia_currens=183
[4577] PONERE_PROPRIETAS    789fe374-bc7d-5fb3-b6a8-c98cacaa6bd7 (LibrumProgressus) sententia_currens=184
[4578] PONERE_PROPRIETAS    789fe374-bc7d-5fb3-b6a8-c98cacaa6bd7 (LibrumProgressus) sententia_currens=185
[4579] PONERE_PROPRIETAS    789fe374-bc7d-5fb3-b6a8-c98cacaa6bd7 (LibrumProgressus) sententia_currens=186
[4580] PONERE_PROPRIETAS    789fe374-bc7d-5fb3-b6a8-c98cacaa6bd7 (LibrumProgressus) sententia_currens=187
[4581] PONERE_PROPRIETAS    789fe374-bc7d-5fb3-b6a8-c98cacaa6bd7 (LibrumProgressus) sententia_currens=188
[4582] PONERE_PROPRIETAS    789fe374-bc7d-5fb3-b6a8-c98cacaa6bd7 (LibrumProgressus) sententia_currens=189
[4583] PONERE_PROPRIETAS    789fe374-bc7d-5fb3-b6a8-c98cacaa6bd7 (LibrumProgressus) sententia_currens=190
[4584] PONERE_PROPRIETAS    789fe374-bc7d-5fb3-b6a8-c98cacaa6bd7 (LibrumProgressus) sententia_currens=191
[4585] PONERE_PROPRIETAS    789fe374-bc7d-5fb3-b6a8-c98cacaa6bd7 (LibrumProgressus) sententia_currens=192
[4586] PONERE_PROPRIETAS    789fe374-bc7d-5fb3-b6a8-c98cacaa6bd7 (LibrumProgressus) sententia_currens=193
[4587] PONERE_PROPRIETAS    789fe374-bc7d-5fb3-b6a8-c98cacaa6bd7 (LibrumProgressus) sententia_currens=194
[4588] PONERE_PROPRIETAS    789fe374-bc7d-5fb3-b6a8-c98cacaa6bd7 (LibrumProgressus) sententia_currens=195
[4589] PONERE_PROPRIETAS    789fe374-bc7d-5fb3-b6a8-c98cacaa6bd7 (LibrumProgressus) sententia_currens=196
[4590] PONERE_PROPRIETAS    789fe374-bc7d-5fb3-b6a8-c98cacaa6bd7 (LibrumProgressus) sententia_currens=197
[4591] PONERE_PROPRIETAS    789fe374-bc7d-5fb3-b6a8-c98cacaa6bd7 (LibrumProgressus) sententia_currens=198
[4592] PONERE_PROPRIETAS    789fe374-bc7d-5fb3-b6a8-c98cacaa6bd7 (LibrumProgressus) sententia_currens=197
[4593] PONERE_PROPRIETAS    789fe374-bc7d-5fb3-b6a8-c98cacaa6bd7 (LibrumProgressus) sententia_currens=196
[4594] PONERE_PROPRIETAS    789fe374-bc7d-5fb3-b6a8-c98cacaa6bd7 (LibrumProgressus) sententia_currens=195
[4595] PONERE_PROPRIETAS    789fe374-bc7d-5fb3-b6a8-c98cacaa6bd7 (LibrumProgressus) sententia_currens=194
[4596] PONERE_PROPRIETAS    789fe374-bc7d-5fb3-b6a8-c98cacaa6bd7 (LibrumProgressus) sententia_currens=193
[4597] PONERE_PROPRIETAS    789fe374-bc7d-5fb3-b6a8-c98cacaa6bd7 (LibrumProgressus) sententia_currens=192
[4598] PONERE_PROPRIETAS    789fe374-bc7d-5fb3-b6a8-c98cacaa6bd7 (LibrumProgressus) sententia_currens=193
[4599] PONERE_PROPRIETAS    789fe374-bc7d-5fb3-b6a8-c98cacaa6bd7 (LibrumProgressus) sententia_currens=194
[4600] PONERE_PROPRIETAS    789fe374-bc7d-5fb3-b6a8-c98cacaa6bd7 (LibrumProgressus) sententia_currens=195
[4601] PONERE_PROPRIETAS    789fe374-bc7d-5fb3-b6a8-c98cacaa6bd7 (LibrumProgressus) sententia_currens=196
[4602] PONERE_PROPRIETAS    789fe374-bc7d-5fb3-b6a8-c98cacaa6bd7 (LibrumProgressus) sententia_currens=197
[4603] PONERE_PROPRIETAS    789fe374-bc7d-5fb3-b6a8-c98cacaa6bd7 (LibrumProgressus) sententia_currens=198
[4604] PONERE_PROPRIETAS    789fe374-bc7d-5fb3-b6a8-c98cacaa6bd7 (LibrumProgressus) sententia_currens=199
[4605] PONERE_PROPRIETAS    789fe374-bc7d-5fb3-b6a8-c98cacaa6bd7 (LibrumProgressus) sententia_currens=200
[4606] PONERE_PROPRIETAS    789fe374-bc7d-5fb3-b6a8-c98cacaa6bd7 (LibrumProgressus) sententia_currens=201
[4607] PONERE_PROPRIETAS    789fe374-bc7d-5fb3-b6a8-c98cacaa6bd7 (LibrumProgressus) sententia_currens=202
[4608] PONERE_PROPRIETAS    789fe374-bc7d-5fb3-b6a8-c98cacaa6bd7 (LibrumProgressus) sententia_currens=203
[4609] PONERE_PROPRIETAS    789fe374-bc7d-5fb3-b6a8-c98cacaa6bd7 (LibrumProgressus) sententia_currens=204
[4610] PONERE_PROPRIETAS    789fe374-bc7d-5fb3-b6a8-c98cacaa6bd7 (LibrumProgressus) sententia_currens=205
[4611] PONERE_PROPRIETAS    789fe374-bc7d-5fb3-b6a8-c98cacaa6bd7 (LibrumProgressus) sententia_currens=206
[4612] PONERE_PROPRIETAS    789fe374-bc7d-5fb3-b6a8-c98cacaa6bd7 (LibrumProgressus) sententia_currens=207
[4613] PONERE_PROPRIETAS    789fe374-bc7d-5fb3-b6a8-c98cacaa6bd7 (LibrumProgressus) sententia_currens=208
[4614] PONERE_PROPRIETAS    789fe374-bc7d-5fb3-b6a8-c98cacaa6bd7 (LibrumProgressus) sententia_currens=209
[4615] PONERE_PROPRIETAS    789fe374-bc7d-5fb3-b6a8-c98cacaa6bd7 (LibrumProgressus) sententia_currens=210
[4616] PONERE_PROPRIETAS    789fe374-bc7d-5fb3-b6a8-c98cacaa6bd7 (LibrumProgressus) sententia_currens=211
[4617] PONERE_PROPRIETAS    789fe374-bc7d-5fb3-b6a8-c98cacaa6bd7 (LibrumProgressus) sententia_currens=212
[4618] PONERE_PROPRIETAS    789fe374-bc7d-5fb3-b6a8-c98cacaa6bd7 (LibrumProgressus) sententia_currens=213
[4619] PONERE_PROPRIETAS    789fe374-bc7d-5fb3-b6a8-c98cacaa6bd7 (LibrumProgressus) sententia_currens=214
[4620] PONERE_PROPRIETAS    789fe374-bc7d-5fb3-b6a8-c98cacaa6bd7 (LibrumProgressus) sententia_currens=215
[4621] PONERE_PROPRIETAS    789fe374-bc7d-5fb3-b6a8-c98cacaa6bd7 (LibrumProgressus) sententia_currens=216
[4622] PONERE_PROPRIETAS    789fe374-bc7d-5fb3-b6a8-c98cacaa6bd7 (LibrumProgressus) sententia_currens=217
[4623] PONERE_PROPRIETAS    789fe374-bc7d-5fb3-b6a8-c98cacaa6bd7 (LibrumProgressus) sententia_currens=218
[4624] PONERE_PROPRIETAS    789fe374-bc7d-5fb3-b6a8-c98cacaa6bd7 (LibrumProgressus) sententia_currens=219
[4625] PONERE_PROPRIETAS    789fe374-bc7d-5fb3-b6a8-c98cacaa6bd7 (LibrumProgressus) sententia_currens=220
[4626] PONERE_PROPRIETAS    789fe374-bc7d-5fb3-b6a8-c98cacaa6bd7 (LibrumProgressus) sententia_currens=221
[4627] PONERE_PROPRIETAS    789fe374-bc7d-5fb3-b6a8-c98cacaa6bd7 (LibrumProgressus) sententia_currens=222
[4628] PONERE_PROPRIETAS    789fe374-bc7d-5fb3-b6a8-c98cacaa6bd7 (LibrumProgressus) sententia_currens=223
[4629] PONERE_PROPRIETAS    789fe374-bc7d-5fb3-b6a8-c98cacaa6bd7 (LibrumProgressus) sententia_currens=224
[4630] PONERE_PROPRIETAS    789fe374-bc7d-5fb3-b6a8-c98cacaa6bd7 (LibrumProgressus) sententia_currens=225
[4631] PONERE_PROPRIETAS    789fe374-bc7d-5fb3-b6a8-c98cacaa6bd7 (LibrumProgressus) sententia_currens=226
[4632] PONERE_PROPRIETAS    789fe374-bc7d-5fb3-b6a8-c98cacaa6bd7 (LibrumProgressus) sententia_currens=227
[4633] PONERE_PROPRIETAS    789fe374-bc7d-5fb3-b6a8-c98cacaa6bd7 (LibrumProgressus) sententia_currens=228
[4634] PONERE_PROPRIETAS    789fe374-bc7d-5fb3-b6a8-c98cacaa6bd7 (LibrumProgressus) sententia_currens=229
[4635] PONERE_PROPRIETAS    789fe374-bc7d-5fb3-b6a8-c98cacaa6bd7 (LibrumProgressus) sententia_currens=230
[4636] PONERE_PROPRIETAS    789fe374-bc7d-5fb3-b6a8-c98cacaa6bd7 (LibrumProgressus) sententia_currens=231
[4637] PONERE_PROPRIETAS    789fe374-bc7d-5fb3-b6a8-c98cacaa6bd7 (LibrumProgressus) sententia_currens=232
[4638] PONERE_PROPRIETAS    789fe374-bc7d-5fb3-b6a8-c98cacaa6bd7 (LibrumProgressus) sententia_currens=233
[4639] PONERE_PROPRIETAS    789fe374-bc7d-5fb3-b6a8-c98cacaa6bd7 (LibrumProgressus) sententia_currens=234
[4640] PONERE_PROPRIETAS    789fe374-bc7d-5fb3-b6a8-c98cacaa6bd7 (LibrumProgressus) sententia_currens=235
[4641] PONERE_PROPRIETAS    b86df97e-fe5f-5e8f-836d-33fcbb74d366 (LibroPagina) contentum=


	 	 	 #1

	 	 	 	 TODO
	 	 	 	
	 	 	 	
	 	 	 	
...
[4642] PONERE_PROPRIETAS    b86df97e-fe5f-5e8f-836d-33fcbb74d366 (LibroPagina) contentum=


	 	 	 #1

	 	 	 	 TODO
	 	 	 	
	 	 	 	
	 	 	 	 ...
[4643] PONERE_PROPRIETAS    a156f2ea-eaba-52b1-9e64-e6d64e9f1454 (SchirmaStatus) modus=navigator
[4644] PONERE_PROPRIETAS    a156f2ea-eaba-52b1-9e64-e6d64e9f1454 (SchirmaStatus) modus=pinacotheca
[4645] PONERE_PROPRIETAS    06860471-c2af-5f0c-86d8-75d8122fa023 (LibroPagina) contentum=

	 	 	 so claude suggests breaking up ui layers l...
[4646] PONERE_PROPRIETAS    7db4fcac-2368-53d9-8314-622161792849 (LibroPagina) contentum=


	 	 	 	 	 okie dokie. well i guess while i'm wa...
[4647] PONERE_PROPRIETAS    a156f2ea-eaba-52b1-9e64-e6d64e9f1454 (SchirmaStatus) modus=navigator
[4648] PONERE_PROPRIETAS    a156f2ea-eaba-52b1-9e64-e6d64e9f1454 (SchirmaStatus) modus=thema
[4649] CREARE_ENTITAS       019c721c-262f-755e-8896-c1e94e5f0395 (Vultus::Imago)
[4650] ADDERE_RELATIO       019c721c-262f-755e-8896-c1e94e5f0395 (Vultus::Imago) --[est]--> 41731d30-ea61-599b-88ac-c39b8c5c9468
[4651] PONERE_PROPRIETAS    019c721c-262f-755e-8896-c1e94e5f0395 (Vultus::Imago) titulus=imago_22
[4652] PONERE_PROPRIETAS    019c721c-262f-755e-8896-c1e94e5f0395 (Vultus::Imago) latitudo=424
[4653] PONERE_PROPRIETAS    019c721c-262f-755e-8896-c1e94e5f0395 (Vultus::Imago) altitudo=467
[4654] PONERE_PROPRIETAS    019c721c-262f-755e-8896-c1e94e5f0395 (Vultus::Imago) datum=‹      ÿc& fgeQ.;±2102002‚„b‚( ‘LÌLü,,@E ...
[4655] CREARE_ENTITAS       019e7554-78be-7462-9ff2-c9af7a5dcc29 (Vultus::Imago)
[4656] ADDERE_RELATIO       019e7554-78be-7462-9ff2-c9af7a5dcc29 (Vultus::Imago) --[est]--> 41731d30-ea61-599b-88ac-c39b8c5c9468
[4657] PONERE_PROPRIETAS    019e7554-78be-7462-9ff2-c9af7a5dcc29 (Vultus::Imago) titulus=imago_4
[4658] PONERE_PROPRIETAS    019e7554-78be-7462-9ff2-c9af7a5dcc29 (Vultus::Imago) latitudo=352
[4659] PONERE_PROPRIETAS    019e7554-78be-7462-9ff2-c9af7a5dcc29 (Vultus::Imago) altitudo=468
[4660] PONERE_PROPRIETAS    019e7554-78be-7462-9ff2-c9af7a5dcc29 (Vultus::Imago) datum=‹      ÿcaf!R1~.µ1Qn ÓÈˆRz±VÄÌDÌ,PâÉ†‰À...

â•â•â•â•â•â•â•â•â•â•â•â•â•â•â•â•â•â•â•â•â•â•â•â•â•â•â•â•â•â•â•â•â•â•â•â•â•â•â•
SUMMA PER GENUS
â•â•â•â•â•â•â•â•â•â•â•â•â•â•â•â•â•â•â•â•â•â•â•â•â•â•â•â•â•â•â•â•â•â•â•â•â•â•â•
  CREARE_ENTITAS       316
  DELERE_ENTITAS       29
  PONERE_PROPRIETAS    3800
  ADDERE_RELATIO       433
  DELERE_RELATIO       5
  ADDERE_NOTA          73
  DELERE_NOTA          5
â”€â”€â”€â”€â”€â”€â”€â”€â”€â”€â”€â”€â”€â”€â”€â”€â”€â”€â”€â”€â”€â”€â”€â”€â”€â”€â”€â”€â”€â”€â”€â”€â”€â”€â”€â”€â”€â”€â”€
  TOTALIS              4661
